ISO-10303-21;
HEADER;
FILE_DESCRIPTION (( 'STEP AP214' ),
    '1' );
FILE_NAME ('CONSMA002-SMD-G.STEP',
    '2024-04-10T15:08:34',
    ( '' ),
    ( '' ),
    'SwSTEP 2.0',
    'SolidWorks 2024',
    '' );
FILE_SCHEMA (( 'AUTOMOTIVE_DESIGN' ));
ENDSEC;

DATA;
#1 = CARTESIAN_POINT ( 'NONE',  ( 1.083914082544999991, -2.582521575934999980, -1.464330457698000076 ) ) ;
#2 = CARTESIAN_POINT ( 'NONE',  ( 2.789988563821000245, 0.000000000000000000, -4.107046876179000883 ) ) ;
#3 = CARTESIAN_POINT ( 'NONE',  ( -2.873935283412426767, 1.360744705815271294, -4.282518163813469059 ) ) ;
#4 = ORIENTED_EDGE ( 'NONE', *, *, #2282, .T. ) ;
#5 = CARTESIAN_POINT ( 'NONE',  ( -1.257615578464705175, -2.915359798881894449, -2.692313193550444073 ) ) ;
#6 = CARTESIAN_POINT ( 'NONE',  ( -2.768139447978999801, 0.3512507351845000070, -1.650724717069000036 ) ) ;
#7 = CARTESIAN_POINT ( 'NONE',  ( 2.769137926627494917, 1.560824276474973793, -2.411875692244641822 ) ) ;
#8 = CARTESIAN_POINT ( 'NONE',  ( 0.6231825505960999489, -2.742157970261000166, -3.545660692397982761 ) ) ;
#9 = ORIENTED_EDGE ( 'NONE', *, *, #1439, .T. ) ;
#10 = CARTESIAN_POINT ( 'NONE',  ( 0.6807798646093000672, -2.995600454385999978, -2.459982254812000058 ) ) ;
#11 = CARTESIAN_POINT ( 'NONE',  ( 2.864025954951238351, 1.375628720492271695, -1.713993349394011600 ) ) ;
#12 = CARTESIAN_POINT ( 'NONE',  ( -0.9602408923906836646, -2.308336204962033289, -1.800000000000000266 ) ) ;
#13 = EDGE_CURVE ( 'NONE', #2772, #3115, #3650, .T. ) ;
#14 = CARTESIAN_POINT ( 'NONE',  ( 1.236216021826999967, 2.945394473874999974, -2.332627367951999986 ) ) ;
#15 = VECTOR ( 'NONE', #4105, 1000.000000000000000 ) ;
#16 = CARTESIAN_POINT ( 'NONE',  ( -3.157465555999271256, 0.3856483479576495732, -4.157835696864745856 ) ) ;
#17 = CARTESIAN_POINT ( 'NONE',  ( 0.6231825505962000911, 2.742157970261000166, -3.366904280496000101 ) ) ;
#18 = CARTESIAN_POINT ( 'NONE',  ( 0.000000000000000000, -3.088386873591999926, -3.422817863385999804 ) ) ;
#19 = CARTESIAN_POINT ( 'NONE',  ( 0.000000000000000000, -4.799999999999999822, -7.599999999999999645 ) ) ;
#20 = CARTESIAN_POINT ( 'NONE',  ( -2.353059077759999784, -2.179228743622999787, -3.360652438517000018 ) ) ;
#21 = CARTESIAN_POINT ( 'NONE',  ( -2.670000000000000817, -0.3495021827118642843, -0.000000000000000000 ) ) ;
#22 = CARTESIAN_POINT ( 'NONE',  ( -1.394998557377999937, 2.416208377863999779, -3.330689527372999947 ) ) ;
#23 = CARTESIAN_POINT ( 'NONE',  ( 0.000000000000000000, 0.000000000000000000, 2.259920353756999845 ) ) ;
#24 = CARTESIAN_POINT ( 'NONE',  ( -2.099716101820148229, -2.390603720878501370, -4.048509804469023088 ) ) ;
#25 = CARTESIAN_POINT ( 'NONE',  ( 2.686369738734000201, -0.8313870651189000371, -2.205346357603000129 ) ) ;
#26 = CARTESIAN_POINT ( 'NONE',  ( -2.448316844033000095, -1.413536388964000023, -2.971911556054000592 ) ) ;
#27 = CARTESIAN_POINT ( 'NONE',  ( -0.6508234437558000351, -2.863784763902999853, -4.232118898642999838 ) ) ;
#28 = CARTESIAN_POINT ( 'NONE',  ( 2.063187188137999950, 1.910770905142000098, -3.486864396102995922 ) ) ;
#29 = CARTESIAN_POINT ( 'NONE',  ( -2.778486331853999847, -0.3525636569632999984, -1.089308269257839523 ) ) ;
#30 = CARTESIAN_POINT ( 'NONE',  ( 1.146678023026301396, 2.961636544187864040, -3.746808481250534228 ) ) ;
#31 = CARTESIAN_POINT ( 'NONE',  ( -2.686369738734000201, 0.8313870651189000371, -2.424530902763000650 ) ) ;
#32 = CARTESIAN_POINT ( 'NONE',  ( 0.6208618634615999943, 2.731946370599999785, -3.956872293928000328 ) ) ;
#33 = CARTESIAN_POINT ( 'NONE',  ( -0.3926831271403151691, -3.151370937674605521, -2.660350436678147634 ) ) ;
#34 = CARTESIAN_POINT ( 'NONE',  ( -1.394994281911000167, -2.416200972537000169, -1.520009839142000052 ) ) ;
#35 = CARTESIAN_POINT ( 'NONE',  ( 2.952191364767690729, 1.168567327101054154, -2.427743846486056789 ) ) ;
#36 = CARTESIAN_POINT ( 'NONE',  ( -2.448316844033000095, 1.413536388964000023, -3.807060184220982801 ) ) ;
#37 = EDGE_CURVE ( 'NONE', #3754, #3954, #4178, .T. ) ;
#38 = ORIENTED_EDGE ( 'NONE', *, *, #4454, .F. ) ;
#39 = CARTESIAN_POINT ( 'NONE',  ( -2.674601219188000201, 1.544181733873000173, -2.721381746635000098 ) ) ;
#40 = CARTESIAN_POINT ( 'NONE',  ( 3.214697847808270914E-16, 3.400000000036673242, -8.199999999975078779 ) ) ;
#41 = ORIENTED_EDGE ( 'NONE', *, *, #5622, .T. ) ;
#42 = CARTESIAN_POINT ( 'NONE',  ( 2.441490250885359092, -0.6248298277225444730, -1.800000000000000711 ) ) ;
#43 = CARTESIAN_POINT ( 'NONE',  ( 3.168894449455999851, 0.4021027574698999851, -2.450219960544000042 ) ) ;
#44 = CARTESIAN_POINT ( 'NONE',  ( -1.021097398801313005, -3.013594051314524069, -3.301077746129946977 ) ) ;
#45 = CARTESIAN_POINT ( 'NONE',  ( 2.063187188137999950, 1.910770905142000098, -2.726512704256999875 ) ) ;
#46 = CARTESIAN_POINT ( 'NONE',  ( 1.184103235959000022, 2.821231132837000111, -3.115714096570000091 ) ) ;
#47 = CARTESIAN_POINT ( 'NONE',  ( -1.596933849498999969, 2.765970563658000092, -2.857700078488000006 ) ) ;
#48 = CARTESIAN_POINT ( 'NONE',  ( -2.976346475354527232, -1.107655055558442569, -1.371861990976757761 ) ) ;
#49 = CARTESIAN_POINT ( 'NONE',  ( 1.079880973899999930, 2.572912336362000119, -3.435159834630999942 ) ) ;
#50 = CARTESIAN_POINT ( 'NONE',  ( 3.500000000000000000, -6.099999999999999645, -15.19999999999999929 ) ) ;
#51 = CARTESIAN_POINT ( 'NONE',  ( -3.499999997927210948, 2.872335074938021204, -8.200000000131380418 ) ) ;
#52 = CARTESIAN_POINT ( 'NONE',  ( -1.083914082544999991, 2.582521575934999980, -4.067368134760999787 ) ) ;
#53 = CARTESIAN_POINT ( 'NONE',  ( -2.063187188137999950, 1.910770905142000098, -3.115718455285000132 ) ) ;
#54 = EDGE_CURVE ( 'NONE', #4136, #4109, #3082, .T. ) ;
#55 = CARTESIAN_POINT ( 'NONE',  ( -2.674621489245000205, -1.544193436795999963, -2.129299344867999988 ) ) ;
#56 = CARTESIAN_POINT ( 'NONE',  ( -2.154693243804000069, 1.995517025035999703, -2.670074017715999837 ) ) ;
#57 = CARTESIAN_POINT ( 'NONE',  ( -2.686369738734000201, -0.8313870651189000371, -3.892070787156006073 ) ) ;
#58 = CARTESIAN_POINT ( 'NONE',  ( 2.244851576215390665, 2.245276465519503439, -3.791310166795319958 ) ) ;
#59 = CARTESIAN_POINT ( 'NONE',  ( 0.6231825505962000911, -2.742157970261000166, -2.894901273133000164 ) ) ;
#60 = CARTESIAN_POINT ( 'NONE',  ( 1.895705814547000093E-14, 2.816544961612000186, -3.930657987290000488 ) ) ;
#61 = B_SPLINE_CURVE_WITH_KNOTS ( 'NONE', 3,
 ( #1827, #5352, #2201, #1316, #1800, #5320, #3557, #1396, #852, #3963, #11, #1774, #1339, #3200, #4963, #3260, #2850, #1477, #3722, #5021, #1103, #152, #4610, #5461, #677, #592, #179, #4533, #1075, #4559, #5489, #1534, #647, #1048, #1935, #3287, #2424, #1906, #3230, #5381, #4077, #4103, #621, #2395, #1508, #99, #3663, #3613, #4160, #1018, #2315, #3695, #5432, #4993, #1962, #209, #5406, #2365, #1423, #4129, #3176, #4936, #989, #2744, #565, #4506, #2797, #127, #1880, #3637, #1450, #2771, #2339, #3834, #1221, #1131, #4213, #5543, #2995, #4725, #785, #4636 ),
 .UNSPECIFIED., .F., .F.,
 ( 4, 2, 2, 2, 2, 2, 2, 2, 2, 2, 2, 1, 1, 2, 2, 2, 2, 2, 2, 2, 2, 1, 2, 2, 2, 2, 2, 2, 2, 2, 2, 2, 2, 2, 1, 2, 2, 2, 2, 2, 2, 2, 4 ),
 ( 0.000000000000000000, 0.04669084972232653147, 0.05836356215290815913, 0.07003627458348979373, 0.09338169944465303518, 0.1167271243058162905, 0.1225634805211071043, 0.1283998367363979320, 0.1400725491669795320, 0.1867633988893059871, 0.1896815769969514842, 0.1925997551045969813, 0.1984361113198880033, 0.2101088237504700473, 0.2334542486116341631, 0.2567996734727983066, 0.2801450983339624501, 0.3034905231951265936, 0.3268359480562906816, 0.3735267977786188576, 0.3793631539939099073, 0.3851995102092010126, 0.3968722226397830566, 0.4202176475009471446, 0.4318903599315291886, 0.4348085380391746857, 0.4377267161468201828, 0.4435630723621111215, 0.4669084972232750430, 0.4902539220844390200, 0.5019266345150209530, 0.5135993469456029414, 0.5602901966679306733, 0.6069810463902584052, 0.6186537588208405047, 0.6244901150361313880, 0.6303264712514223822, 0.6536718961125863592, 0.6770173209737504472, 0.6828536771890415524, 0.6886900334043325467, 0.7003627458349146462, 0.7470535955572427111 ),
 .UNSPECIFIED. ) ;
#62 = CARTESIAN_POINT ( 'NONE',  ( -2.257292828274369167, -2.232780058569392878, -2.733618763790890860 ) ) ;
#63 = EDGE_CURVE ( 'NONE', #297, #5695, #421, .T. ) ;
#64 = CARTESIAN_POINT ( 'NONE',  ( -2.859739709459331536, 1.381028584884854027, -2.872366303187945835 ) ) ;
#65 = CARTESIAN_POINT ( 'NONE',  ( 2.244846436035695891, 2.245281604715265278, -2.380198795993140326 ) ) ;
#66 = CARTESIAN_POINT ( 'NONE',  ( -2.063187188137999950, 1.910770905142000098, -3.833274490858813444 ) ) ;
#67 = ORIENTED_EDGE ( 'NONE', *, *, #4868, .F. ) ;
#68 = CARTESIAN_POINT ( 'NONE',  ( 2.253876160782000149, 2.087372884330000122, -2.930352625183000104 ) ) ;
#69 = CARTESIAN_POINT ( 'NONE',  ( 2.669999999999999929, 0.000000000000000000, -5.599999999999998757 ) ) ;
#70 = EDGE_LOOP ( 'NONE', ( #2686, #4127, #67, #590, #4165, #814, #2715, #2902 ) ) ;
#71 = CARTESIAN_POINT ( 'NONE',  ( -1.532993250556558218, -2.780360412512925983, -1.291531227331528253 ) ) ;
#72 = CARTESIAN_POINT ( 'NONE',  ( 1.596953376101000188, -2.766004384726000076, -1.875379282916000090 ) ) ;
#73 = CARTESIAN_POINT ( 'NONE',  ( -2.610334921144441989, 1.817742479726879967, -4.213935285374247108 ) ) ;
#74 = CARTESIAN_POINT ( 'NONE',  ( 0.000000000000000000, -2.827072777928000047, -2.987912196079999916 ) ) ;
#75 = CARTESIAN_POINT ( 'NONE',  ( -2.674621489245000205, 1.544193436795999963, -3.658003048571000004 ) ) ;
#76 = CARTESIAN_POINT ( 'NONE',  ( -1.932654795978000051, 2.543260618536000273, -2.844577793153999945 ) ) ;
#77 = CARTESIAN_POINT ( 'NONE',  ( 2.135110469203141736, -1.640839742333023210, 0.000000000000000000 ) ) ;
#78 = CARTESIAN_POINT ( 'NONE',  ( -1.079880973899999930, 2.572912336362000119, -3.343811812708000097 ) ) ;
#79 = FACE_OUTER_BOUND ( 'NONE', #2881, .T. ) ;
#80 = CARTESIAN_POINT ( 'NONE',  ( 3.499999999868180556, 2.872335074938021204, -8.200000002072350469 ) ) ;
#81 = CARTESIAN_POINT ( 'NONE',  ( 2.448316844033000095, -1.413536388964000023, -4.348227330908000177 ) ) ;
#82 = CARTESIAN_POINT ( 'NONE',  ( 0.6231825505962000911, -2.742157970261000166, -2.828104656823999807 ) ) ;
#83 = CARTESIAN_POINT ( 'NONE',  ( -3.059267356074999888, 0.000000000000000000, -2.188095641163999794 ) ) ;
#84 = CARTESIAN_POINT ( 'NONE',  ( 0.6508218154640000863, 2.863777599015000064, -2.787666610309000426 ) ) ;
#85 = EDGE_CURVE ( 'NONE', #3312, #987, #5418, .T. ) ;
#86 = AXIS2_PLACEMENT_3D ( 'NONE', #1982, #2036, #5564 ) ;
#87 = CARTESIAN_POINT ( 'NONE',  ( 1.149080830486999943E-14, 2.827072777928000047, -4.101041665703005101 ) ) ;
#88 = CARTESIAN_POINT ( 'NONE',  ( 1.381495224664230248, 2.859512632506878038, -3.755020910432519177 ) ) ;
#89 = CARTESIAN_POINT ( 'NONE',  ( 1.694572249308000211, -2.229957918970999931, -2.849196998140000048 ) ) ;
#90 = AXIS2_PLACEMENT_3D ( 'NONE', #4378, #427, #4510 ) ;
#91 = CARTESIAN_POINT ( 'NONE',  ( 2.901724448471000084, 0.3682014092795999893, -1.899726751115000001 ) ) ;
#92 = CARTESIAN_POINT ( 'NONE',  ( -2.969890622914779232, -1.123275976604065418, -2.782297070556419616 ) ) ;
#93 = AXIS2_PLACEMENT_3D ( 'NONE', #2240, #1807, #4407 ) ;
#94 = CARTESIAN_POINT ( 'NONE',  ( -2.244856103282368398, 2.245271939391913829, -2.911459351213074864 ) ) ;
#95 = CARTESIAN_POINT ( 'NONE',  ( -1.933821316937965662, 2.520268498666306201, -2.219703703448259624 ) ) ;
#96 = CARTESIAN_POINT ( 'NONE',  ( -2.063187188137999950, -1.910770905142000098, -4.368808840546813954 ) ) ;
#97 = EDGE_LOOP ( 'NONE', ( #3927, #1475, #536, #1532 ) ) ;
#98 = CARTESIAN_POINT ( 'NONE',  ( 2.253876160782000149, 2.087372884330000122, -3.635908180737999817 ) ) ;
#99 = CARTESIAN_POINT ( 'NONE',  ( -0.7542166717975274937, 3.084382513975248319, -1.559569348584125992 ) ) ;
#100 = CARTESIAN_POINT ( 'NONE',  ( -2.049999999999999378, -6.099999999999999645, -8.199999999999999289 ) ) ;
#101 = B_SPLINE_CURVE_WITH_KNOTS ( 'NONE', 3,
 ( #1360, #1388, #1794, #1821, #2681, #5314, #1417, #92, #3986, #4930, #1310, #3083, #983, #956, #3141, #3169, #4369, #417, #3522, #3955, #3056, #3111, #62, #2225, #2711, #4873, #3606, #928, #4445, #4420, #5285, #4472, #2169, #3928, #5696, #4843, #503, #5, #529, #3493, #3577, #1738, #2652, #5257, #2625, #899, #33, #4394, #445, #1333, #2194, #474, #3550, #2253, #4012, #5345, #1981, #4071, #5400, #1928, #146, #5482, #171, #670, #2843, #586, #5425, #2791, #4552, #2738, #3253, #1873, #5068, #5040, #5014, #2417, #1042, #1095, #4603, #1471, #2359, #3688, #4498, #4180, #558, #2333, #4097, #3278, #3194, #228, #3743, #1444, #5507, #1553 ),
 .UNSPECIFIED., .F., .F.,
 ( 4, 2, 2, 1, 1, 1, 1, 1, 2, 2, 2, 2, 2, 2, 1, 1, 1, 1, 2, 2, 2, 2, 1, 1, 1, 1, 2, 2, 2, 2, 2, 1, 1, 1, 2, 2, 2, 2, 2, 1, 1, 1, 1, 1, 2, 2, 2, 2, 2, 1, 1, 1, 2, 2, 2, 1, 1, 2, 2, 4 ),
 ( 0.000000000000000000, 0.06249999999995484168, 0.09374999999993223476, 0.1093749999999209244, 0.1171874999999152345, 0.1210937499999123756, 0.1230468749999109462, 0.1240234374999101830, 0.1245117187499097389, 0.1249999999999093087, 0.1562499999998830102, 0.1874999999998566980, 0.2187499999998304134, 0.2343749999998172573, 0.2421874999998104849, 0.2460937499998071265, 0.2480468749998059053, 0.2490234374998045730, 0.2495117187498039069, 0.2499999999998032130, 0.3124999999997129518, 0.3437499999996677658, 0.3593749999996451172, 0.3671874999996338484, 0.3710937499996282418, 0.3730468749996253552, 0.3740234374996239120, 0.3749999999996224131, 0.4374999999995342059, 0.4687499999994900746, 0.4843749999994679811, 0.4921874999994569899, 0.4960937499994514388, 0.4980468749994486632, 0.4990234374994473310, 0.4999999999994459432, 0.6249999999992692512, 0.6874999999991807664, 0.7187499999991364685, 0.7343749999991145971, 0.7421874999991036059, 0.7460937499990979438, 0.7480468749990952793, 0.7490234374990938360, 0.7495117187490931698, 0.7499999999990925037, 0.7812499999992046362, 0.7968749999992605915, 0.8046874999992885691, 0.8085937499993025579, 0.8105468749993095523, 0.8115234374993131050, 0.8120117187493147703, 0.8124999999993165467, 0.8437499999994312327, 0.8593749999994885203, 0.8671874999995171640, 0.8710937499995314859, 0.8749999999995456967, 1.000000000000000000 ),
 .UNSPECIFIED. ) ;
#102 = CARTESIAN_POINT ( 'NONE',  ( 2.792332490039000081, -1.612153914791000009, -1.816582986620000062 ) ) ;
#103 = CARTESIAN_POINT ( 'NONE',  ( 0.000000000000000000, 0.000000000000000000, -1.800000000000000266 ) ) ;
#104 = CARTESIAN_POINT ( 'NONE',  ( -2.063187188137999950, -1.910770905142000098, -3.079290482035000220 ) ) ;
#105 = CARTESIAN_POINT ( 'NONE',  ( 2.253893242280999853, -2.087388703947000046, -3.331439577430999943 ) ) ;
#106 = CARTESIAN_POINT ( 'NONE',  ( 0.7107379137545000169, -3.127423309756999892, -2.537504290369000159 ) ) ;
#107 = CARTESIAN_POINT ( 'NONE',  ( 0.000000000000000000, -7.349999999999999645, -11.06000000000000050 ) ) ;
#108 = CARTESIAN_POINT ( 'NONE',  ( 2.439206963470999856, 1.408276796968999989, -3.507078416261999898 ) ) ;
#109 = CARTESIAN_POINT ( 'NONE',  ( -2.391307098896337191, -2.098908657965103952, -2.652234034264585372 ) ) ;
#110 = CARTESIAN_POINT ( 'NONE',  ( 1.400208558182000296, 2.425232363965000193, -4.171838442019000226 ) ) ;
#111 = CARTESIAN_POINT ( 'NONE',  ( 2.778486331853999847, -0.3525636569632999984, -2.691052359907999847 ) ) ;
#112 = CARTESIAN_POINT ( 'NONE',  ( -1.851206213005000212, 2.436079049462000157, -1.587010392865999986 ) ) ;
#113 = CARTESIAN_POINT ( 'NONE',  ( 2.333009656905868923, 1.344662677590301447, 0.000000000000000000 ) ) ;
#114 = CARTESIAN_POINT ( 'NONE',  ( -2.901717188661999902, 0.3682004880784000012, -2.598185700116999897 ) ) ;
#115 = CARTESIAN_POINT ( 'NONE',  ( -1.259047450927250233, -2.184465970885643760, 0.000000000000000000 ) ) ;
#116 = CARTESIAN_POINT ( 'NONE',  ( -2.506347119342876351, 1.949440969712245675, -3.602592947249890543 ) ) ;
#117 = ADVANCED_FACE ( 'NONE', ( #3491 ), #4419, .T. ) ;
#118 = CARTESIAN_POINT ( 'NONE',  ( -2.778486331853999847, 0.3525636569632000228, -3.110626753994000016 ) ) ;
#119 = CARTESIAN_POINT ( 'NONE',  ( -1.031121188725000026, 2.728652045548999983, -0.9893249756162000308 ) ) ;
#120 = EDGE_CURVE ( 'NONE', #5226, #2777, #2465, .T. ) ;
#121 = DIRECTION ( 'NONE',  ( 1.000000000000000000, 0.000000000000000000, 0.000000000000000000 ) ) ;
#122 = CARTESIAN_POINT ( 'NONE',  ( -2.632969101342304441, 1.774291014938865763, -2.889119065593107827 ) ) ;
#123 = CARTESIAN_POINT ( 'NONE',  ( 3.101197682605920658, 0.6884728815857972251, -2.445828584277169426 ) ) ;
#124 = CARTESIAN_POINT ( 'NONE',  ( 2.778486331853999847, -0.3525636569631999673, -4.114163951037813405 ) ) ;
#125 = VERTEX_POINT ( 'NONE', #3245 ) ;
#126 = CARTESIAN_POINT ( 'NONE',  ( 1.529622085458000047, -2.649383168392999810, -3.838511376265000052 ) ) ;
#127 = CARTESIAN_POINT ( 'NONE',  ( -2.778625064591455196, 1.536434148393685861, -1.467730163467613202 ) ) ;
#128 = CARTESIAN_POINT ( 'NONE',  ( 2.821271723118219388, -1.048503655897408127, -1.194485955728175952 ) ) ;
#129 = CARTESIAN_POINT ( 'NONE',  ( -1.596953376101000188, -2.766004384726000076, -1.287416319952999988 ) ) ;
#130 = CARTESIAN_POINT ( 'NONE',  ( 1.406381627288003866, -2.854058101276600201, -3.211111262560657931 ) ) ;
#131 = CARTESIAN_POINT ( 'NONE',  ( -1.851206213005000212, 2.436079049462000157, -2.998121503978000035 ) ) ;
#132 = CARTESIAN_POINT ( 'NONE',  ( -1.932654795978000051, 2.543260618536000273, -3.550133348709000103 ) ) ;
#133 = CARTESIAN_POINT ( 'NONE',  ( -3.175000000000001155, 5.628812434897550442E-16, -2.734027775850948139 ) ) ;
#134 = CARTESIAN_POINT ( 'NONE',  ( 0.000000000000000000, -2.816553593939000066, -4.447819157002999901 ) ) ;
#135 = CARTESIAN_POINT ( 'NONE',  ( 1.406380764784969983, -2.854058528857389643, -2.505555738772401675 ) ) ;
#136 = CARTESIAN_POINT ( 'NONE',  ( -2.314004155198386314, 1.571273774043818072, -1.071016124140911296 ) ) ;
#137 = CARTESIAN_POINT ( 'NONE',  ( 2.686369738734000201, -0.8313870651189000371, -4.322013024270000336 ) ) ;
#138 = CARTESIAN_POINT ( 'NONE',  ( 0.000000000000000000, 2.827072777928000047, -2.501541185684000190 ) ) ;
#139 = CARTESIAN_POINT ( 'NONE',  ( -2.934678266330999818, 0.9082344532599999631, -1.515122075267000046 ) ) ;
#140 = CARTESIAN_POINT ( 'NONE',  ( 0.000000000000000000, -7.400000000000000355, -7.599999999999999645 ) ) ;
#141 = CARTESIAN_POINT ( 'NONE',  ( 2.805515059268000044, -0.8682605739783999521, -2.970423182218000058 ) ) ;
#142 = CARTESIAN_POINT ( 'NONE',  ( 1.536366799937286975, -1.999167105995450777, 0.000000000000000000 ) ) ;
#143 = CARTESIAN_POINT ( 'NONE',  ( -2.242666101482953422, 2.247459986807419430, -3.617116550154455545 ) ) ;
#144 = CARTESIAN_POINT ( 'NONE',  ( -2.448316844033000095, -1.413536388964000023, -3.038708172363000060 ) ) ;
#145 = CARTESIAN_POINT ( 'NONE',  ( -0.6508234437558000351, 2.863784763902999853, -1.710245840922999916 ) ) ;
#146 = CARTESIAN_POINT ( 'NONE',  ( 1.933468357780298685, -2.520539201627949755, -2.572497907980212162 ) ) ;
#147 = CARTESIAN_POINT ( 'NONE',  ( -2.212574414935581935, 2.277154931495278589, -2.912953638764974595 ) ) ;
#148 = CARTESIAN_POINT ( 'NONE',  ( 0.2074465573424541798, 3.175056802735775729, -3.623648311005695621 ) ) ;
#149 = CARTESIAN_POINT ( 'NONE',  ( 2.778486331853999847, -0.3525636569632999984, -2.703052839926813444 ) ) ;
#150 = VERTEX_POINT ( 'NONE', #3625 ) ;
#151 = CARTESIAN_POINT ( 'NONE',  ( -2.674601219188000201, -1.544181733873000173, -4.014900265154000003 ) ) ;
#152 = CARTESIAN_POINT ( 'NONE',  ( 2.207885121766803849, 2.281668038003449528, -1.672796944454577384 ) ) ;
#153 = ORIENTED_EDGE ( 'NONE', *, *, #5141, .T. ) ;
#154 = CARTESIAN_POINT ( 'NONE',  ( 2.691176040873769715, 1.471444662728267128, -4.375145543466387288 ) ) ;
#155 = CARTESIAN_POINT ( 'NONE',  ( -2.792332490039000081, 1.612153914791000009, -2.874916319952999899 ) ) ;
#156 = CARTESIAN_POINT ( 'NONE',  ( 0.000000000000000000, 0.000000000000000000, -2.000000000000000000 ) ) ;
#157 = CARTESIAN_POINT ( 'NONE',  ( -1.079877664222000044, 2.572904450759999850, -3.179428420773000585 ) ) ;
#158 = ORIENTED_EDGE ( 'NONE', *, *, #3043, .T. ) ;
#159 = CARTESIAN_POINT ( 'NONE',  ( 1.932654795978000051, 2.543260618536000273, -3.693970511971000459 ) ) ;
#160 = CARTESIAN_POINT ( 'NONE',  ( -2.518509191912159828, -1.934612648613047492, -1.336897787403505511 ) ) ;
#161 = DIRECTION ( 'NONE',  ( -1.000000000000000000, 0.000000000000000000, 0.000000000000000000 ) ) ;
#162 = CARTESIAN_POINT ( 'NONE',  ( -0.2074473569672881101, -3.175056747107444455, -2.565315007833552041 ) ) ;
#163 = CARTESIAN_POINT ( 'NONE',  ( 0.6231825505960999489, -2.742157970261000166, -3.734050061306999790 ) ) ;
#164 = CARTESIAN_POINT ( 'NONE',  ( 0.6807850240499999650, -2.995623157207000453, -1.985492445637000225 ) ) ;
#165 = CARTESIAN_POINT ( 'NONE',  ( -2.135110469203141292, 1.640839742333022988, 0.000000000000000000 ) ) ;
#166 = CARTESIAN_POINT ( 'NONE',  ( 2.924620642837000073, 0.000000000000000000, -4.348952303671000053 ) ) ;
#167 = CARTESIAN_POINT ( 'NONE',  ( 1.400208558182000296, -2.425232363965000193, -3.689467591629005394 ) ) ;
#168 = CARTESIAN_POINT ( 'NONE',  ( -2.240366813691639702, 2.249752025257522714, -3.617223393565039302 ) ) ;
#169 = CARTESIAN_POINT ( 'NONE',  ( 2.778486331853999847, -0.3525636569632000228, -4.168960087328000164 ) ) ;
#170 = CARTESIAN_POINT ( 'NONE',  ( -0.9487186314922999575, 2.759784976240999832, -0.9926426325013000262 ) ) ;
#171 = CARTESIAN_POINT ( 'NONE',  ( 2.112970245711025097, -2.370802562624898524, -2.564697060443859478 ) ) ;
#172 = CARTESIAN_POINT ( 'NONE',  ( -2.571172946518278657, 1.862844730678313576, -2.893075457253057259 ) ) ;
#173 = CARTESIAN_POINT ( 'NONE',  ( -1.588804444502504021, 2.756755554625571314, -3.557300623017017216 ) ) ;
#174 = CARTESIAN_POINT ( 'NONE',  ( 2.778486331853999847, -0.3525636569632999984, -3.408608395481813602 ) ) ;
#175 = VECTOR ( 'NONE', #3160, 1000.000000000000000 ) ;
#176 = B_SPLINE_CURVE_WITH_KNOTS ( 'NONE', 3,
 ( #1596, #5174, #2577, #2908, #270, #3907, #5677, #3813, #3321, #395, #1139, #3407, #2883, #2939, #2973, #3005, #4247, #4767 ),
 .UNSPECIFIED., .F., .F.,
 ( 4, 2, 2, 2, 2, 2, 2, 2, 4 ),
 ( 0.000000000000000000, 0.1250000000000000278, 0.2500000000000000555, 0.3750000000000001110, 0.5000000000000001110, 0.6250000000000001110, 0.7500000000000002220, 0.8750000000000001110, 1.000000000000000000 ),
 .UNSPECIFIED. ) ;
#177 = ORIENTED_EDGE ( 'NONE', *, *, #1554, .T. ) ;
#178 = CARTESIAN_POINT ( 'NONE',  ( 1.851192183335000241, -2.436060587237999897, -3.825389090929999902 ) ) ;
#179 = CARTESIAN_POINT ( 'NONE',  ( 1.862820866908128314, 2.573389817213179942, -1.657143835596269321 ) ) ;
#180 = ORIENTED_EDGE ( 'NONE', *, *, #5329, .T. ) ;
#181 = CARTESIAN_POINT ( 'NONE',  ( -3.500000000000000000, -7.400000000000000355, -8.199999999999999289 ) ) ;
#182 = CARTESIAN_POINT ( 'NONE',  ( 1.932678427628000017, 2.543291716405000180, -3.064427494177000000 ) ) ;
#183 = CARTESIAN_POINT ( 'NONE',  ( -1.104063551922359165, 2.983104483853820099, -4.280629382076340583 ) ) ;
#184 = ADVANCED_FACE ( 'NONE', ( #3520 ), #4842, .F. ) ;
#185 = CARTESIAN_POINT ( 'NONE',  ( -2.789988563821000245, 0.000000000000000000, -3.048713542845999935 ) ) ;
#186 = ORIENTED_EDGE ( 'NONE', *, *, #54, .F. ) ;
#187 = CARTESIAN_POINT ( 'NONE',  ( 0.7107379137545000169, 3.127423309756999892, -3.648266236977999899 ) ) ;
#188 = EDGE_CURVE ( 'NONE', #2173, #724, #1332, .T. ) ;
#189 = CARTESIAN_POINT ( 'NONE',  ( 2.535946822564759007, 1.468199533087897191, -1.145496293501060636 ) ) ;
#190 = CARTESIAN_POINT ( 'NONE',  ( -1.935305827722791250, 2.525587475780523228, -2.132400351607150135 ) ) ;
#191 = CARTESIAN_POINT ( 'NONE',  ( -2.952670036626439565, -1.167361930837129691, -2.075013684401667113 ) ) ;
#192 = CARTESIAN_POINT ( 'NONE',  ( -2.778486331853999847, 0.3525636569632999984, -1.766312259191999967 ) ) ;
#193 = CARTESIAN_POINT ( 'NONE',  ( -1.184103235959000022, 2.821231132837000111, -2.318810519091000000 ) ) ;
#194 = CARTESIAN_POINT ( 'NONE',  ( -1.688266958050000044, 2.221660524640999945, -1.200900575372000123 ) ) ;
#195 = B_SPLINE_CURVE_WITH_KNOTS ( 'NONE', 3,
 ( #1176, #2924, #720, #1528 ),
 .UNSPECIFIED., .F., .F.,
 ( 4, 4 ),
 ( 1.301772136870996491E-15, 0.003539552269972880486 ),
 .UNSPECIFIED. ) ;
#196 = CARTESIAN_POINT ( 'NONE',  ( 1.694572249308000211, 2.229957918970999931, -1.362738505130999922 ) ) ;
#197 = VECTOR ( 'NONE', #1658, 1000.000000000000000 ) ;
#198 = CARTESIAN_POINT ( 'NONE',  ( -2.063187188137999950, -1.910770905142000098, -4.423604976836999825 ) ) ;
#199 = CARTESIAN_POINT ( 'NONE',  ( 2.805522078389000029, 0.8682627462805000418, -1.174711491235000071 ) ) ;
#200 = CARTESIAN_POINT ( 'NONE',  ( 2.923265205588677418, -1.239078000305018357, -3.219352484706643036 ) ) ;
#201 = AXIS2_PLACEMENT_3D ( 'NONE', #1343, #5384, #568 ) ;
#202 = CARTESIAN_POINT ( 'NONE',  ( 3.154419143714827012, -0.4163653239989115740, -3.806100438648815754 ) ) ;
#203 = CARTESIAN_POINT ( 'NONE',  ( -3.011900269649892881, 1.025734043155169584, -1.358937967580754913 ) ) ;
#204 = CARTESIAN_POINT ( 'NONE',  ( -3.012073264212451029, 1.025251112640595652, -3.475585825783075844 ) ) ;
#205 = CARTESIAN_POINT ( 'NONE',  ( -0.6231825505960999489, -2.742157970261000166, -2.892533750118813529 ) ) ;
#206 = CARTESIAN_POINT ( 'NONE',  ( -1.694572249308000211, -2.229957918970999931, -4.470941888822000720 ) ) ;
#207 = ORIENTED_EDGE ( 'NONE', *, *, #1036, .T. ) ;
#208 = CARTESIAN_POINT ( 'NONE',  ( 2.253876160782000149, -2.087372884330000122, -3.805929386606000442 ) ) ;
#209 = CARTESIAN_POINT ( 'NONE',  ( -1.390416667031042275, 2.856575590396817521, -1.536102337409343876 ) ) ;
#210 = VERTEX_POINT ( 'NONE', #3069 ) ;
#211 = CARTESIAN_POINT ( 'NONE',  ( -3.063834454273000052, -0.9482061602394000754, -3.489093589553999841 ) ) ;
#212 = CARTESIAN_POINT ( 'NONE',  ( 0.8212716823786171405, -3.073930088186485499, -1.821671849025003675 ) ) ;
#213 = ADVANCED_FACE ( 'NONE', ( #2639 ), #3536, .T. ) ;
#214 = EDGE_LOOP ( 'NONE', ( #5670, #262 ) ) ;
#215 = CARTESIAN_POINT ( 'NONE',  ( 1.932654795978000051, -2.543260618536000273, -4.608466682042999807 ) ) ;
#216 = CARTESIAN_POINT ( 'NONE',  ( 3.174999999999923439, 6.998964540124661165E-07, -3.086805530712213752 ) ) ;
#217 = CARTESIAN_POINT ( 'NONE',  ( -1.792639096910999985, -2.130731195345000106, -4.525290760368999798 ) ) ;
#218 = CARTESIAN_POINT ( 'NONE',  ( -0.5985767570647828606, -3.121087278557018951, -1.962421565452572958 ) ) ;
#219 = CARTESIAN_POINT ( 'NONE',  ( 0.000000000000000000, 2.827072777928000047, -1.929578862747000079 ) ) ;
#220 = CARTESIAN_POINT ( 'NONE',  ( -0.3999999999999999667, 0.05104279172844476686, -2.799999999999999378 ) ) ;
#221 = CARTESIAN_POINT ( 'NONE',  ( -1.879137895968000072, -2.233543685504999932, -4.602812795925999900 ) ) ;
#222 = CARTESIAN_POINT ( 'NONE',  ( 1.083914082544999991, 2.582521575934999980, -1.336493934461999933 ) ) ;
#223 = EDGE_CURVE ( 'NONE', #3961, #3702, #4917, .T. ) ;
#224 = CARTESIAN_POINT ( 'NONE',  ( -2.063187188137999950, -1.910770905142000098, -3.718049421281000466 ) ) ;
#225 = CARTESIAN_POINT ( 'NONE',  ( 2.154698634633000154, 1.995522017622999744, -2.533393989070999996 ) ) ;
#226 = CARTESIAN_POINT ( 'NONE',  ( 0.000000000000000000, -6.099999999999999645, -13.75000000000000000 ) ) ;
#227 = CARTESIAN_POINT ( 'NONE',  ( 2.800417116365000236, 0.000000000000000000, -2.160763887925836180 ) ) ;
#228 = CARTESIAN_POINT ( 'NONE',  ( 2.923269230503703575, -1.239068503469597626, -2.513796550026067944 ) ) ;
#229 = CARTESIAN_POINT ( 'NONE',  ( 0.000000000000000000, 0.000000000000000000, 2.259920353756999845 ) ) ;
#230 = FACE_BOUND ( 'NONE', #3371, .T. ) ;
#231 = CARTESIAN_POINT ( 'NONE',  ( -2.448316844033000095, 1.413536388964000023, -2.395949073109823857 ) ) ;
#232 = CARTESIAN_POINT ( 'NONE',  ( 2.448316844033000095, 1.413536388964000023, -4.163838122006000120 ) ) ;
#233 = B_SPLINE_CURVE_WITH_KNOTS ( 'NONE', 3,
 ( #2285, #3634, #1393, #5288, #2741, #1824, #3554, #1336, #2714, #532, #96, #3580, #3609, #3172, #4448, #4015, #4933, #4502, #1313, #1770, #562, #3086, #2655, #124, #5378, #1420, #4846, #2228, #506, #3989, #2256, #2312, #1363, #902, #4877, #3114, #1797, #1877, #66, #36, #4475, #5349, #3059, #4821, #3145, #876, #3959, #5317, #2628, #448, #4044, #2197, #8, #4905, #959, #5403, #5072, #2794, #4555, #174, #2010, #642, #1932, #1070, #3718, #5457, #2820, #4530, #2873, #5510, #4632, #3691, #1530, #1045, #1557, #589, #2846, #3226, #4579, #3282, #2336, #2445, #3197, #1447, #4155, #617, #205, #4959, #1958, #2768, #2420, #1504, #1015, #5485, #4100, #149, #1984, #5044, #3310, #3256, #3746, #1127, #1903, #2362, #698, #2391, #3660, #4209, #5428, #4990, #4126, #231, #1474, #257, #5017, #1098, #4606, #673, #4183, #1612, #1178, #722, #780, #2897, #5664, #345, #3862, #1585, #2926, #811, #3021, #1279, #4688, #839, #4784, #3458, #1706, #3335, #2990, #3893, #5160, #2069, #4296, #4753, #3428, #2474, #1215, #5597, #2562, #2959, #2100, #2133, #287, #1643, #5222, #5633, #3361, #2533, #5099, #1676, #412, #2594, #4364, #3774, #4235, #5539, #5193, #2038, #4720, #4657, #3801, #1247, #5566, #5125, #1152, #751, #4331, #2504, #382, #4263, #314 ),
 .UNSPECIFIED., .F., .F.,
 ( 4, 1, 1, 1, 1, 1, 1, 1, 1, 1, 1, 1, 1, 1, 1, 1, 1, 1, 1, 1, 1, 1, 1, 1, 1, 1, 1, 1, 1, 1, 1, 1, 1, 1, 1, 1, 1, 1, 1, 1, 1, 1, 1, 1, 1, 1, 1, 1, 1, 1, 1, 1, 1, 1, 1, 1, 1, 1, 1, 1, 1, 1, 1, 1, 1, 1, 1, 1, 1, 1, 1, 1, 1, 1, 1, 1, 1, 1, 1, 1, 1, 1, 1, 1, 1, 1, 1, 1, 1, 1, 1, 1, 1, 1, 1, 1, 1, 1, 1, 1, 1, 1, 1, 1, 1, 1, 1, 1, 1, 1, 1, 1, 1, 1, 1, 1, 1, 1, 1, 1, 1, 1, 1, 1, 1, 1, 1, 1, 1, 1, 1, 1, 1, 1, 1, 1, 1, 1, 1, 1, 1, 1, 1, 1, 1, 1, 1, 1, 1, 1, 1, 1, 1, 1, 1, 1, 1, 1, 1, 1, 1, 1, 1, 1, 1, 1, 1, 1, 1, 1, 1, 1, 1, 1, 1, 1, 1, 1, 4 ),
 ( 2.168404344971008868E-19, 8.743784239088946705E-08, 0.0003836480352555163851, 0.001120773707514870514, 0.001489336543639989321, 0.001857899379774224534, 0.002226462215899342907, 0.002595025052033568362, 0.003332150724292922382, 0.004069276396552265994, 0.004437839232686500990, 0.004806402068820736853, 0.005174964904945855010, 0.005543527741080080465, 0.006280653413339434485, 0.007017779085598788505, 0.007386341921733013960, 0.007754904757858132984, 0.008123467593992367980, 0.008492030430126602109, 0.009229156102385947455, 0.009966281774645301475, 0.01033484461077952693, 0.01070340744690464509, 0.01107197028303888095, 0.01144053311916399911, 0.01217765879143245869, 0.01291478446369181271, 0.01328334729981693087, 0.01365191013595116673, 0.01402047297208539219, 0.01438903580821051208, 0.01512616148046986436, 0.01586328715273832568, 0.01623184998886344557, 0.01660041282499767970, 0.01696897566112279959, 0.01733753849725702331, 0.01807466416951637733, 0.01881178984177573135, 0.01918035267790995507, 0.01954891551403507843, 0.01991747835016930909, 0.02028604118630354322, 0.02102316685856289030, 0.02176029253082224432, 0.02212885536695646804, 0.02249741820308158793, 0.02286598103921582206, 0.02323454387534094195, 0.02397166954760939980, 0.02470879521986875382, 0.02507735805599387718, 0.02544592089212810784, 0.02581448372826233503, 0.02618304656438745492, 0.02692017223664680894, 0.02765729790891527026, 0.02802586074504038668, 0.02839442358117462081, 0.02876298641729974070, 0.02913154925343396442, 0.02986867492569331844, 0.03060580059795267593, 0.03097436343408689965, 0.03134292627022113725, 0.03171148910634625367, 0.03208005194248048780, 0.03281717761473983141, 0.03355430328699918890, 0.03392286612313340916, 0.03429142895925853252, 0.03465999179539276664, 0.03502855463151789001, 0.03576568030378634439, 0.03650280597604569494, 0.03687136881217081830, 0.03723993164830505243, 0.03760849448443927961, 0.03797705732056439604, 0.03871418299282375353, 0.03945130866509221484, 0.03981987150121733127, 0.04018843433735156540, 0.04055699717347668182, 0.04092556000961090901, 0.04166268568187025956, 0.04239981135412961705, 0.04276837419026384424, 0.04313693702639807837, 0.04350549986252320173, 0.04387406269865742892, 0.04461118837091677947, 0.04534831404317613002, 0.04571687687931035721, 0.04608543971543547363, 0.04645400255156970776, 0.04682256538770394189, 0.04755969105996328550, 0.04829681673222264299, 0.04866537956835688405, 0.04903394240448199354, 0.04940250524061622073, 0.04977106807674134409, 0.05050819374900069464, 0.05124531942126915596, 0.05161388225739427238, 0.05198244509352850651, 0.05235100792965361599, 0.05271957076578785706, 0.05345669643804720761, 0.05419382211030655122, 0.05456238494644079923, 0.05493094778257502642, 0.05529951061870013590, 0.05566807345483436309, 0.05640519912709371364, 0.05714232479935307113, 0.05751088763548729832, 0.05787945047161241474, 0.05824801330774664887, 0.05861657614388088994, 0.05935370181614023355, 0.06009082748839959104, 0.06045939032453381823, 0.06082795316065894159, 0.06119651599679316878, 0.06156507883291827826, 0.06230220450518675346, 0.06303933017744610401, 0.06340789301357120655, 0.06377645584970545456, 0.06414501868583968869, 0.06451358152196480511, 0.06525070719422415566, 0.06598783286648349233, 0.06635639570261774034, 0.06672495853875197447, 0.06709352137487707701, 0.06746208421101131114, 0.06819920988327066169, 0.06893633555553001224, 0.06930489839166424637, 0.06967346122778934892, 0.07004202406392359692, 0.07041058690005783105, 0.07114771257231716772, 0.07188483824457653215, 0.07225340108071075240, 0.07262196391683588270, 0.07299052675297011683, 0.07335908958909521937, 0.07409621526136370151, 0.07483334093362303818, 0.07520190376974815460, 0.07557046660588238873, 0.07593902944201663674, 0.07630759227814173928, 0.07704471795040110371, 0.07778184362266954421, 0.07815040645879467451, 0.07851896929492889476, 0.07888753213105402506, 0.07925609496718825919, 0.07999322063944760974, 0.08073034631170696029, 0.08109890914784118054, 0.08146747198397542855, 0.08183603482010053110, 0.08220459765623203130, 0.08294172332849321372, 0.08367884900075438226, 0.08404741183688498041, 0.08441597467301555080, 0.08478453750914613507, 0.08515310034527673322, 0.08589022601753699970, 0.08662735168979815437, 0.08663724136912394347 ),
 .UNSPECIFIED. ) ;
#234 = ORIENTED_EDGE ( 'NONE', *, *, #4663, .T. ) ;
#235 = CARTESIAN_POINT ( 'NONE',  ( 2.556904091329999851, -1.476229265421000303, -1.585526377745000159 ) ) ;
#236 = CARTESIAN_POINT ( 'NONE',  ( -2.943096314298990546, -1.191176441345817461, -3.485185417615733972 ) ) ;
#237 = ORIENTED_EDGE ( 'NONE', *, *, #4033, .T. ) ;
#238 = EDGE_CURVE ( 'NONE', #5433, #4136, #517, .T. ) ;
#239 = CARTESIAN_POINT ( 'NONE',  ( -2.792332490039000081, 1.612153914791000009, -3.580471875508000501 ) ) ;
#240 = FACE_OUTER_BOUND ( 'NONE', #4393, .T. ) ;
#241 = VERTEX_POINT ( 'NONE', #107 ) ;
#242 = CARTESIAN_POINT ( 'NONE',  ( -3.063796991514999846, 0.9481945661345000387, -4.183800586664999877 ) ) ;
#243 = CARTESIAN_POINT ( 'NONE',  ( 2.120549440198331137, 1.988912635097613624, -1.132109595031286942 ) ) ;
#244 = CARTESIAN_POINT ( 'NONE',  ( -0.6208637663186999944, 2.731954743643000061, -4.068827072587000160 ) ) ;
#245 = CARTESIAN_POINT ( 'NONE',  ( -0.07620078331584402564, -3.174205227979460808, -1.943096076650541848 ) ) ;
#246 = CARTESIAN_POINT ( 'NONE',  ( 0.000000000000000000, -2.827072777928000047, -1.576801084968999955 ) ) ;
#247 = DIRECTION ( 'NONE',  ( 0.000000000000000000, -1.000000000000000000, 0.000000000000000000 ) ) ;
#248 = CARTESIAN_POINT ( 'NONE',  ( 2.805515059268000044, -0.8682605739783999521, -3.675978737773999860 ) ) ;
#249 = CARTESIAN_POINT ( 'NONE',  ( -2.800417116365000236, 0.000000000000000000, -1.114431034611000015 ) ) ;
#250 = CARTESIAN_POINT ( 'NONE',  ( -0.6231825505962000911, -2.742157970261000166, -3.652885441964000002 ) ) ;
#251 = EDGE_CURVE ( 'NONE', #5695, #297, #4811, .T. ) ;
#252 = CARTESIAN_POINT ( 'NONE',  ( 0.000000000000000000, 2.952465917602000278, -2.442015703116000580 ) ) ;
#253 = CARTESIAN_POINT ( 'NONE',  ( 2.778486331853999847, -0.3525636569632999984, -2.173886173260005883 ) ) ;
#254 = DIRECTION ( 'NONE',  ( -0.000000000000000000, -1.000000000000000000, -0.000000000000000000 ) ) ;
#255 = CARTESIAN_POINT ( 'NONE',  ( 2.049999999999999822, -7.400000000000000355, -7.599999999999999645 ) ) ;
#256 = CARTESIAN_POINT ( 'NONE',  ( -2.615564283348583263, 1.799920572679345243, -2.184698674163659149 ) ) ;
#257 = CARTESIAN_POINT ( 'NONE',  ( -2.778486331853999847, 0.3525636569632999984, -2.350275062148813099 ) ) ;
#258 = CARTESIAN_POINT ( 'NONE',  ( 1.149080830486999943E-14, 2.827072777928000047, -4.046245529413000419 ) ) ;
#259 = EDGE_LOOP ( 'NONE', ( #2769, #5513 ) ) ;
#260 = CARTESIAN_POINT ( 'NONE',  ( 2.805515059268000044, 0.8682605739783999521, -2.199703647345999880 ) ) ;
#261 = PLANE ( 'NONE',  #4969 ) ;
#262 = ORIENTED_EDGE ( 'NONE', *, *, #1498, .F. ) ;
#263 = CARTESIAN_POINT ( 'NONE',  ( 0.6231825505962000911, 2.742157970261000166, -3.938866603432999991 ) ) ;
#264 = AXIS2_PLACEMENT_3D ( 'NONE', #3758, #5497, #5031 ) ;
#265 = CARTESIAN_POINT ( 'NONE',  ( -2.353087849929000441, -2.179255390271000348, -3.436664976278000161 ) ) ;
#266 = CARTESIAN_POINT ( 'NONE',  ( -0.7346258833983683179, 3.094865667474658188, -4.294314458607226825 ) ) ;
#267 = CIRCLE ( 'NONE', #4870, 3.100000000000000533 ) ;
#268 = ORIENTED_EDGE ( 'NONE', *, *, #3123, .F. ) ;
#269 = CARTESIAN_POINT ( 'NONE',  ( 0.6807798646093000672, -2.995600454385999978, -1.754426699256999900 ) ) ;
#270 = CARTESIAN_POINT ( 'NONE',  ( 1.999167105995450777, 1.536366799937287420, 0.000000000000000000 ) ) ;
#271 = DIRECTION ( 'NONE',  ( 0.000000000000000000, 0.000000000000000000, 1.000000000000000000 ) ) ;
#272 = CARTESIAN_POINT ( 'NONE',  ( 0.000000000000000000, 2.869169090217837947, -11.70000000000000107 ) ) ;
#273 = CARTESIAN_POINT ( 'NONE',  ( 2.211508343897248263, -2.278190340166346139, -1.854674047884521393 ) ) ;
#274 = CARTESIAN_POINT ( 'NONE',  ( -1.694572249308000211, 2.229957918970999931, -1.152104725560000098 ) ) ;
#275 = VECTOR ( 'NONE', #5703, 1000.000000000000000 ) ;
#276 = CARTESIAN_POINT ( 'NONE',  ( 2.669999999999999929, -1.307922781489373534E-16, 0.000000000000000000 ) ) ;
#277 = CARTESIAN_POINT ( 'NONE',  ( -0.3485256161429337030, 0.1968737890391760725, -2.799999999999999822 ) ) ;
#278 = CARTESIAN_POINT ( 'NONE',  ( -1.596933849498999969, 2.765970563658000092, -2.152144522932999848 ) ) ;
#279 = CARTESIAN_POINT ( 'NONE',  ( -2.768147931949000107, 0.3512518117201999801, -1.109552553448000189 ) ) ;
#280 = CARTESIAN_POINT ( 'NONE',  ( -2.686369738734000201, 0.8313870651189000371, -1.852568579825000006 ) ) ;
#281 = CARTESIAN_POINT ( 'NONE',  ( 1.694572249308000211, 2.229957918970999931, -3.345811939179999861 ) ) ;
#282 = CARTESIAN_POINT ( 'NONE',  ( -2.154698634633000154, 1.995522017622999744, -3.056192972717000078 ) ) ;
#283 = CARTESIAN_POINT ( 'NONE',  ( -2.800417116365000236, 0.000000000000000000, -1.102430554592006340 ) ) ;
#284 = CARTESIAN_POINT ( 'NONE',  ( -2.755235396494353672, -1.591363277583828229, -4.086307155212444364 ) ) ;
#285 = CARTESIAN_POINT ( 'NONE',  ( 0.2058356672635550666, 3.175095622089926906, -1.506921635280869642 ) ) ;
#286 = CARTESIAN_POINT ( 'NONE',  ( -3.500000000000000000, -3.600000000000000533, -7.599999999999999645 ) ) ;
#287 = CARTESIAN_POINT ( 'NONE',  ( -2.686369738734000201, -0.8313870651189000371, -1.599015231599813402 ) ) ;
#288 = CARTESIAN_POINT ( 'NONE',  ( 1.400208558182000296, 2.425232363965000193, -4.105041825709999870 ) ) ;
#289 = CARTESIAN_POINT ( 'NONE',  ( -1.394994281911000167, -2.416200972537000169, -2.225565394696999988 ) ) ;
#290 = ORIENTED_EDGE ( 'NONE', *, *, #2887, .T. ) ;
#291 = CARTESIAN_POINT ( 'NONE',  ( 2.924620642837000073, 0.000000000000000000, -2.232285637003999845 ) ) ;
#292 = CARTESIAN_POINT ( 'NONE',  ( -2.247162794701726529, -2.242963852022473947, -3.438650467858585191 ) ) ;
#293 = ORIENTED_EDGE ( 'NONE', *, *, #3481, .F. ) ;
#294 = LINE ( 'NONE', #2047, #4508 ) ;
#295 = CARTESIAN_POINT ( 'NONE',  ( -3.063834454273000052, 0.9482061602392000133, -4.259813124425999575 ) ) ;
#296 = CARTESIAN_POINT ( 'NONE',  ( 0.05051613423522573199, -0.3999329876339819401, -1.800000000000000488 ) ) ;
#297 = VERTEX_POINT ( 'NONE', #4057 ) ;
#298 = CARTESIAN_POINT ( 'NONE',  ( -2.867560949402000237, -1.046664665798999971, -1.212990639704000007 ) ) ;
#299 = CARTESIAN_POINT ( 'NONE',  ( 0.1217131053530289136, 0.3819822651081099529, -1.800000000000000266 ) ) ;
#300 = CARTESIAN_POINT ( 'NONE',  ( 0.2074473092060786228, 3.175056747367426269, -2.212537228285519131 ) ) ;
#301 = CARTESIAN_POINT ( 'NONE',  ( -1.018030267355934493, -3.014547796526659607, -1.978072289589125621 ) ) ;
#302 = CARTESIAN_POINT ( 'NONE',  ( 2.448316844033000095, 1.413536388964000023, -1.341615899783999977 ) ) ;
#303 = CYLINDRICAL_SURFACE ( 'NONE', #5139, 3.174999999999999822 ) ;
#304 = CARTESIAN_POINT ( 'NONE',  ( -3.168855702086000203, 0.4020978407948000433, -2.047674215674999854 ) ) ;
#305 = CARTESIAN_POINT ( 'NONE',  ( 2.789997114755999874, 0.000000000000000000, -2.154763601447000188 ) ) ;
#306 = CARTESIAN_POINT ( 'NONE',  ( -2.686369738734000201, -0.8313870651189000371, -1.787404600508000208 ) ) ;
#307 = CARTESIAN_POINT ( 'NONE',  ( 2.952194611866033380, 1.168559083672054300, -3.133299727055417261 ) ) ;
#308 = CARTESIAN_POINT ( 'NONE',  ( -0.6231825505960999489, -2.742157970261000166, -1.469422158988000326 ) ) ;
#309 = CARTESIAN_POINT ( 'NONE',  ( 2.556910488450999885, -1.476232958801000139, -3.382756443857000583 ) ) ;
#310 = CARTESIAN_POINT ( 'NONE',  ( -1.694572249308000211, -2.229957918970999931, -1.703515802890005704 ) ) ;
#311 = DIRECTION ( 'NONE',  ( -0.000000000000000000, -0.000000000000000000, -1.000000000000000000 ) ) ;
#312 = DIRECTION ( 'NONE',  ( 0.000000000000000000, 0.000000000000000000, 1.000000000000000000 ) ) ;
#313 = CYLINDRICAL_SURFACE ( 'NONE', #4323, 2.669999999999999929 ) ;
#314 = CARTESIAN_POINT ( 'NONE',  ( -0.7447331062011847136, 2.691992574530393867, -1.071075989149628427 ) ) ;
#315 = CARTESIAN_POINT ( 'NONE',  ( 0.6231825505962000911, 2.742157970261000166, -1.183440997519999982 ) ) ;
#316 = CARTESIAN_POINT ( 'NONE',  ( -2.055504026985000010, 1.903655331299000109, -3.133724145780000025 ) ) ;
#317 = ORIENTED_EDGE ( 'NONE', *, *, #498, .T. ) ;
#318 = CARTESIAN_POINT ( 'NONE',  ( -2.901717188661999902, -0.3682004880784000012, -1.866385573892000327 ) ) ;
#319 = CARTESIAN_POINT ( 'NONE',  ( -2.246085164692039449, -2.244043017458296596, -3.438594668514359132 ) ) ;
#320 = VERTEX_POINT ( 'NONE', #1835 ) ;
#321 = CARTESIAN_POINT ( 'NONE',  ( 2.778486331853999847, 0.3525636569632000228, -3.370363344793999794 ) ) ;
#322 = CARTESIAN_POINT ( 'NONE',  ( 0.3672345404958008430, -0.1590168331967627691, -2.799999999999999378 ) ) ;
#323 = CARTESIAN_POINT ( 'NONE',  ( -2.049999999999999822, -7.400000000000000355, -9.650000000000000355 ) ) ;
#324 = EDGE_CURVE ( 'NONE', #4961, #3526, #5373, .T. ) ;
#325 = VERTEX_POINT ( 'NONE', #3097 ) ;
#326 = CARTESIAN_POINT ( 'NONE',  ( -2.674601219188000201, 1.544181733873000173, -2.015826191079999941 ) ) ;
#327 = CARTESIAN_POINT ( 'NONE',  ( 0.3906384401416574392, 0.1001220863366958785, -1.800000000000000488 ) ) ;
#328 = CARTESIAN_POINT ( 'NONE',  ( 3.174999949086357187, 0.4193077277457985530, -2.367520690465418465 ) ) ;
#329 = LINE ( 'NONE', #4769, #5715 ) ;
#330 = CARTESIAN_POINT ( 'NONE',  ( -3.035309448962999923, 0.3851520833748000028, -4.317884593165000062 ) ) ;
#331 = CARTESIAN_POINT ( 'NONE',  ( 0.000000000000000000, 3.400000000027603164, -11.70000000000000107 ) ) ;
#332 = CARTESIAN_POINT ( 'NONE',  ( 3.072135484832496655, -0.8283563683503856190, -3.909032716381577011 ) ) ;
#333 = CARTESIAN_POINT ( 'NONE',  ( 1.236200906108000153, 2.945358459331000045, -1.551059274635000040 ) ) ;
#334 = CARTESIAN_POINT ( 'NONE',  ( 1.406583543232451605, -2.854000606759832248, -3.299282962216482318 ) ) ;
#335 = CARTESIAN_POINT ( 'NONE',  ( 0.6208637663186999944, -2.731954743643000061, -1.599382628142999918 ) ) ;
#336 = CARTESIAN_POINT ( 'NONE',  ( -2.308336204962079918, 0.9602408923906352589, -1.800000000000000266 ) ) ;
#337 = CARTESIAN_POINT ( 'NONE',  ( 0.6231825505962000911, -2.742157970261000166, -3.028494505750999988 ) ) ;
#338 = CARTESIAN_POINT ( 'NONE',  ( 2.527478594121013167, 1.924391104561685939, -3.101424384468471906 ) ) ;
#339 = CARTESIAN_POINT ( 'NONE',  ( 2.686369738734000201, -0.8313870651189000371, -1.299400953120000146 ) ) ;
#340 = CARTESIAN_POINT ( 'NONE',  ( 2.901724448471000084, -0.3682014092795999893, -2.631526877340000237 ) ) ;
#341 = CARTESIAN_POINT ( 'NONE',  ( -2.778486331853999847, 0.3525636569632999984, -1.821108395482836428 ) ) ;
#342 = DIRECTION ( 'NONE',  ( 0.000000000000000000, 0.000000000000000000, -1.000000000000000000 ) ) ;
#343 = CARTESIAN_POINT ( 'NONE',  ( 3.174999992462545606, 0.2096995742550526454, -1.668828292177597428 ) ) ;
#344 = LINE ( 'NONE', #3921, #5337 ) ;
#345 = CARTESIAN_POINT ( 'NONE',  ( 1.083914082544999991, -2.582521575934999980, -2.115089876963813342 ) ) ;
#346 = CARTESIAN_POINT ( 'NONE',  ( 1.400208558182000296, 2.425232363965000193, -1.216022987177999948 ) ) ;
#347 = CARTESIAN_POINT ( 'NONE',  ( 2.055504026985000010, 1.903655331299000109, -2.610925162133999944 ) ) ;
#348 = ORIENTED_EDGE ( 'NONE', *, *, #2821, .T. ) ;
#349 = CARTESIAN_POINT ( 'NONE',  ( -1.131987617969000048, -2.697061044018000064, -1.748792981298999960 ) ) ;
#350 = LINE ( 'NONE', #4693, #3124 ) ;
#351 = ORIENTED_EDGE ( 'NONE', *, *, #687, .T. ) ;
#352 = CARTESIAN_POINT ( 'NONE',  ( -2.778486331853999847, -0.3525636569632999984, -3.723141122571000050 ) ) ;
#353 = CARTESIAN_POINT ( 'NONE',  ( 2.439199487657000454, 1.408272480806000093, -1.931583913215999981 ) ) ;
#354 = CARTESIAN_POINT ( 'NONE',  ( 0.2439865121982043583, -0.3215944374217097335, -2.800000000000000266 ) ) ;
#355 = LINE ( 'NONE', #1226, #397 ) ;
#356 = EDGE_LOOP ( 'NONE', ( #3905, #793, #1989 ) ) ;
#357 = CARTESIAN_POINT ( 'NONE',  ( 1.184094262037999945, -2.821209751675000543, -1.734966994932999995 ) ) ;
#358 = CARTESIAN_POINT ( 'NONE',  ( -0.2319843495646809473, 0.3279759637102760417, -1.800000000000000266 ) ) ;
#359 = CARTESIAN_POINT ( 'NONE',  ( 0.8217931738417865173, 3.073759169899167087, -2.235293126340648584 ) ) ;
#360 = VECTOR ( 'NONE', #5124, 1000.000000000000000 ) ;
#361 = DIRECTION ( 'NONE',  ( -0.000000000000000000, 0.000000000000000000, 1.000000000000000000 ) ) ;
#362 = CARTESIAN_POINT ( 'NONE',  ( 1.184103235959000022, -2.821231132837000111, -4.082699407979999862 ) ) ;
#363 = CARTESIAN_POINT ( 'NONE',  ( -2.049999999999999822, -6.099999999999999645, -9.650000000000000355 ) ) ;
#364 = ADVANCED_FACE ( 'NONE', ( #3565 ), #5360, .F. ) ;
#365 = PRODUCT ( 'CONSMA002-SMD-G', 'CONSMA002-SMD-G', '', ( #2862 ) ) ;
#366 = CIRCLE ( 'NONE', #3585, 3.500000000049840132 ) ;
#367 = EDGE_CURVE ( 'NONE', #987, #754, #2611, .T. ) ;
#368 = CARTESIAN_POINT ( 'NONE',  ( 0.4000000000000000222, 2.939152317953647352E-17, -1.800000000000000044 ) ) ;
#369 = CARTESIAN_POINT ( 'NONE',  ( -3.500000000000000000, -7.400000000000000355, -15.19999999999999929 ) ) ;
#370 = CARTESIAN_POINT ( 'NONE',  ( 1.933449657056523385, -2.520553581162116252, -3.278054351934696964 ) ) ;
#371 = CARTESIAN_POINT ( 'NONE',  ( 2.676374093144000543, 0.8282935779004000354, -1.416626056232999975 ) ) ;
#372 = DIRECTION ( 'NONE',  ( 1.000000000000000000, 0.000000000000000000, 0.000000000000000000 ) ) ;
#373 = AXIS2_PLACEMENT_3D ( 'NONE', #3399, #702, #3750 ) ;
#374 = CARTESIAN_POINT ( 'NONE',  ( 2.448316844033000095, 1.413536388964000023, -2.819523627204000071 ) ) ;
#375 = CARTESIAN_POINT ( 'NONE',  ( 3.076464508845829116, 0.7924553765537849515, -3.147606202078702342 ) ) ;
#376 = CARTESIAN_POINT ( 'NONE',  ( -2.800417116365000236, 0.000000000000000000, -0.9140411856839999460 ) ) ;
#377 = CARTESIAN_POINT ( 'NONE',  ( -1.462313979973999922, 2.532802109932999812, -3.794330517930999846 ) ) ;
#378 = B_SPLINE_CURVE_WITH_KNOTS ( 'NONE', 3,
 ( #4577, #5537, #5015, #1150, #203, #3716, #1068, #2818, #5483, #1583, #2895, #4655, #3799, #2472, #3280, #285, #1245, #3860, #3426, #1213, #2957, #5662, #2098, #2067, #2988, #3019, #5158, #1641, #4329, #5631, #343, #1674 ),
 .UNSPECIFIED., .F., .F.,
 ( 4, 2, 2, 2, 2, 2, 2, 2, 2, 2, 2, 2, 2, 2, 2, 4 ),
 ( -0.06969392741502468402, -0.06907153595557490033, -0.06844914449612511664, -0.06782675303667533295, -0.06720436157722554926, -0.06595957865832598188, -0.06533718719887619819, -0.06471479573942641450, -0.06409240427997663081, -0.06347001282052684712, -0.06284762136107706343, -0.06222522990162727974, -0.06160283844217749605, -0.06098044698272771236, -0.06035805552327792867, -0.05973566406382814498 ),
 .UNSPECIFIED. ) ;
#379 = CARTESIAN_POINT ( 'NONE',  ( -1.083914082544999991, 2.582521575934999980, -2.644256543630995271 ) ) ;
#380 = DIRECTION ( 'NONE',  ( 1.000000000000000000, 0.000000000000000000, 0.000000000000000000 ) ) ;
#381 = DIRECTION ( 'NONE',  ( 1.000000000000000000, 0.000000000000000000, 0.000000000000000000 ) ) ;
#382 = CARTESIAN_POINT ( 'NONE',  ( -0.5018904230258947052, 2.758685226478781338, -1.081318427117625713 ) ) ;
#383 = CARTESIAN_POINT ( 'NONE',  ( -2.063187188137999950, 1.910770905142000098, -1.771403960483000084 ) ) ;
#384 = CARTESIAN_POINT ( 'NONE',  ( 1.079877664222000044, -2.572904450759999850, -4.237761754105999756 ) ) ;
#385 = ORIENTED_EDGE ( 'NONE', *, *, #3173, .T. ) ;
#386 = CARTESIAN_POINT ( 'NONE',  ( -2.924620642837000073, 0.000000000000000000, -2.585063414782000191 ) ) ;
#387 = CARTESIAN_POINT ( 'NONE',  ( -1.451439112889631344, -2.824295293460446832, -3.404797301305947599 ) ) ;
#388 = ORIENTED_EDGE ( 'NONE', *, *, #3382, .T. ) ;
#389 = CARTESIAN_POINT ( 'NONE',  ( 1.694572249308000211, -2.229957918970999931, -4.193511492942000096 ) ) ;
#390 = CARTESIAN_POINT ( 'NONE',  ( -0.6208618634615999943, 2.731946370599999785, -1.787777013986000085 ) ) ;
#391 = CARTESIAN_POINT ( 'NONE',  ( -0.4000000000000000222, -1.959434878635765107E-17, -2.799999999999999822 ) ) ;
#392 = CARTESIAN_POINT ( 'NONE',  ( -0.3022708126128269002, -0.2634668500010718395, -1.800000000000000711 ) ) ;
#393 = ORIENTED_EDGE ( 'NONE', *, *, #1354, .F. ) ;
#394 = CARTESIAN_POINT ( 'NONE',  ( -1.851192183335000241, -2.436060587237999897, -1.852559587525000051 ) ) ;
#395 = CARTESIAN_POINT ( 'NONE',  ( -0.3272492347489365794, 2.500000000000000444, -0.000000000000000000 ) ) ;
#396 = DIRECTION ( 'NONE',  ( -1.000000000000000000, 0.000000000000000000, 0.000000000000000000 ) ) ;
#397 = VECTOR ( 'NONE', #3810, 1000.000000000000000 ) ;
#398 = CYLINDRICAL_SURFACE ( 'NONE', #4223, 2.669999999999999929 ) ;
#399 = CARTESIAN_POINT ( 'NONE',  ( 3.035309448962999923, 0.3851520833747000272, -3.938862244717999950 ) ) ;
#400 = DIRECTION ( 'NONE',  ( 0.000000000000000000, 0.000000000000000000, -1.000000000000000000 ) ) ;
#401 = DIRECTION ( 'NONE',  ( 0.000000000000000000, 0.000000000000000000, -1.000000000000000000 ) ) ;
#402 = CARTESIAN_POINT ( 'NONE',  ( 0.000000000000000000, 3.400000000027603164, -11.70000000000000107 ) ) ;
#403 = CARTESIAN_POINT ( 'NONE',  ( 2.179570714898961814, -2.308955835838607307, -3.267244962457449553 ) ) ;
#404 = CARTESIAN_POINT ( 'NONE',  ( -2.439206963470999856, 1.408276796968999989, -1.860782119966000181 ) ) ;
#405 = FACE_OUTER_BOUND ( 'NONE', #2072, .T. ) ;
#406 = CARTESIAN_POINT ( 'NONE',  ( -1.694572249308000211, 2.229957918970999931, -2.630012452979999971 ) ) ;
#407 = CARTESIAN_POINT ( 'NONE',  ( 2.686369738734000201, 0.8313870651189000371, -1.939792529359000151 ) ) ;
#408 = CARTESIAN_POINT ( 'NONE',  ( -2.556910488450999885, 1.476232958801000139, -3.735534221634000396 ) ) ;
#409 = CARTESIAN_POINT ( 'NONE',  ( 1.694572249308000211, 2.229957918970999931, -2.761849136223006429 ) ) ;
#410 = EDGE_CURVE ( 'NONE', #844, #4756, #5086, .T. ) ;
#411 = DIRECTION ( 'NONE',  ( 1.000000000000000000, 0.000000000000000000, 0.000000000000000000 ) ) ;
#412 = CARTESIAN_POINT ( 'NONE',  ( 0.6231825505962000911, -2.742157970261000166, -1.428994025731813444 ) ) ;
#413 = CARTESIAN_POINT ( 'NONE',  ( 1.083914082544999991, 2.582521575934999980, -1.202900701844000109 ) ) ;
#414 = CARTESIAN_POINT ( 'NONE',  ( -2.676365890446999796, 0.8282910393010000094, -4.492406643615000306 ) ) ;
#415 = CARTESIAN_POINT ( 'NONE',  ( 2.669999999999999929, -1.307922781489373534E-16, 0.000000000000000000 ) ) ;
#416 = ORIENTED_EDGE ( 'NONE', *, *, #3074, .F. ) ;
#417 = CARTESIAN_POINT ( 'NONE',  ( -2.527597902896509652, -1.924234375259697094, -2.748653745695066597 ) ) ;
#418 = CARTESIAN_POINT ( 'NONE',  ( -2.055504026985000010, -1.903655331299000109, -1.552591828800000018 ) ) ;
#419 = CARTESIAN_POINT ( 'NONE',  ( -0.3517814310586968030, -0.1982874407681894935, -2.800000000000000711 ) ) ;
#420 = CARTESIAN_POINT ( 'NONE',  ( -3.174999999999923883, -0.4193074213321510424, -2.014742923144503095 ) ) ;
#421 = B_SPLINE_CURVE_WITH_KNOTS ( 'NONE', 3,
 ( #443, #3054, #2651, #3926, #165, #2785, #1921, #4979, #2192, #1765, #2224, #4117, #5283, #4091, #113, #1061, #2167, #415 ),
 .UNSPECIFIED., .F., .F.,
 ( 4, 2, 2, 2, 2, 2, 2, 2, 4 ),
 ( 0.000000000000000000, 0.1249999999999999445, 0.2499999999999998890, 0.3749999999999998890, 0.4999999999999998890, 0.6249999999999998890, 0.7500000000000000000, 0.8750000000000000000, 1.000000000000000000 ),
 .UNSPECIFIED. ) ;
#422 = ORIENTED_EDGE ( 'NONE', *, *, #5713, .F. ) ;
#423 = CARTESIAN_POINT ( 'NONE',  ( 2.674601219188000201, 1.544181733873000173, -2.956566931819999855 ) ) ;
#424 = FACE_OUTER_BOUND ( 'NONE', #563, .T. ) ;
#425 = CARTESIAN_POINT ( 'NONE',  ( -0.6250002717121746487, -2.441422732939910745, -1.800000000000000711 ) ) ;
#426 = CARTESIAN_POINT ( 'NONE',  ( -1.236216021826999967, -2.945394473874999974, -1.274294034618000060 ) ) ;
#427 = DIRECTION ( 'NONE',  ( 0.000000000000000000, 0.000000000000000000, 1.000000000000000000 ) ) ;
#428 = CARTESIAN_POINT ( 'NONE',  ( -2.686369738734000201, 0.8313870651189000371, -3.196883074627000276 ) ) ;
#429 = CARTESIAN_POINT ( 'NONE',  ( -3.168855702086000203, -0.4020978407948000433, -3.432540756117000047 ) ) ;
#430 = DIRECTION ( 'NONE',  ( 1.000000000000000000, 0.000000000000000000, -0.000000000000000000 ) ) ;
#431 = CARTESIAN_POINT ( 'NONE',  ( 2.676374093144000543, 0.8282935779004000354, -2.122181611789000222 ) ) ;
#432 = CARTESIAN_POINT ( 'NONE',  ( -0.9001966847907512115, 2.332399654168953784, -1.800000000000000266 ) ) ;
#433 = CARTESIAN_POINT ( 'NONE',  ( -2.448316844033000095, -1.413536388964000023, -3.172301404981999973 ) ) ;
#434 = CARTESIAN_POINT ( 'NONE',  ( -2.663006872177000162, -0.8486824249651000462, -0.8803501538375999580 ) ) ;
#435 = CARTESIAN_POINT ( 'NONE',  ( 0.6508234437558000351, 2.863784763902999853, -3.879341120864999937 ) ) ;
#436 = B_SPLINE_CURVE_WITH_KNOTS ( 'NONE', 3,
 ( #80, #4060, #4003, #1408 ),
 .UNSPECIFIED., .F., .F.,
 ( 4, 4 ),
 ( 0.000000000000000000, 0.003539552265984979330 ),
 .UNSPECIFIED. ) ;
#437 = CARTESIAN_POINT ( 'NONE',  ( -0.6231825505962000911, 2.742157970261000166, -3.369271803510005991 ) ) ;
#438 = DIRECTION ( 'NONE',  ( 0.000000000000000000, 0.000000000000000000, 1.000000000000000000 ) ) ;
#439 = CARTESIAN_POINT ( 'NONE',  ( 1.451062201696493359, 2.824488974025914256, -3.757560415702745349 ) ) ;
#440 = EDGE_CURVE ( 'NONE', #2340, #4662, #2245, .T. ) ;
#441 = CARTESIAN_POINT ( 'NONE',  ( -2.686369738734000201, 0.8313870651189000371, -1.013419791652000024 ) ) ;
#442 = CARTESIAN_POINT ( 'NONE',  ( 1.394994281911000167, 2.416200972537000169, -3.989454283586000294 ) ) ;
#443 = CARTESIAN_POINT ( 'NONE',  ( -2.669999999999999929, 1.961884172234059931E-16, 0.000000000000000000 ) ) ;
#444 = VERTEX_POINT ( 'NONE', #3268 ) ;
#445 = CARTESIAN_POINT ( 'NONE',  ( -0.2051354555006947578, -3.168600109649502450, -2.653417092115587295 ) ) ;
#446 = CARTESIAN_POINT ( 'NONE',  ( 0.6208618634615999943, -2.731946370599999785, -1.434999236207999962 ) ) ;
#447 = CARTESIAN_POINT ( 'NONE',  ( 0.07361090501920346252, 3.174266424351633642, -2.295778422550065034 ) ) ;
#448 = CARTESIAN_POINT ( 'NONE',  ( -1.083914082544999991, -2.582521575934999980, -3.617549009997813592 ) ) ;
#449 = ORIENTED_EDGE ( 'NONE', *, *, #2467, .T. ) ;
#450 = CARTESIAN_POINT ( 'NONE',  ( 1.184094262037999945, 2.821209751675000543, -3.590203905745000590 ) ) ;
#451 = CARTESIAN_POINT ( 'NONE',  ( -2.049999999999999822, -6.099999999999999645, -7.599999999999999645 ) ) ;
#452 = DIRECTION ( 'NONE',  ( 0.000000000000000000, -0.000000000000000000, -1.000000000000000000 ) ) ;
#453 = CARTESIAN_POINT ( 'NONE',  ( -1.126059441445000031, 2.979886779452999956, -0.8342626294806000375 ) ) ;
#454 = CARTESIAN_POINT ( 'NONE',  ( -0.2074461028740617330, -3.175056826678073207, -3.270870516165030217 ) ) ;
#455 = CARTESIAN_POINT ( 'NONE',  ( -0.6231825505962000911, 2.742157970261000166, -3.314475667219999977 ) ) ;
#456 = DIRECTION ( 'NONE',  ( -1.000000000000000000, 0.000000000000000000, 0.000000000000000000 ) ) ;
#457 = CIRCLE ( 'NONE', #3666, 3.100000000000000533 ) ;
#458 = CARTESIAN_POINT ( 'NONE',  ( 1.596933849498999969, 2.765970563658000092, -2.269737115525000348 ) ) ;
#459 = CARTESIAN_POINT ( 'NONE',  ( -2.805123316641874531, -1.493988406045549056, -1.356353611684976590 ) ) ;
#460 = CARTESIAN_POINT ( 'NONE',  ( -2.768147931949000107, 0.3512518117201999801, -2.520663664559999795 ) ) ;
#461 = CARTESIAN_POINT ( 'NONE',  ( -3.174990062294296145, 1.226093936061901406E-06, -3.527800780286786342 ) ) ;
#462 = CARTESIAN_POINT ( 'NONE',  ( 0.000000000000000000, -6.099999999999999645, -11.70000000000000107 ) ) ;
#463 = CARTESIAN_POINT ( 'NONE',  ( 2.063187188137999950, -1.910770905142000098, -2.963330526433999967 ) ) ;
#464 = PRESENTATION_LAYER_ASSIGNMENT (  '', '', ( #1923 ) ) ;
#465 = CARTESIAN_POINT ( 'NONE',  ( 1.400208558182000296, 2.425232363965000193, -2.560337481979999996 ) ) ;
#466 = CARTESIAN_POINT ( 'NONE',  ( 0.000000000000000000, -2.952465917602000278, -3.500349036449000195 ) ) ;
#467 = AXIS2_PLACEMENT_3D ( 'NONE', #3390, #4293, #2501 ) ;
#468 = CARTESIAN_POINT ( 'NONE',  ( 1.083914082544999991, 2.582521575934999980, -3.441160121109006376 ) ) ;
#469 = CARTESIAN_POINT ( 'NONE',  ( 0.000000000000000000, -9.210193359837999694, -11.70000000000000107 ) ) ;
#470 = CARTESIAN_POINT ( 'NONE',  ( 1.236371201362155059, 2.924394797194894036, -3.749907180799814554 ) ) ;
#471 = CARTESIAN_POINT ( 'NONE',  ( -2.063187188137999950, -1.910770905142000098, -2.306938310170000062 ) ) ;
#472 = CARTESIAN_POINT ( 'NONE',  ( -2.224040845639000175, 1.682635175196000032, -4.533195479349999779 ) ) ;
#473 = CARTESIAN_POINT ( 'NONE',  ( 3.500000000000000000, -6.099999999999999645, -9.650000000000000355 ) ) ;
#474 = CARTESIAN_POINT ( 'NONE',  ( -0.03735943782773729072, -3.174810848053446044, -2.647215502598583736 ) ) ;
#475 = CARTESIAN_POINT ( 'NONE',  ( 1.079877664222000044, 2.572904450759999850, -1.154109776029000223 ) ) ;
#476 = CARTESIAN_POINT ( 'NONE',  ( 2.605244678702205441, 1.821262595787408456, -2.400593700145052800 ) ) ;
#477 = DIRECTION ( 'NONE',  ( 0.000000000000000000, 1.000000000000000000, 0.000000000000000000 ) ) ;
#478 = ORIENTED_EDGE ( 'NONE', *, *, #2282, .F. ) ;
#479 = CARTESIAN_POINT ( 'NONE',  ( -1.851192183335000241, 2.436060587237999897, -2.767055757596999843 ) ) ;
#480 = LINE ( 'NONE', #4795, #3498 ) ;
#481 = DIRECTION ( 'NONE',  ( 1.000000000000000000, 0.000000000000000000, -0.000000000000000000 ) ) ;
#482 = CARTESIAN_POINT ( 'NONE',  ( 1.596953376101000188, 2.766004384726000076, -1.640194097730999889 ) ) ;
#483 = CARTESIAN_POINT ( 'NONE',  ( 0.000000000000000000, 0.000000000000000000, 2.259920353756999845 ) ) ;
#484 = EDGE_CURVE ( 'NONE', #4188, #593, #5441, .T. ) ;
#485 = CARTESIAN_POINT ( 'NONE',  ( 2.448316844033000095, -1.413536388964000023, -2.870319603487000659 ) ) ;
#486 = CARTESIAN_POINT ( 'NONE',  ( 1.529633678037999989, -2.649403247329999989, -2.658466011534000195 ) ) ;
#487 = CARTESIAN_POINT ( 'NONE',  ( -1.596933849498999969, -2.765970563658000092, -2.622514893302999806 ) ) ;
#488 = AXIS2_PLACEMENT_3D ( 'NONE', #103, #908, #1857 ) ;
#489 = CARTESIAN_POINT ( 'NONE',  ( -2.135110469203142625, -1.640839742333022544, -0.000000000000000000 ) ) ;
#490 = CARTESIAN_POINT ( 'NONE',  ( -2.439206963470999856, -1.408276796968999989, -3.154300638483999997 ) ) ;
#491 = CARTESIAN_POINT ( 'NONE',  ( 0.4149113083973502425, -3.154581109033502528, -2.542392340262396022 ) ) ;
#492 = CARTESIAN_POINT ( 'NONE',  ( 3.500000000000000000, -3.600000000000000533, -8.199999999999999289 ) ) ;
#493 = CARTESIAN_POINT ( 'NONE',  ( -2.031708135063999866E-14, 2.827072777928000047, -3.407486590167000173 ) ) ;
#494 = B_SPLINE_CURVE_WITH_KNOTS ( 'NONE', 3,
 ( #71, #2202, #4883, #5353, #1397, #1077, #5407, #5463, #1510, #1050, #623, #2316, #1882, #1451, #5023, #2367, #4131, #128, #3201, #2341, #4965, #4995 ),
 .UNSPECIFIED., .F., .F.,
 ( 4, 2, 2, 2, 2, 2, 2, 2, 2, 2, 4 ),
 ( 2.168404344971008868E-19, 0.0007951270918393844780, 0.001590254183678768739, 0.002385381275518153217, 0.002782944821437845564, 0.003180508367357537912, 0.003975635459196921739, 0.004770762551036306434, 0.005168326096955998782, 0.005565889642875691129, 0.006361016734715076691 ),
 .UNSPECIFIED. ) ;
#495 = CARTESIAN_POINT ( 'NONE',  ( -2.448316844033000095, 1.413536388964000023, -2.383948593091000046 ) ) ;
#496 = CARTESIAN_POINT ( 'NONE',  ( -2.924627959947999845, 0.000000000000000000, -4.382293480893999948 ) ) ;
#497 = CARTESIAN_POINT ( 'NONE',  ( -0.6508218154640000863, 2.863777599015000064, -3.440793552588000459 ) ) ;
#498 = EDGE_CURVE ( 'NONE', #320, #1283, #5618, .T. ) ;
#499 = CARTESIAN_POINT ( 'NONE',  ( 2.778486331853999847, -0.3525636569632999984, -3.584997284371005399 ) ) ;
#500 = CARTESIAN_POINT ( 'NONE',  ( 0.1455381976256257259, 3.172120226439695045, -3.709548390843800281 ) ) ;
#501 = CARTESIAN_POINT ( 'NONE',  ( 2.686369738734000201, -0.8313870651189000371, -2.777308680540000463 ) ) ;
#502 = CARTESIAN_POINT ( 'NONE',  ( -2.439199487657000454, -1.408272480806000093, -3.695472802104999843 ) ) ;
#503 = CARTESIAN_POINT ( 'NONE',  ( -1.299246491636735668, -2.897199063142049447, -2.693770190388441232 ) ) ;
#504 = CARTESIAN_POINT ( 'NONE',  ( -2.697730636712348584, 1.677401046076429925, -2.884848674820073899 ) ) ;
#505 = CARTESIAN_POINT ( 'NONE',  ( 2.855301112881863723, 1.403354341418184159, -2.418432345918744009 ) ) ;
#506 = CARTESIAN_POINT ( 'NONE',  ( 2.063187188137999950, 1.910770905142000098, -4.016031062768812276 ) ) ;
#507 = EDGE_LOOP ( 'NONE', ( #1587, #3237, #1992, #2366 ) ) ;
#508 = CARTESIAN_POINT ( 'NONE',  ( -1.462718834943999992E-14, -3.088363467746999991, -3.191752117006000145 ) ) ;
#509 = CARTESIAN_POINT ( 'NONE',  ( -3.044201616149061707, -0.9019078922375777241, -1.291568343339157376 ) ) ;
#510 = CARTESIAN_POINT ( 'NONE',  ( -2.922147978093821319, -0.8657645381198211254, -1.218067256993677905 ) ) ;
#511 = CARTESIAN_POINT ( 'NONE',  ( 2.792332490039000081, -1.612153914791000009, -2.522138542174999998 ) ) ;
#512 = CARTESIAN_POINT ( 'NONE',  ( -2.897726256365889874, 1.311775146278610249, -4.192456534891971565 ) ) ;
#513 = EDGE_CURVE ( 'NONE', #599, #724, #2779, .T. ) ;
#514 = CARTESIAN_POINT ( 'NONE',  ( 1.083914082544999991, -2.582521575934999980, -2.236682629563000013 ) ) ;
#515 = CARTESIAN_POINT ( 'NONE',  ( 3.059267356074999888, 0.000000000000000000, -3.246428974496999853 ) ) ;
#516 = CARTESIAN_POINT ( 'NONE',  ( 3.063796991514999846, -0.9481945661345000387, -2.419911697777000104 ) ) ;
#517 = LINE ( 'NONE', #4831, #3588 ) ;
#518 = CARTESIAN_POINT ( 'NONE',  ( -1.688266958050000044, 2.221660524640999945, -3.317567242037999797 ) ) ;
#519 = DIRECTION ( 'NONE',  ( 0.000000000000000000, 0.000000000000000000, 1.000000000000000000 ) ) ;
#520 = CARTESIAN_POINT ( 'NONE',  ( -2.793106854861335364, 0.3049761620827057818, -1.071075775861950685 ) ) ;
#521 = CARTESIAN_POINT ( 'NONE',  ( -2.778486331853999847, -0.3525636569632999984, -3.923530971498999875 ) ) ;
#522 = CARTESIAN_POINT ( 'NONE',  ( 0.6231825505962000911, 2.742157970261000166, -3.233311047877000188 ) ) ;
#523 = CARTESIAN_POINT ( 'NONE',  ( -1.184103235959000022, -2.821231132837000111, -1.351825207681000007 ) ) ;
#524 = CARTESIAN_POINT ( 'NONE',  ( 2.556904091329999851, 1.476229265421000303, -3.584600451819000000 ) ) ;
#525 = CARTESIAN_POINT ( 'NONE',  ( 0.6231825505962000911, -2.742157970261000166, -4.427605136843007827 ) ) ;
#526 = CARTESIAN_POINT ( 'NONE',  ( -0.8310892347363736388, 3.092346316396188399, -3.673831954257930743 ) ) ;
#527 = CARTESIAN_POINT ( 'NONE',  ( -2.778486331853999847, -0.3525636569632999984, -3.084382183324999804 ) ) ;
#528 = CARTESIAN_POINT ( 'NONE',  ( 1.769733998381000095, 2.328866382518000044, -1.808378729191000067 ) ) ;
#529 = CARTESIAN_POINT ( 'NONE',  ( -1.236717794350703725, -2.924248240365324936, -2.691586726154608034 ) ) ;
#530 = CARTESIAN_POINT ( 'NONE',  ( 1.221443163843552560, 2.930650460666285984, -3.043834756918208484 ) ) ;
#531 = CARTESIAN_POINT ( 'NONE',  ( 3.004474038844763939, 1.029224232511065651, -2.433163944139047796 ) ) ;
#532 = CARTESIAN_POINT ( 'NONE',  ( -2.448316844033000095, -1.413536388964000023, -4.395023147183981571 ) ) ;
#533 = ORIENTED_EDGE ( 'NONE', *, *, #3846, .T. ) ;
#534 = CARTESIAN_POINT ( 'NONE',  ( 1.851192183335000241, -2.436060587237999897, -3.119833535375000189 ) ) ;
#535 = DIRECTION ( 'NONE',  ( -1.000000000000000000, -0.000000000000000000, -0.000000000000000000 ) ) ;
#536 = ORIENTED_EDGE ( 'NONE', *, *, #2650, .F. ) ;
#537 = CARTESIAN_POINT ( 'NONE',  ( 2.265608056321373631, -1.058662517935742953, -1.800000000000000266 ) ) ;
#538 = CARTESIAN_POINT ( 'NONE',  ( -1.932678427628000017, 2.543291716405000180, -2.215034775358999841 ) ) ;
#539 = DIRECTION ( 'NONE',  ( 0.000000000000000000, 0.000000000000000000, 1.000000000000000000 ) ) ;
#540 = CARTESIAN_POINT ( 'NONE',  ( -1.400208558182000296, 2.425232363965000193, -2.576338122006000209 ) ) ;
#541 = CARTESIAN_POINT ( 'NONE',  ( 2.674621489245000205, 1.544193436795999963, -3.187632678201000491 ) ) ;
#542 = CARTESIAN_POINT ( 'NONE',  ( 3.168855702086000203, -0.4020978407948000433, -3.106007549007999913 ) ) ;
#543 = CARTESIAN_POINT ( 'NONE',  ( 0.000000000000000000, -7.349999999999999645, -7.599999999999999645 ) ) ;
#544 = CARTESIAN_POINT ( 'NONE',  ( 1.394998557377999937, -2.416208377863999779, -2.977911749595000046 ) ) ;
#545 = EDGE_CURVE ( 'NONE', #4101, #1421, #176, .T. ) ;
#546 = CARTESIAN_POINT ( 'NONE',  ( -2.793108592565073156, -1.197199189851226214E-16, -1.071077668333397792 ) ) ;
#547 = CARTESIAN_POINT ( 'NONE',  ( -2.800417116365000236, 1.079691891448000077E-14, -3.936653256833000381 ) ) ;
#548 = ADVANCED_FACE ( 'NONE', ( #5207, #4642 ), #2456, .F. ) ;
#549 = CARTESIAN_POINT ( 'NONE',  ( -1.694572249308000211, -2.229957918970999931, -2.220681989537000245 ) ) ;
#550 = CARTESIAN_POINT ( 'NONE',  ( -3.035309448962999923, 0.3851520833747000272, -2.201217926498999944 ) ) ;
#551 = CARTESIAN_POINT ( 'NONE',  ( 2.901717188661999902, -0.3682004880784000012, -3.656519033449999956 ) ) ;
#552 = AXIS2_PLACEMENT_3D ( 'NONE', #4829, #401, #3476 ) ;
#553 = CARTESIAN_POINT ( 'NONE',  ( 1.083914082544999991, -2.582521575934999980, -3.702589876964005100 ) ) ;
#554 = CARTESIAN_POINT ( 'NONE',  ( -2.248542996158423346, 2.241585382808608085, -3.616843144901176199 ) ) ;
#555 = CARTESIAN_POINT ( 'NONE',  ( -1.694572249308000211, -2.229957918970999931, -2.993034161401999960 ) ) ;
#556 = CONICAL_SURFACE ( 'NONE', #2571, 2.974836257351398672, 1.047197551152150519 ) ;
#557 = CARTESIAN_POINT ( 'NONE',  ( 1.131990450089999989, 2.697067791798000158, -1.076578602966000275 ) ) ;
#558 = CARTESIAN_POINT ( 'NONE',  ( 2.751037407983233596, -1.588464100660150757, -2.528257952578948142 ) ) ;
#559 = AXIS2_PLACEMENT_3D ( 'NONE', #543, #1782, #2297 ) ;
#560 = CARTESIAN_POINT ( 'NONE',  ( 2.244868291087333212, 2.245259753684462289, -3.085755455710053496 ) ) ;
#561 = CARTESIAN_POINT ( 'NONE',  ( 0.3923104026426087465, 3.151417438769427370, -2.307559106288079587 ) ) ;
#562 = CARTESIAN_POINT ( 'NONE',  ( 2.063187188137999950, -1.910770905142000098, -4.186052268636813345 ) ) ;
#563 = EDGE_LOOP ( 'NONE', ( #1590, #5172, #1182, #449, #1506 ) ) ;
#564 = CARTESIAN_POINT ( 'NONE',  ( -2.058375564641000022, -2.254460728894999821, -4.684866409036000157 ) ) ;
#565 = CARTESIAN_POINT ( 'NONE',  ( -2.666668155100284210, 1.724050477945777260, -1.475821061387847521 ) ) ;
#566 = CARTESIAN_POINT ( 'NONE',  ( 1.333015270929926332, 2.829635092394972684, -4.340023781817677673 ) ) ;
#567 = CARTESIAN_POINT ( 'NONE',  ( -3.063834454273000052, 0.9482061602394000754, -2.143146457759999901 ) ) ;
#568 = DIRECTION ( 'NONE',  ( 0.000000000000000000, 0.000000000000000000, 1.000000000000000000 ) ) ;
#569 = CARTESIAN_POINT ( 'NONE',  ( 1.184103235959000022, -2.821231132837000111, -3.377143852425000148 ) ) ;
#570 = CARTESIAN_POINT ( 'NONE',  ( 3.063796991514999846, -0.9481945661345000387, -4.536578364442999778 ) ) ;
#571 = CARTESIAN_POINT ( 'NONE',  ( 0.8217929891905813022, 3.073759218810623306, -2.940848675125449674 ) ) ;
#572 = CARTESIAN_POINT ( 'NONE',  ( 2.676374093144000543, -0.8282935779004000354, -2.892901146660999956 ) ) ;
#573 = DIRECTION ( 'NONE',  ( 0.000000000000000000, 0.000000000000000000, 1.000000000000000000 ) ) ;
#574 = CARTESIAN_POINT ( 'NONE',  ( -3.500000000000000000, 3.400000000045683812, -10.50681616449355182 ) ) ;
#575 = CARTESIAN_POINT ( 'NONE',  ( -2.686369738734000201, -0.8313870651189000371, -3.904071267174999971 ) ) ;
#576 = VECTOR ( 'NONE', #1691, 1000.000000000000000 ) ;
#577 = CARTESIAN_POINT ( 'NONE',  ( -1.400208558182000296, -2.425232363965000193, -2.207559704202000095 ) ) ;
#578 = CARTESIAN_POINT ( 'NONE',  ( 2.253893242280999853, -2.087388703947000046, -1.920328466319999983 ) ) ;
#579 = VERTEX_POINT ( 'NONE', #4219 ) ;
#580 = CARTESIAN_POINT ( 'NONE',  ( 1.462310321417999992, 2.532795773129000061, -2.820248599966999947 ) ) ;
#581 = CARTESIAN_POINT ( 'NONE',  ( 2.448316844033000095, 1.413536388964000023, -4.218634258296007467 ) ) ;
#582 = CARTESIAN_POINT ( 'NONE',  ( -2.859774681764653881, 1.380956185842870720, -3.577918901709550070 ) ) ;
#583 = CARTESIAN_POINT ( 'NONE',  ( -1.083914082544999991, 2.582521575934999980, -2.522663791030999914 ) ) ;
#584 = CARTESIAN_POINT ( 'NONE',  ( 2.805522078389000029, 0.8682627462805000418, -1.880267046791000096 ) ) ;
#585 = B_SPLINE_CURVE_WITH_KNOTS ( 'NONE', 3,
 ( #2531, #3827, #2131, #4718, #4294, #5595, #3391, #809, #2560, #3891, #1704, #3456, #5220, #1277, #1739, #3495, #1285, #2170, #3436, #5202, #2111, #3028, #1224, #5258 ),
 .UNSPECIFIED., .F., .F.,
 ( 4, 2, 2, 2, 2, 2, 2, 2, 2, 2, 2, 4 ),
 ( 5.932928400843708276E-15, 0.0008124760632098928506, 0.001218714094811872845, 0.001624952126413852730, 0.002031190158015832616, 0.002437428189617812935, 0.003249904252821772272, 0.003656142284423752158, 0.004062380316025732477, 0.004874856379229692248, 0.005687332442433652019, 0.006499808505637611790 ),
 .UNSPECIFIED. ) ;
#586 = CARTESIAN_POINT ( 'NONE',  ( 2.228536625608603217, -2.261486963755081625, -2.559439977675066480 ) ) ;
#587 = CARTESIAN_POINT ( 'NONE',  ( -2.054217376155537789, 2.421469430210298146, -2.920055377326509660 ) ) ;
#588 = CARTESIAN_POINT ( 'NONE',  ( -0.8212727970570929958, 3.073929792867925670, -3.585560696080522636 ) ) ;
#589 = CARTESIAN_POINT ( 'NONE',  ( -2.448316844033000095, 1.413536388964000023, -3.101504628665813446 ) ) ;
#590 = ORIENTED_EDGE ( 'NONE', *, *, #4913, .F. ) ;
#591 = CARTESIAN_POINT ( 'NONE',  ( -0.6807798646093000672, 2.995600454385999978, -4.223871143701000364 ) ) ;
#592 = CARTESIAN_POINT ( 'NONE',  ( 1.946810162733953797, 2.510144273250638491, -1.660705687174221845 ) ) ;
#593 = VERTEX_POINT ( 'NONE', #2081 ) ;
#594 = CARTESIAN_POINT ( 'NONE',  ( 2.587210007112541010, 1.660429413417832789, -4.371029880514326393 ) ) ;
#595 = CARTESIAN_POINT ( 'NONE',  ( -3.193906752202000376, 0.000000000000000000, -1.405008912546000133 ) ) ;
#596 = DIRECTION ( 'NONE',  ( 1.000000000000000000, 0.000000000000000000, 0.000000000000000000 ) ) ;
#597 = EDGE_CURVE ( 'NONE', #2145, #5462, #795, .T. ) ;
#598 = CARTESIAN_POINT ( 'NONE',  ( -2.676365890446999796, 0.8282910393011000405, -3.081295532503999901 ) ) ;
#599 = VERTEX_POINT ( 'NONE', #4346 ) ;
#600 = CARTESIAN_POINT ( 'NONE',  ( -1.596933849498999969, 2.765970563658000092, -4.268811189600000056 ) ) ;
#601 = CARTESIAN_POINT ( 'NONE',  ( -1.935305901940455042, 2.525587418186683752, -2.837955904021379094 ) ) ;
#602 = CARTESIAN_POINT ( 'NONE',  ( -1.079880973899999930, -2.572912336362000119, -4.493493167964000001 ) ) ;
#603 = CARTESIAN_POINT ( 'NONE',  ( -2.522504877336558149, -1.939248524070324553, -2.659854276461965483 ) ) ;
#604 = SURFACE_SIDE_STYLE ('',( #3132 ) ) ;
#605 = CARTESIAN_POINT ( 'NONE',  ( 2.063187188137999950, 1.910770905142000098, -3.498864876122000034 ) ) ;
#606 = CARTESIAN_POINT ( 'NONE',  ( 3.035309448962999923, -0.3851520833747000272, -1.848440148721000265 ) ) ;
#607 = CARTESIAN_POINT ( 'NONE',  ( -3.059548755452711877, 0.8664401518811329916, -4.263255590393846717 ) ) ;
#608 = CARTESIAN_POINT ( 'NONE',  ( -2.676374093144000543, 0.8282935779004000354, -1.129012257772000094 ) ) ;
#609 = CARTESIAN_POINT ( 'NONE',  ( 0.6231825505960999489, -2.742157970261000166, -3.722049581288005893 ) ) ;
#610 = CARTESIAN_POINT ( 'NONE',  ( -2.236915245343624736, 2.253187437932300696, -3.617383678197436225 ) ) ;
#611 = CARTESIAN_POINT ( 'NONE',  ( 2.448316844033000095, 1.413536388964000023, -4.097041505696999764 ) ) ;
#612 = CARTESIAN_POINT ( 'NONE',  ( 0.6508234437558000351, -2.863784763902999853, -2.063023618699999950 ) ) ;
#613 = LINE ( 'NONE', #4123, #2475 ) ;
#614 = EDGE_CURVE ( 'NONE', #4991, #1936, #4308, .T. ) ;
#615 = CARTESIAN_POINT ( 'NONE',  ( -2.236864466034917953, 2.253237849304900564, -2.911830696736194213 ) ) ;
#616 = CARTESIAN_POINT ( 'NONE',  ( 3.091040196546639418, 0.8350281504766806639, -3.764103905397192307 ) ) ;
#617 = CARTESIAN_POINT ( 'NONE',  ( -1.083914082544999991, -2.582521575934999980, -2.911993454441824003 ) ) ;
#618 = EDGE_CURVE ( 'NONE', #5226, #2450, #2482, .T. ) ;
#619 = VERTEX_POINT ( 'NONE', #2605 ) ;
#620 = CARTESIAN_POINT ( 'NONE',  ( -2.934656025390999901, 0.9082275700565000109, -4.106278551107999775 ) ) ;
#621 = CARTESIAN_POINT ( 'NONE',  ( -0.4779715985127018785, 3.140826581456077626, -1.569809226714124373 ) ) ;
#622 = ORIENTED_EDGE ( 'NONE', *, *, #4983, .T. ) ;
#623 = CARTESIAN_POINT ( 'NONE',  ( 1.406105486533516080, -2.742796167455106460, -1.236344605140872410 ) ) ;
#624 = CARTESIAN_POINT ( 'NONE',  ( -0.7107466043442001169, -3.127461550510000077, -3.371500996961000141 ) ) ;
#625 = CARTESIAN_POINT ( 'NONE',  ( -2.097477223746389008, -2.392562744630378990, -1.931739678454235332 ) ) ;
#626 = CARTESIAN_POINT ( 'NONE',  ( 1.688261783756999979, -2.221653715575000021, -2.094850516769999782 ) ) ;
#627 = ORIENTED_EDGE ( 'NONE', *, *, #3074, .T. ) ;
#628 = CARTESIAN_POINT ( 'NONE',  ( 1.236200906108000153, -2.945358459331000045, -4.634711252712000018 ) ) ;
#629 = CARTESIAN_POINT ( 'NONE',  ( -0.4149113972880662526, 3.154581096659489159, -2.895170114739746836 ) ) ;
#630 = CARTESIAN_POINT ( 'NONE',  ( -2.536372480240768557, 1.954051095285144868, -2.103000840686414907 ) ) ;
#631 = CARTESIAN_POINT ( 'NONE',  ( -1.750883169041836940, -2.176172285514347937, -4.528931546091580884 ) ) ;
#632 = CARTESIAN_POINT ( 'NONE',  ( -1.149329042773458154, -2.960616407031513742, -1.983016815939742550 ) ) ;
#633 = CARTESIAN_POINT ( 'NONE',  ( 1.083914082544999991, -2.582521575934999980, -1.531127074006999988 ) ) ;
#634 = CARTESIAN_POINT ( 'NONE',  ( 3.035309448962999923, 0.3851520833747000272, -1.116640022496000029 ) ) ;
#635 = CARTESIAN_POINT ( 'NONE',  ( 2.805515059268000044, -0.8682605739783999521, -4.381534293328999574 ) ) ;
#636 = CARTESIAN_POINT ( 'NONE',  ( -0.6231825505962000911, 2.742157970261000166, -1.264605616861999904 ) ) ;
#637 = CARTESIAN_POINT ( 'NONE',  ( 0.6231825505962000911, -2.742157970261000166, -4.306012384244000124 ) ) ;
#638 = CARTESIAN_POINT ( 'NONE',  ( 2.154698634633000154, 1.995522017622999744, -1.122282877960000036 ) ) ;
#639 = CARTESIAN_POINT ( 'NONE',  ( 3.500000000000000000, -7.400000000000000355, -15.19999999999999929 ) ) ;
#640 = LINE ( 'NONE', #696, #1645 ) ;
#641 = CARTESIAN_POINT ( 'NONE',  ( -2.773342827485739015, 1.600498463932513715, -3.498424597107403500 ) ) ;
#642 = CARTESIAN_POINT ( 'NONE',  ( 2.778486331853999847, 0.3525636569631999673, -3.382363824812813391 ) ) ;
#643 = VECTOR ( 'NONE', #1149, 1000.000000000000000 ) ;
#644 = CARTESIAN_POINT ( 'NONE',  ( -1.083914082544999991, -2.582521575934999980, -4.444697318152999621 ) ) ;
#645 = ORIENTED_EDGE ( 'NONE', *, *, #238, .T. ) ;
#646 = CARTESIAN_POINT ( 'NONE',  ( -2.934656025390999901, -0.9082275700565000109, -4.041114571790999754 ) ) ;
#647 = CARTESIAN_POINT ( 'NONE',  ( 0.9974007949065564205, 3.015790707607075127, -1.624444159190548964 ) ) ;
#648 = ORIENTED_EDGE ( 'NONE', *, *, #5041, .F. ) ;
#649 = CONICAL_SURFACE ( 'NONE', #5150, 2.974836257351398672, 1.047197551152150519 ) ;
#650 = CARTESIAN_POINT ( 'NONE',  ( 2.792332490039000081, -1.612153914791000009, -3.227694097731000245 ) ) ;
#651 = CARTESIAN_POINT ( 'NONE',  ( 1.406380618346515732, -2.854058600946876023, -1.800000188611617258 ) ) ;
#652 = CARTESIAN_POINT ( 'NONE',  ( 1.079877664222000044, 2.572904450759999850, -2.565220887140999828 ) ) ;
#653 = ORIENTED_EDGE ( 'NONE', *, *, #4200, .T. ) ;
#654 = CARTESIAN_POINT ( 'NONE',  ( 3.168855702086000203, -0.4020978407948000433, -4.517118660119001206 ) ) ;
#655 = CARTESIAN_POINT ( 'NONE',  ( 2.934672175628850521, 0.4413123398661206176, -1.167121021187272012 ) ) ;
#656 = CARTESIAN_POINT ( 'NONE',  ( -1.831867990631999910E-14, 2.816553593939000066, -4.095041379225000000 ) ) ;
#657 = DIRECTION ( 'NONE',  ( 0.000000000000000000, 0.000000000000000000, -1.000000000000000000 ) ) ;
#658 = EDGE_CURVE ( 'NONE', #2971, #599, #2717, .T. ) ;
#659 = CARTESIAN_POINT ( 'NONE',  ( 1.589469766314348886, -2.756341816149560753, -1.881071561543578019 ) ) ;
#660 = CARTESIAN_POINT ( 'NONE',  ( 2.778486331853999847, 0.3525636569632999984, -1.387289910745000077 ) ) ;
#661 = CARTESIAN_POINT ( 'NONE',  ( -0.3610797180614183088, 0.1726605131134812676, -2.799999999999999378 ) ) ;
#662 = CARTESIAN_POINT ( 'NONE',  ( -2.805515059268000044, -0.8682605739783999521, -3.963592536234000097 ) ) ;
#663 = CARTESIAN_POINT ( 'NONE',  ( -0.6231825505962000911, 2.742157970261000166, -1.970161172417999706 ) ) ;
#664 = CARTESIAN_POINT ( 'NONE',  ( -0.6231825505960999489, -2.742157970261000166, -4.358440997519999804 ) ) ;
#665 = EDGE_CURVE ( 'NONE', #4275, #4961, #3528, .T. ) ;
#666 = CARTESIAN_POINT ( 'NONE',  ( -2.154698634633000154, -1.995522017622999744, -2.886171766848999898 ) ) ;
#667 = CARTESIAN_POINT ( 'NONE',  ( -0.7144883933463793690, -3.095308820143715778, -3.377850758623266891 ) ) ;
#668 = AXIS2_PLACEMENT_3D ( 'NONE', #3838, #5169, #2905 ) ;
#669 = CARTESIAN_POINT ( 'NONE',  ( 2.686369738734000201, 0.8313870651189000371, -2.128181898267006655 ) ) ;
#670 = CARTESIAN_POINT ( 'NONE',  ( 2.179585952072438104, -2.308941448272201047, -2.561688643627585193 ) ) ;
#671 = CARTESIAN_POINT ( 'NONE',  ( -3.100000000000000533, 3.796405077356795411E-16, -8.199999999999999289 ) ) ;
#672 = CARTESIAN_POINT ( 'NONE',  ( 2.522504650726558495, 1.939248824255997983, -3.718187596060054112 ) ) ;
#673 = CARTESIAN_POINT ( 'NONE',  ( -2.448316844033000095, -1.413536388964000023, -2.278356480517813143 ) ) ;
#674 = CARTESIAN_POINT ( 'NONE',  ( 2.686369738734000201, 0.8313870651189000371, -3.484496873088000157 ) ) ;
#675 = VERTEX_POINT ( 'NONE', #3062 ) ;
#676 = CARTESIAN_POINT ( 'NONE',  ( -0.6508218154640000863, -2.863777599015000064, -1.729333276975000055 ) ) ;
#677 = CARTESIAN_POINT ( 'NONE',  ( 2.063890503458525760, 2.413202904916618596, -1.665947564173426487 ) ) ;
#678 = ORIENTED_EDGE ( 'NONE', *, *, #2887, .F. ) ;
#679 = CARTESIAN_POINT ( 'NONE',  ( -3.193906752202000376, 1.382227665658000089E-14, -3.521675579211999807 ) ) ;
#680 = CARTESIAN_POINT ( 'NONE',  ( -2.495772124794196412, 1.972002917270187394, -4.221053211156950091 ) ) ;
#681 = VERTEX_POINT ( 'NONE', #3583 ) ;
#682 = CARTESIAN_POINT ( 'NONE',  ( -2.353059077759999784, -2.179228743622999787, -4.066207994073000265 ) ) ;
#683 = CARTESIAN_POINT ( 'NONE',  ( -2.773341972145525247, 1.600499922736166925, -2.792869102796621927 ) ) ;
#684 = CARTESIAN_POINT ( 'NONE',  ( -1.394998557377999937, -2.416208377863999779, -4.506615453299000151 ) ) ;
#685 = CARTESIAN_POINT ( 'NONE',  ( -2.971070496825198415, -1.120188724467040320, -2.076863116438449008 ) ) ;
#686 = CARTESIAN_POINT ( 'NONE',  ( -0.6231825505960999489, -2.742157970261000166, -1.603015391607000018 ) ) ;
#687 = EDGE_CURVE ( 'NONE', #150, #4275, #1719, .T. ) ;
#688 = CARTESIAN_POINT ( 'NONE',  ( 0.4000000000000001332, 0.02534302217852339376, -2.800000000000000266 ) ) ;
#689 = CARTESIAN_POINT ( 'NONE',  ( 2.805515059268000044, 0.8682605739783999521, -4.316370314012000442 ) ) ;
#690 = CARTESIAN_POINT ( 'NONE',  ( 0.6231825505962000911, -2.742157970261000166, -1.617383394640000249 ) ) ;
#691 = B_SPLINE_CURVE_WITH_KNOTS ( 'NONE', 3,
 ( #5434, #3262, #4937, #1020, #2745, #4507, #566, #4078, #2773, #3638, #4534, #594, #154, #3665, #1479, #3232, #3697, #2799 ),
 .UNSPECIFIED., .F., .F.,
 ( 4, 2, 2, 2, 2, 2, 2, 2, 4 ),
 ( 1.029992063861229212E-18, 0.0006487102698895946557, 0.001297420539779188444, 0.001946130809668782016, 0.002594841079558375153, 0.003243551349447968291, 0.003892261619337560995, 0.004540971889227153266, 0.005189682159116745970 ),
 .UNSPECIFIED. ) ;
#692 = CARTESIAN_POINT ( 'NONE',  ( 0.6231825505960999489, -2.742157970261000166, -3.600456828688999966 ) ) ;
#693 = CARTESIAN_POINT ( 'NONE',  ( 2.805522078389000029, -0.8682627462805000418, -3.356542137218999855 ) ) ;
#694 = CARTESIAN_POINT ( 'NONE',  ( 1.694572249308000211, -2.229957918970999931, -2.265234195183005284 ) ) ;
#695 = CARTESIAN_POINT ( 'NONE',  ( -3.154776489472742362, -0.4144184913117929803, -4.131513643144746339 ) ) ;
#696 = CARTESIAN_POINT ( 'NONE',  ( 3.500000000000000000, -7.400000000000000355, -15.19999999999999929 ) ) ;
#697 = CARTESIAN_POINT ( 'NONE',  ( -2.236930942320062066, 2.253171854232343563, -2.206271771355980071 ) ) ;
#698 = CARTESIAN_POINT ( 'NONE',  ( 0.6231825505962000911, 2.742157970261000166, -2.539755972340813628 ) ) ;
#699 = CARTESIAN_POINT ( 'NONE',  ( 2.063187188137999950, 1.910770905142000098, -3.432068259813000122 ) ) ;
#700 = ORIENTED_EDGE ( 'NONE', *, *, #3923, .F. ) ;
#701 = CARTESIAN_POINT ( 'NONE',  ( 1.131987617969000048, 2.697061044018000064, -2.101570759077000083 ) ) ;
#702 = DIRECTION ( 'NONE',  ( 0.000000000000000000, 0.000000000000000000, -1.000000000000000000 ) ) ;
#703 = ORIENTED_EDGE ( 'NONE', *, *, #4272, .T. ) ;
#704 = CARTESIAN_POINT ( 'NONE',  ( -1.932678427628000017, -2.543291716405000180, -2.711649716399000098 ) ) ;
#705 = DIRECTION ( 'NONE',  ( 0.000000000000000000, 0.000000000000000000, 1.000000000000000000 ) ) ;
#706 = B_SPLINE_CURVE_WITH_KNOTS ( 'NONE', 3,
 ( #939, #2292, #1803, #2318, #5295, #3616, #3995, #3587, #4052, #3093, #130, #4852, #3561, #3640, #5355, #454, #4081, #3966, #44, #5323, #992, #5409, #1778, #4430, #1400, #1368, #3122, #3180, #1453, #4939 ),
 .UNSPECIFIED., .F., .F.,
 ( 4, 2, 2, 2, 2, 2, 2, 2, 2, 2, 2, 2, 2, 2, 4 ),
 ( -0.01991172318080665707, -0.01928948064739775467, -0.01866723811398884880, -0.01742275304717104401, -0.01680051051376213814, -0.01617826798035323227, -0.01555602544694432987, -0.01493378291353542400, -0.01431154038012651987, -0.01368929784671761574, -0.01306705531330870987, -0.01244481277989980574, -0.01182257024649090334, -0.01120032771308200094, -0.009955842646264196141 ),
 .UNSPECIFIED. ) ;
#707 = ORIENTED_EDGE ( 'NONE', *, *, #3923, .T. ) ;
#708 = CARTESIAN_POINT ( 'NONE',  ( 0.000000000000000000, 3.088363467746999991, -1.427863228117000061 ) ) ;
#709 = CARTESIAN_POINT ( 'NONE',  ( -1.079880973899999930, -2.572912336362000119, -3.787937612408999843 ) ) ;
#710 = CARTESIAN_POINT ( 'NONE',  ( 0.8289095423428621823, -3.092955116456852505, -1.910029591544650795 ) ) ;
#711 = CARTESIAN_POINT ( 'NONE',  ( -2.063187188137999950, 1.910770905142000098, -1.132645021235999971 ) ) ;
#712 = CARTESIAN_POINT ( 'NONE',  ( -0.3022708126128264006, 0.2634668500010737824, -2.799999999999999822 ) ) ;
#713 = CARTESIAN_POINT ( 'NONE',  ( -3.063796991514999846, -0.9481945661345000387, -2.001969940682000182 ) ) ;
#714 = CARTESIAN_POINT ( 'NONE',  ( -1.967795746508000043, -2.155252087711999831, -4.607344373479000943 ) ) ;
#715 = DIRECTION ( 'NONE',  ( 0.000000000000000000, 0.000000000000000000, -1.000000000000000000 ) ) ;
#716 = CARTESIAN_POINT ( 'NONE',  ( 1.088018564133000193E-14, -2.827072777928000047, -3.626671135326000162 ) ) ;
#717 = CARTESIAN_POINT ( 'NONE',  ( 1.769733998381000095, -2.328866382518000044, -2.722874899263000081 ) ) ;
#718 = CARTESIAN_POINT ( 'NONE',  ( -0.6231825505962000911, 2.742157970261000166, -1.252605136843005562 ) ) ;
#719 = CARTESIAN_POINT ( 'NONE',  ( -2.854661983437970285, -1.405117257819018528, -4.094200350802478461 ) ) ;
#720 = CARTESIAN_POINT ( 'NONE',  ( 2.351383443790648453, 3.167949717137521493, -8.199999999999999289 ) ) ;
#721 = LINE ( 'NONE', #286, #5050 ) ;
#722 = CARTESIAN_POINT ( 'NONE',  ( -1.083914082544999991, -2.582521575934999980, -2.206437898886813631 ) ) ;
#723 = CARTESIAN_POINT ( 'NONE',  ( -2.063187188137999950, -1.910770905142000098, -4.490401593146000181 ) ) ;
#724 = VERTEX_POINT ( 'NONE', #4908 ) ;
#725 = CARTESIAN_POINT ( 'NONE',  ( 2.556904091329999851, -1.476229265421000303, -2.291081933300000095 ) ) ;
#726 = CARTESIAN_POINT ( 'NONE',  ( -2.342822170017911709, -2.143531234661198770, -3.443698848755031516 ) ) ;
#727 = EDGE_LOOP ( 'NONE', ( #4879, #2447, #2536 ) ) ;
#728 = CARTESIAN_POINT ( 'NONE',  ( -1.400208558182000296, -2.425232363965000193, -3.618670815314000588 ) ) ;
#729 = VECTOR ( 'NONE', #4405, 1000.000000000000000 ) ;
#730 = CARTESIAN_POINT ( 'NONE',  ( -0.3215944374217135082, -0.2439865121982034979, -2.799999999999999822 ) ) ;
#731 = CARTESIAN_POINT ( 'NONE',  ( 0.3976596100354142793, -0.05028435691985233547, -1.800000000000000266 ) ) ;
#732 = VECTOR ( 'NONE', #2007, 1000.000000000000000 ) ;
#733 = VERTEX_POINT ( 'NONE', #3934 ) ;
#734 = CARTESIAN_POINT ( 'NONE',  ( -2.674601219188000201, -1.544181733873000173, -1.898233598487000018 ) ) ;
#735 = CARTESIAN_POINT ( 'NONE',  ( -0.1589740926775567720, 0.3672515249447650953, -1.800000000000000266 ) ) ;
#736 = LINE ( 'NONE', #3842, #3234 ) ;
#737 = CARTESIAN_POINT ( 'NONE',  ( -1.939344730489638069, -2.522443586387170367, -2.012903236393488005 ) ) ;
#738 = CARTESIAN_POINT ( 'NONE',  ( -2.686369738734000201, 0.8313870651188000060, -4.674790802048000238 ) ) ;
#739 = AXIS2_PLACEMENT_3D ( 'NONE', #3346, #4734, #1624 ) ;
#740 = CARTESIAN_POINT ( 'NONE',  ( 3.175000000000072209, 1.019979527119728009E-14, -3.880555555555125657 ) ) ;
#741 = CARTESIAN_POINT ( 'NONE',  ( -1.236200906108000153, 2.945358459331000045, -2.165266808267999998 ) ) ;
#742 = CARTESIAN_POINT ( 'NONE',  ( 0.6208637663186999944, 2.731954743643000061, -2.004589019196000077 ) ) ;
#743 = CARTESIAN_POINT ( 'NONE',  ( 1.694572249308000211, -2.229957918970999931, -1.571679119646999911 ) ) ;
#744 = CARTESIAN_POINT ( 'NONE',  ( 0.6231825505962000911, -2.742157970261000166, -1.416993545713000069 ) ) ;
#745 = CARTESIAN_POINT ( 'NONE',  ( 2.154698634633000154, 1.995522017622999744, -3.238949544626000154 ) ) ;
#746 = VECTOR ( 'NONE', #1574, 1000.000000000000000 ) ;
#747 = CARTESIAN_POINT ( 'NONE',  ( 2.778486331853999847, -0.3525636569632999984, -1.468330617705005503 ) ) ;
#748 = CARTESIAN_POINT ( 'NONE',  ( 1.587641300897278729, -2.757431183341634728, -3.910122354218527274 ) ) ;
#749 = LINE ( 'NONE', #4630, #3951 ) ;
#750 = PLANE ( 'NONE',  #3489 ) ;
#751 = CARTESIAN_POINT ( 'NONE',  ( 1.083914082544999991, 2.582521575934999980, -1.148104565552982681 ) ) ;
#752 = CARTESIAN_POINT ( 'NONE',  ( 2.686369738734000201, -0.8313870651189000371, -4.255216407960999980 ) ) ;
#753 = CARTESIAN_POINT ( 'NONE',  ( 2.439199487657000454, -1.408272480806000093, -2.754732061363999840 ) ) ;
#754 = VERTEX_POINT ( 'NONE', #2232 ) ;
#755 = CARTESIAN_POINT ( 'NONE',  ( 2.805515059268000044, -0.8682605739783999521, -1.559312071107000097 ) ) ;
#756 = CARTESIAN_POINT ( 'NONE',  ( -2.769302221027670541, -1.560534832108603220, -3.470221170230041619 ) ) ;
#757 = EDGE_LOOP ( 'NONE', ( #2804, #3869, #2051, #1766, #761, #843, #3558, #1364, #4637, #4882, #1904, #2428, #5256, #3832 ) ) ;
#758 = CARTESIAN_POINT ( 'NONE',  ( 2.448316844033000095, -1.413536388964000023, -3.442281926425000194 ) ) ;
#759 = FACE_OUTER_BOUND ( 'NONE', #2566, .T. ) ;
#760 = CARTESIAN_POINT ( 'NONE',  ( 0.1002930484135183403, -0.3905705023458003189, -1.800000000000000488 ) ) ;
#761 = ORIENTED_EDGE ( 'NONE', *, *, #3551, .F. ) ;
#762 = CARTESIAN_POINT ( 'NONE',  ( -2.832240785061999944, -1.134806448995999917, -1.209368696210999961 ) ) ;
#763 = CARTESIAN_POINT ( 'NONE',  ( 0.4000000000000000222, 2.939152317953647352E-17, -1.800000000000000044 ) ) ;
#764 = DIRECTION ( 'NONE',  ( -1.000000000000000000, 0.000000000000000000, -0.000000000000000000 ) ) ;
#765 = FACE_OUTER_BOUND ( 'NONE', #1219, .T. ) ;
#766 = CARTESIAN_POINT ( 'NONE',  ( -2.934678266330999818, -0.9082344532599000431, -4.272180318172000391 ) ) ;
#767 = DIRECTION ( 'NONE',  ( 0.000000000000000000, 0.000000000000000000, -1.000000000000000000 ) ) ;
#768 = CARTESIAN_POINT ( 'NONE',  ( -3.174999999999999822, 1.671046834351490101E-11, -4.145138886962458358 ) ) ;
#769 = CARTESIAN_POINT ( 'NONE',  ( -3.168855702086000203, -0.4020978407948000433, -1.315874089450000062 ) ) ;
#770 = CARTESIAN_POINT ( 'NONE',  ( -0.3927219224053704605, -3.151366103228297799, -3.365907402750341948 ) ) ;
#771 = CARTESIAN_POINT ( 'NONE',  ( 0.6208637663186999944, 2.731954743643000061, -1.299033463640000052 ) ) ;
#772 = CARTESIAN_POINT ( 'NONE',  ( 2.686369738734000201, 0.8313870651189000371, -2.845737933841999912 ) ) ;
#773 = CARTESIAN_POINT ( 'NONE',  ( 2.855307331093334788, 1.403341944050669809, -3.123988408116318283 ) ) ;
#774 = CARTESIAN_POINT ( 'NONE',  ( 2.448316844033000095, -1.413536388964000023, -1.325615259757999986 ) ) ;
#775 = CARTESIAN_POINT ( 'NONE',  ( 1.462313979973999922, 2.532802109932999812, -2.500811999411999942 ) ) ;
#776 = CARTESIAN_POINT ( 'NONE',  ( 2.800417116365000236, 0.000000000000000000, -1.455208332370005797 ) ) ;
#777 = CARTESIAN_POINT ( 'NONE',  ( 0.000000000000000000, 0.000000000000000000, -1.175997295320030389 ) ) ;
#778 = CARTESIAN_POINT ( 'NONE',  ( 0.000000000000000000, 0.000000000000000000, -5.599999999999998757 ) ) ;
#779 = LINE ( 'NONE', #5098, #5517 ) ;
#780 = CARTESIAN_POINT ( 'NONE',  ( -0.6231825505962000911, -2.742157970261000166, -2.186978194562813282 ) ) ;
#781 = CARTESIAN_POINT ( 'NONE',  ( -0.6231825505960999489, -2.742157970261000166, -1.536218775298000105 ) ) ;
#782 = CARTESIAN_POINT ( 'NONE',  ( -0.6208618634615999943, 2.731946370599999785, -3.198888125097000046 ) ) ;
#783 = EDGE_LOOP ( 'NONE', ( #3397, #385, #4964, #2353 ) ) ;
#784 = CARTESIAN_POINT ( 'NONE',  ( -2.556904091329999851, -1.476229265421000303, -1.820711562929999916 ) ) ;
#785 = CARTESIAN_POINT ( 'NONE',  ( -3.174999999960820940, 0.2349893294444087288, -1.418815493159635954 ) ) ;
#786 = ORIENTED_EDGE ( 'NONE', *, *, #4272, .F. ) ;
#787 = EDGE_CURVE ( 'NONE', #2996, #2145, #4824, .T. ) ;
#788 = CARTESIAN_POINT ( 'NONE',  ( -2.448316844033000095, 1.413536388964000023, -3.795059704202000006 ) ) ;
#789 = CARTESIAN_POINT ( 'NONE',  ( -2.439199487657000454, -1.408272480806000093, -1.578806135438000080 ) ) ;
#790 = ADVANCED_FACE ( 'NONE', ( #3089 ), #2632, .F. ) ;
#791 = CARTESIAN_POINT ( 'NONE',  ( -0.1589740926775564667, -0.3672515249447652064, -2.800000000000000266 ) ) ;
#792 = CARTESIAN_POINT ( 'NONE',  ( -0.1217131053530289136, -0.3819822651081099529, -1.800000000000000266 ) ) ;
#793 = ORIENTED_EDGE ( 'NONE', *, *, #37, .F. ) ;
#794 = CARTESIAN_POINT ( 'NONE',  ( 0.6807798646093000672, 2.995600454385999978, -2.159633090309999837 ) ) ;
#795 = LINE ( 'NONE', #2546, #1190 ) ;
#796 = CARTESIAN_POINT ( 'NONE',  ( -2.332399654168974212, -0.9001966847907308944, -1.800000000000000266 ) ) ;
#797 = FACE_OUTER_BOUND ( 'NONE', #877, .T. ) ;
#798 = CARTESIAN_POINT ( 'NONE',  ( 2.934678266330999818, -0.9082344532599999631, -3.984566519711000065 ) ) ;
#799 = FACE_OUTER_BOUND ( 'NONE', #3664, .T. ) ;
#800 = LINE ( 'NONE', #1266, #4132 ) ;
#801 = CARTESIAN_POINT ( 'NONE',  ( 3.063796991514999846, -0.9481945661345000387, -1.714356142221000079 ) ) ;
#802 = CARTESIAN_POINT ( 'NONE',  ( 2.570957348419455446, -1.863142256150007281, -3.245866679113485365 ) ) ;
#803 = CARTESIAN_POINT ( 'NONE',  ( 1.394998557377999937, 2.416208377863999779, -2.037171008854000043 ) ) ;
#804 = CARTESIAN_POINT ( 'NONE',  ( 2.778486331853999847, -0.3525636569632999984, -2.891442208835000027 ) ) ;
#805 = CARTESIAN_POINT ( 'NONE',  ( 2.936037398339261362, 1.208433956295468015, -3.131724468615598056 ) ) ;
#806 = CARTESIAN_POINT ( 'NONE',  ( -2.091945642809000194, 1.852623100710999893, -4.590913380658999898 ) ) ;
#807 = CARTESIAN_POINT ( 'NONE',  ( 2.805522078389000029, 0.8682627462805000418, -3.996933713457000437 ) ) ;
#808 = CARTESIAN_POINT ( 'NONE',  ( -1.400208558182000296, 2.425232363965000193, -2.631134258296005779 ) ) ;
#809 = CARTESIAN_POINT ( 'NONE',  ( 2.452989314323223535, -1.649683963382217566, -4.436608731893528557 ) ) ;
#810 = CARTESIAN_POINT ( 'NONE',  ( 0.000000000000000000, 0.000000000000000000, -2.799999999999999822 ) ) ;
#811 = CARTESIAN_POINT ( 'NONE',  ( 2.448316844033000095, -1.413536388964000023, -2.043171295332813386 ) ) ;
#812 = CARTESIAN_POINT ( 'NONE',  ( 2.686369738734000201, 0.8313870651189000371, -2.006589145667999841 ) ) ;
#813 = CARTESIAN_POINT ( 'NONE',  ( -2.768139447978999801, -0.3512507351845000070, -3.741146813065999943 ) ) ;
#814 = ORIENTED_EDGE ( 'NONE', *, *, #5305, .F. ) ;
#815 = CARTESIAN_POINT ( 'NONE',  ( -2.556904091329999851, -1.476229265421000303, -2.526267118485999941 ) ) ;
#816 = DIRECTION ( 'NONE',  ( 0.000000000000000000, -1.000000000000000000, 0.000000000000000000 ) ) ;
#817 = VERTEX_POINT ( 'NONE', #2659 ) ;
#818 = CARTESIAN_POINT ( 'NONE',  ( -2.778486331853999847, -0.3525636569632000228, -4.428696678127000297 ) ) ;
#819 = CARTESIAN_POINT ( 'NONE',  ( 0.000000000000000000, 2.816544961612000186, -1.813991320623000281 ) ) ;
#820 = CARTESIAN_POINT ( 'NONE',  ( -3.168894449455999851, 0.4021027574698999851, -4.240353420102001003 ) ) ;
#821 = CARTESIAN_POINT ( 'NONE',  ( 0.1589740926775567720, -0.3672515249447650953, -1.800000000000000266 ) ) ;
#822 = EDGE_LOOP ( 'NONE', ( #2168, #3319, #4046, #2422 ) ) ;
#823 = CARTESIAN_POINT ( 'NONE',  ( -0.6807798646093000672, -2.995600454385999978, -1.806855312532000157 ) ) ;
#824 = CARTESIAN_POINT ( 'NONE',  ( -0.3517814310586940274, 0.1982874407681892992, -1.800000000000000266 ) ) ;
#825 = CARTESIAN_POINT ( 'NONE',  ( 2.753529712682236674, 1.594299156306536736, -2.322293756976318235 ) ) ;
#826 = AXIS2_PLACEMENT_3D ( 'NONE', #2593, #1214, #2037 ) ;
#827 = DIRECTION ( 'NONE',  ( 0.000000000000000000, 0.000000000000000000, -1.000000000000000000 ) ) ;
#828 = CARTESIAN_POINT ( 'NONE',  ( 2.674621489245000205, 1.544193436795999963, -3.893188233756999850 ) ) ;
#829 = LINE ( 'NONE', #3411, #3388 ) ;
#830 = CARTESIAN_POINT ( 'NONE',  ( 2.353059077759999784, -2.179228743622999787, -1.766784755496999981 ) ) ;
#831 = CARTESIAN_POINT ( 'NONE',  ( 2.859579488932247227, -1.381360362916653983, -3.225157623920429817 ) ) ;
#832 = CARTESIAN_POINT ( 'NONE',  ( 2.439206963470999856, 1.408276796968999989, -2.095967305151000382 ) ) ;
#833 = CARTESIAN_POINT ( 'NONE',  ( 2.414063805987871181, 0.6590412539566675720, -1.800000000000000266 ) ) ;
#834 = CARTESIAN_POINT ( 'NONE',  ( -1.083914082544999991, -2.582521575934999980, -3.100382823351000461 ) ) ;
#835 = CARTESIAN_POINT ( 'NONE',  ( 1.400208558182000296, 2.425232363965000193, -1.854781926425000060 ) ) ;
#836 = CARTESIAN_POINT ( 'NONE',  ( 2.015054789694999909E-14, 2.952465917602000278, -3.853126814227000096 ) ) ;
#837 = CARTESIAN_POINT ( 'NONE',  ( 2.063187188137999950, 1.910770905142000098, -2.781308840547005001 ) ) ;
#838 = CARTESIAN_POINT ( 'NONE',  ( 0.000000000000000000, 0.000000000000000000, -2.000000000000000000 ) ) ;
#839 = CARTESIAN_POINT ( 'NONE',  ( 2.778486331853999847, 0.3525636569632999984, -1.971252713701812986 ) ) ;
#840 = ADVANCED_FACE ( 'NONE', ( #4478 ), #4400, .T. ) ;
#841 = CARTESIAN_POINT ( 'NONE',  ( 2.063187188137999950, 1.910770905142000098, -1.248604976837000224 ) ) ;
#842 = CARTESIAN_POINT ( 'NONE',  ( -2.676365890446999796, -0.8282910393011000405, -4.427242664298001174 ) ) ;
#843 = ORIENTED_EDGE ( 'NONE', *, *, #2629, .F. ) ;
#844 = VERTEX_POINT ( 'NONE', #4452 ) ;
#845 = CARTESIAN_POINT ( 'NONE',  ( -2.686369738734000201, 0.8313870651189000371, -3.768845397564999811 ) ) ;
#846 = CARTESIAN_POINT ( 'NONE',  ( 2.439199487657000454, 1.408272480806000093, -1.226028357659999957 ) ) ;
#847 = CARTESIAN_POINT ( 'NONE',  ( 3.193906752202000376, 0.000000000000000000, -3.874453356990000596 ) ) ;
#848 = CARTESIAN_POINT ( 'NONE',  ( 0.1726605131134812954, -0.3610797180614183643, -1.800000000000000711 ) ) ;
#849 =( GEOMETRIC_REPRESENTATION_CONTEXT ( 3 ) GLOBAL_UNCERTAINTY_ASSIGNED_CONTEXT ( ( #1700 ) ) GLOBAL_UNIT_ASSIGNED_CONTEXT ( ( #4171, #3790, #1998 ) ) REPRESENTATION_CONTEXT ( 'NONE', 'WORKASPACE' ) );
#850 = ORIENTED_EDGE ( 'NONE', *, *, #3297, .F. ) ;
#851 = CARTESIAN_POINT ( 'NONE',  ( -1.184094262037999945, -2.821209751675000543, -3.237426127966999800 ) ) ;
#852 = CARTESIAN_POINT ( 'NONE',  ( 2.987243403843853784, 1.080642951801751073, -1.725714932292403914 ) ) ;
#853 = CARTESIAN_POINT ( 'NONE',  ( 2.499999999999999556, -0.3180842364209852113, -1.800000000000000488 ) ) ;
#854 = CARTESIAN_POINT ( 'NONE',  ( 3.168894449455999851, -0.4021027574698999851, -1.065353420102000070 ) ) ;
#855 = DIRECTION ( 'NONE',  ( 1.000000000000000000, 1.776356839400250465E-15, 0.000000000000000000 ) ) ;
#856 = CARTESIAN_POINT ( 'NONE',  ( -2.778486331853999847, 0.3525636569632000228, -3.177423370304000017 ) ) ;
#857 = FACE_OUTER_BOUND ( 'NONE', #1109, .T. ) ;
#858 = CARTESIAN_POINT ( 'NONE',  ( -3.063796991514999846, -0.9481945661345000387, -3.413081051793000142 ) ) ;
#859 = DIRECTION ( 'NONE',  ( -1.000000000000000000, 0.000000000000000000, -0.000000000000000000 ) ) ;
#860 = CARTESIAN_POINT ( 'NONE',  ( 0.000000000000000000, 2.816553593939000066, -1.978374712558000237 ) ) ;
#861 = EDGE_CURVE ( 'NONE', #325, #733, #3992, .T. ) ;
#862 = CARTESIAN_POINT ( 'NONE',  ( -2.778486331853999847, 0.3525636569632000228, -3.244219986612999929 ) ) ;
#863 = CARTESIAN_POINT ( 'NONE',  ( -0.6231825505962000911, 2.742157970261000166, -1.769771323491000192 ) ) ;
#864 = CARTESIAN_POINT ( 'NONE',  ( -1.131990450089999989, -2.697067791798000158, -4.251578602966000098 ) ) ;
#865 = CARTESIAN_POINT ( 'NONE',  ( 2.778486331853999847, -0.3525636569632999984, -2.879441728816006574 ) ) ;
#866 = CARTESIAN_POINT ( 'NONE',  ( -1.750883169041836940, -2.176172285514347937, -4.528931546091580884 ) ) ;
#867 = CARTESIAN_POINT ( 'NONE',  ( 2.049999999999999822, -7.400000000000000355, -15.19999999999999929 ) ) ;
#868 = CARTESIAN_POINT ( 'NONE',  ( 2.778486331853999847, -0.3525636569632999984, -1.346737865106000021 ) ) ;
#869 = CARTESIAN_POINT ( 'NONE',  ( 2.676365890446999796, 0.8282910393011000405, -3.368909330964999782 ) ) ;
#870 = CARTESIAN_POINT ( 'NONE',  ( -3.499999966765584336, 2.872335082924145855, -15.19999999999999929 ) ) ;
#871 = VERTEX_POINT ( 'NONE', #509 ) ;
#872 = B_SPLINE_SURFACE_WITH_KNOTS ( 'NONE', 3, 3, ( 
 ( #2195, #4844, #3552, #2226, #5641, #2653, #475, #3957, #4761, #4341, #846, #2600, #1311, #874, #1255, #3057, #5672, #4395, #5697, #900, #4422, #446, #3929, #4819, #3987, #34, #4370, #418, #789, #2999, #2626, #5229, #6, #1768, #3523, #1684, #5286, #1334, #3084, #390, #819, #1795, #2968, #4727, #2541, #4305, #353, #2572, #3871, #2142, #3901, #1715, #3465, #2828, #626, #2071, #5599, #5162, #1181, #2962, #2535, #289, #3363, #4298, #3865, #2992, #1053, #5635, #5127, #2803, #2040, #1483, #4564, #4690, #2371, #3236, #4587, #5026, #652, #3265, #4265, #347, #3831, #1646, #2929, #3396, #3803, #1217, #753, #1614, #3430, #2104, #5568, #1249, #4998, #3670, #4722, #1080, #2477, #4237, #4135, #2506, #1678, #185, #1940, #598, #2344, #316, #4108, #5196, #157, #782, #1911, #5438, #3701, #5466, #1514, #1735, #4815, #869, #4755, #5282, #3895, #1386, #1359, #1331, #2680, #3053, #3109, #927, #3490, #4391, #4871, #4444, #5254, #1793, #502, #2252, #813, #2565, #2622, #2166, #3925, #1709, #3952, #5693, #1308, #3985, #60, #32, #3460, #442, #3549, #2191, #2649, #4841, #4335, #2, #5313, #4011, #1820, #1764, #3576, #5342, #384, #1281, #5666, #2135, #5224, #3519, #4418, #3023, #4786, #842, #4366, #3081, #2596, #414, #896, #472, #2223, #4575 ),
 ( #119, #170, #1872, #1041, #3221, #955, #557, #1927, #2385, #638, #4069, #199, #1953, #5479, #5372, #4040, #2358, #3252, #4526, #2790, #3713, #4150, #4122, #1416, #3687, #3140, #4985, #3168, #4901, #3656, #5399, #4929, #4551, #5453, #1500, #5423, #5013, #1066, #2764, #145, #2815, #2710, #4471, #3604, #528, #1899, #982, #584, #91, #2737, #1470, #4497, #1847, #1443, #3630, #3193, #4955, #612, #2280, #2308, #1009, #2332, #4096, #4652, #4682, #5561, #2468, #4290, #2954, #1147, #2095, #4176, #4600, #2919, #2004, #4204, #252, #5505, #3356, #775, #1122, #225, #3856, #1524, #3768, #3275, #340, #5037, #2892, #4230, #717, #5154, #1638, #5065, #5534, #1580, #3330, #1092, #2033, #666, #2840, #3824, #3796, #1209, #5094, #5592, #3387, #282, #1607, #4715, #2528, #5120, #4258, #2414, #1978, #1173, #2868, #745, #3740, #2499, #1550, #4627, #3305, #693, #309, #2064, #2440, #5659, #1274, #4439, #466, #2217, #2129, #2186, #3017, #4836, #2985, #1788, #4386, #3979, #4361, #5688, #408, #920, #5247, #377, #1326, #3423, #836, #435, #5717, #2675, #2159, #4780, #1303, #807, #2591, #2247, #3076, #4325, #3889, #5628, #1670, #3103, #3946, #891, #3484, #27, #864, #4862, #1759, #3514, #1730, #3918, #3544, #496, #5188, #1242, #3047, #5276, #4809, #5307 ),
 ( #1352, #4748, #1702, #2644, #2558, #3454, #5218, #2617, #4412, #1002, #4978, #1920, #634, #5006, #2704, #5447, #3244, #1033, #1842, #1411, #4063, #1866, #2326, #3649, #523, #4090, #2732, #1463, #2759, #3681, #1493, #3214, #4949, #139, #1060, #2810, #112, #1436, #3571, #2275, #1893, #2303, #4519, #2784, #5417, #4466, #3188, #3624, #4545, #5393, #606, #2352, #4035, #578, #4116, #4006, #1815, #164, #3163, #4923, #950, #4571, #977, #4492, #55, #5335, #1379, #83, #550, #3135, #4895, #3598, #5366, #2379, #193, #5473, #4144, #1949, #3708, #4970, #1024, #4537, #4432, #3095, #1428, #2319, #3590, #1859, #2776, #5410, #3181, #486, #4941, #2208, #2294, #2238, #3641, #2724, #4458, #3998, #3617, #993, #2748, #4484, #4511, #4083, #1833, #4915, #131, #1455, #3969, #2666, #3204, #970, #46, #5358, #4854, #1805, #541, #3563, #911, #515, #941, #2266, #4887, #105, #1885, #5385, #569, #4055, #18, #1402, #1780, #3534, #3155, #5297, #1345, #5325, #1370, #3126, #2696, #4025, #75, #3410, #2941, #3375, #5178, #5581, #1626, #3064, #4349, #1292, #3444, #3936, #828, #4826, #399, #2149, #5650, #798, #2177, #2634, #881, #4402, #362, #1721, #1231, #1747, #4705, #3036, #2976, #3008, #3473, #766, #5266, #3504, #330, #5237, #2518, #2204, #1318, #5142 ),
 ( #453, #3909, #5679, #1692, #2549, #5705, #1196, #4280, #2084, #2119, #4797, #4737, #3844, #5613, #854, #4313, #4770, #2607, #1660, #3879, #5210, #1264, #4377, #2580, #426, #129, #1777, #3560, #967, #4938, #1883, #595, #4967, #2662, #5408, #3202, #991, #1802, #1367, #4022, #1830, #2291, #3615, #482, #4051, #2691, #1425, #2720, #3639, #1452, #3179, #4911, #102, #1021, #2774, #72, #1398, #3531, #2235, #1856, #2262, #4481, #2746, #5383, #4429, #3152, #3586, #4509, #5354, #567, #2317, #3994, #538, #4535, #4080, #5322, #3965, #5294, #14, #1342, #3121, #3092, #4851, #907, #43, #4884, #937, #4455, #511, #2879, #4638, #4562, #4612, #3698, #1565, #5436, #4215, #1107, #704, #1078, #2397, #2826, #3342, #1964, #2800, #3752, #155, #3263, #2852, #2426, #5106, #4585, #1512, #3725, #3233, #5464, #182, #1480, #1909, #1938, #2342, #4106, #1159, #5024, #650, #4996, #2904, #4665, #4162, #3667, #1051, #624, #5491, #5051, #1536, #265, #2452, #211, #3289, #679, #4189, #2369, #239, #4133, #1990, #2019, #5518, #3782, #3317, #5547, #1592, #5078, #1133, #4791, #2601, #3403, #3466, #847, #4371, #3058, #4243, #4306, #3837, #5605, #3369, #5642, #1652, #5168, #5673, #1740, #1716, #5133, #1225, #5231, #2969, #4342, #820, #295, #4729, #1286, #5698, #3930 ) ),
 .UNSPECIFIED., .F., .F., .F.,
 ( 4, 4 ),
 ( 4, 1, 1, 1, 1, 1, 1, 1, 1, 1, 1, 1, 1, 1, 1, 1, 1, 1, 1, 1, 1, 1, 1, 1, 1, 1, 1, 1, 1, 1, 1, 1, 1, 1, 1, 1, 1, 1, 1, 1, 1, 1, 1, 1, 1, 1, 1, 1, 1, 1, 1, 1, 1, 1, 1, 1, 1, 1, 1, 1, 1, 1, 1, 1, 1, 1, 1, 1, 1, 1, 1, 1, 1, 1, 1, 1, 1, 1, 1, 1, 1, 1, 1, 1, 1, 1, 1, 1, 1, 1, 1, 1, 1, 1, 1, 1, 1, 1, 1, 1, 1, 1, 1, 1, 1, 1, 1, 1, 1, 1, 1, 1, 1, 1, 1, 1, 1, 1, 1, 1, 1, 1, 1, 1, 1, 1, 1, 1, 1, 1, 1, 1, 1, 1, 1, 1, 1, 1, 1, 1, 1, 1, 1, 1, 1, 1, 1, 1, 1, 1, 1, 1, 1, 1, 1, 1, 1, 1, 1, 1, 1, 1, 1, 1, 1, 1, 1, 1, 1, 1, 1, 1, 1, 1, 1, 1, 1, 1, 1, 4 ),
 ( -0.02723623030826999997, 1.027676113300000083 ),
 ( -0.002974421890703000167, 0.000000000000000000, 0.0001143731514588999982, 0.008622564427361999184, 0.01713075570326999877, 0.02138485134122000003, 0.02563894697917000129, 0.02989304261711999908, 0.03414713825507000033, 0.04265532953097000285, 0.05116352080687999737, 0.05541761644483000210, 0.05967171208277999989, 0.06392580772073000461, 0.06817990335868000240, 0.07668809463459000386, 0.08519628591048999944, 0.08945038154843999723, 0.09370447718638999501, 0.09795857282434000668, 0.1022126684622999965, 0.1107208597382000059, 0.1192290510141000015, 0.1234831466521000010, 0.1277372422899999971, 0.1319913379279999965, 0.1362454335658999927, 0.1447536248417999882, 0.1532618161177000116, 0.1575159117557000110, 0.1617700073936000071, 0.1660241030316000066, 0.1702781986695000027, 0.1787863899453999983, 0.1872945812212999939, 0.1915486768592999933, 0.1958027724971999894, 0.2000568681351999889, 0.2043109637731000128, 0.2128191550490000084, 0.2213273463249000039, 0.2255814419629000034, 0.2298355376007999995, 0.2340896332387999990, 0.2383437288766999951, 0.2468519201525999907, 0.2553601114285999896, 0.2596142070665000134, 0.2638683027045000129, 0.2681223983423999813, 0.2723764939803999807, 0.2808846852563000041, 0.2893928765322000274, 0.2936469721700999957, 0.2979010678080999952, 0.3021551634460000191, 0.3064092590840000185, 0.3149174503598999864, 0.3234256416358000097, 0.3276797372736999781, 0.3319338329116999775, 0.3361879285496000014, 0.3404420241876000008, 0.3489502154635000242, 0.3574584067393999920, 0.3617125023773000159, 0.3659665980153000153, 0.3702206936531999837, 0.3744747892911999831, 0.3829829805671000065, 0.3914911718429999743, 0.3957452674809999738, 0.3999993631188999976, 0.4042534587568999971, 0.4085075543948000210, 0.4170157456706999888, 0.4255239369466000121, 0.4297780325846000116, 0.4340321282224999799, 0.4382862238604999794, 0.4425403194984000033, 0.4510485107743000266, 0.4595567020501999944, 0.4638107976881999939, 0.4680648933261000177, 0.4723189889641000172, 0.4765730846019999856, 0.4850812758779000089, 0.4935894671537999767, 0.4978435627917999762, 0.5020976584297000000, 0.5063517540677000550, 0.5106058497055999679, 0.5191140409815000467, 0.5276222322575000456, 0.5318763278953999585, 0.5361304235334000134, 0.5403845191713000373, 0.5446386148092999813, 0.5531468060851999491, 0.5616549973611000279, 0.5659090929990000518, 0.5701631886369999958, 0.5744172842749000196, 0.5786713799128999636, 0.5871795711888000424, 0.5956877624647000102, 0.5999418581026000341, 0.6041959537405999781, 0.6084500493785000019, 0.6127041450164999459, 0.6212123362924000247, 0.6297205275682999925, 0.6339746232062000164, 0.6382287188441999604, 0.6424828144820999842, 0.6467369101201000392, 0.6552451013960000070, 0.6637532926718999748, 0.6680073883099000298, 0.6722614839478000537, 0.6765155795857999976, 0.6807696752237000215, 0.6892778664995999893, 0.6977860577754999571, 0.7020401534135000121, 0.7062942490514000360, 0.7105483446893999799, 0.7148024403273000038, 0.7233106316031999716, 0.7318188228791000505, 0.7360729185170999944, 0.7403270141550000183, 0.7445811097929999622, 0.7488352054308999861, 0.7573433967067999539, 0.7658515879827000328, 0.7701056836206999767, 0.7743597792586000006, 0.7786138748965999445, 0.7828679705344999684, 0.7913761618104000473, 0.7998843530864000462, 0.8041384487242999590, 0.8083925443623000140, 0.8126466400002000379, 0.8169007356381999818, 0.8254089269140999496, 0.8339171181900000285, 0.8381712138279000524, 0.8424253094658999963, 0.8466794051038000202, 0.8509335007417999641, 0.8594416920177000430, 0.8679498832936000108, 0.8722039789315000347, 0.8764580745694999786, 0.8807121702074000025, 0.8849662658453999464, 0.8934744571213000253, 0.9019826483971999931, 0.9062367440351000170, 0.9104908396730999609, 0.9147449353109999848, 0.9189990309490000397, 0.9275072222249000076, 0.9360154135007999754, 0.9402695091388000304, 0.9445236047767000542, 0.9487777004146999982, 0.9530317960526000221, 0.9615399873284999899, 0.9700481786043999577, 0.9743022742424000127, 0.9785563698803000365, 0.9828104655182999805, 0.9870645611562000044, 0.9955727524320999722, 1.000000000000000000, 1.002971383288999929 ),
 .UNSPECIFIED. ) ;
#873 = DIRECTION ( 'NONE',  ( -0.8660254037622150403, 0.000000000000000000, -0.5000000000384924315 ) ) ;
#874 = CARTESIAN_POINT ( 'NONE',  ( 2.789988563821000245, 0.000000000000000000, -1.284824653957000073 ) ) ;
#875 = CARTESIAN_POINT ( 'NONE',  ( 0.1455238394012511038, 3.172120888549919915, -2.298436752576186404 ) ) ;
#876 = CARTESIAN_POINT ( 'NONE',  ( -2.448316844033000095, -1.413536388964000023, -3.689467591628813548 ) ) ;
#877 = EDGE_LOOP ( 'NONE', ( #1772, #1798, #5694, #5166, #3696, #5467, #2624, #700 ) ) ;
#878 = CARTESIAN_POINT ( 'NONE',  ( -1.529622085458000047, 2.649383168392999810, -3.485733598487000595 ) ) ;
#879 = DIRECTION ( 'NONE',  ( -0.8660254037839322239, 1.060575238724286673E-16, 0.5000000000008771872 ) ) ;
#880 = CARTESIAN_POINT ( 'NONE',  ( 3.500000000000000000, 2.872335082899748038, -15.19999996677078791 ) ) ;
#881 = CARTESIAN_POINT ( 'NONE',  ( 1.851206213005000212, -2.436079049462000157, -4.056454837310999650 ) ) ;
#882 = FACE_OUTER_BOUND ( 'NONE', #3344, .T. ) ;
#883 = CARTESIAN_POINT ( 'NONE',  ( 0.000000000000000000, -2.827072777928000047, -2.282356640524000113 ) ) ;
#884 = CARTESIAN_POINT ( 'NONE',  ( -1.236200906108000153, -2.945358459331000045, -3.314948163524000346 ) ) ;
#885 = CARTESIAN_POINT ( 'NONE',  ( 2.669999999999999929, -0.3495021827118651170, 0.000000000000000000 ) ) ;
#886 = CARTESIAN_POINT ( 'NONE',  ( -2.676374093144000543, 0.8282935779004000354, -3.245678924438999857 ) ) ;
#887 = ADVANCED_FACE ( 'NONE', ( #424 ), #2384, .T. ) ;
#888 = CARTESIAN_POINT ( 'NONE',  ( 2.049999999999999822, -6.099999999999999645, -8.199999999999999289 ) ) ;
#889 = CARTESIAN_POINT ( 'NONE',  ( 1.083914082544999991, -2.582521575934999980, -2.303479245871999925 ) ) ;
#890 = CARTESIAN_POINT ( 'NONE',  ( 1.400208558182000296, -2.425232363965000193, -2.089967111610000039 ) ) ;
#891 = CARTESIAN_POINT ( 'NONE',  ( 0.6508234437558000351, -2.863784763902999853, -4.179690285367001046 ) ) ;
#892 = CARTESIAN_POINT ( 'NONE',  ( 2.686369738734000201, -0.8313870651189000371, -2.898901433139994932 ) ) ;
#893 = CARTESIAN_POINT ( 'NONE',  ( -2.678019338777569480, -0.7934656189480667754, -1.071080214109877415 ) ) ;
#894 = CARTESIAN_POINT ( 'NONE',  ( 2.934505907036652594, 1.212151071040103556, -3.837132657038622607 ) ) ;
#895 = CARTESIAN_POINT ( 'NONE',  ( -1.694572249308000211, 2.229957918970999931, -1.085308109250999964 ) ) ;
#896 = CARTESIAN_POINT ( 'NONE',  ( -2.484702119547999910, 1.296997520584000307, -4.513591485998000863 ) ) ;
#897 = CARTESIAN_POINT ( 'NONE',  ( 3.500000000000000000, -6.099999999999999645, -13.75000000000000000 ) ) ;
#898 = EDGE_CURVE ( 'NONE', #5521, #4238, #3034, .T. ) ;
#899 = CARTESIAN_POINT ( 'NONE',  ( -0.5964759783848331276, -3.121489501480526396, -2.667901123820986875 ) ) ;
#900 = CARTESIAN_POINT ( 'NONE',  ( 1.394994281911000167, -2.416200972537000169, -1.402417246548999907 ) ) ;
#901 = CARTESIAN_POINT ( 'NONE',  ( -2.212641290186333709, 2.277089952559162800, -2.207394722040895374 ) ) ;
#902 = CARTESIAN_POINT ( 'NONE',  ( 1.149080830486999943E-14, 2.827072777928000047, -3.924652776813812860 ) ) ;
#903 = ORIENTED_EDGE ( 'NONE', *, *, #2910, .T. ) ;
#904 = CARTESIAN_POINT ( 'NONE',  ( 0.000000000000000000, 3.088363467746999991, -2.838974339228000243 ) ) ;
#905 = CARTESIAN_POINT ( 'NONE',  ( -3.499999997927210948, 2.872335074938021204, -8.200000000131380418 ) ) ;
#906 = PLANE ( 'NONE',  #4353 ) ;
#907 = CARTESIAN_POINT ( 'NONE',  ( 3.063834454273000052, 0.9482061602394000754, -2.430760256220000137 ) ) ;
#908 = DIRECTION ( 'NONE',  ( 0.000000000000000000, 0.000000000000000000, 1.000000000000000000 ) ) ;
#909 = B_SPLINE_CURVE_WITH_KNOTS ( 'NONE', 3,
 ( #1838, #4516, #4975, #2271, #3595, #1141, #1165, #685, #191, #5058, #4569, #1945, #1996, #4141, #2376, #5444, #2911, #1572, #5004, #4644, #3324, #3731, #4169, #4671, #3295, #3706, #5087, #1490, #4593, #2433, #3759, #737, #2406, #4250, #4196, #1598, #2885, #1519, #1058, #3242, #3270, #5032, #632, #301, #3678, #218, #2808, #2491, #5471, #1114, #245, #2859, #3348, #1085, #5525, #2833, #710, #5498, #659, #2458, #1970, #1543, #4221, #4621, #273, #2025, #3788, #5112, #5554, #5179, #3505, #5211, #4403, #3937, #5582, #1661, #5614, #2608, #2519, #5706, #3065, #1265, #1232, #2977, #1293, #4827, #3037, #4706, #4771, #1197, #1748, #4350, #2150, #1627 ),
 .UNSPECIFIED., .F., .F.,
 ( 4, 2, 2, 1, 1, 1, 1, 1, 2, 2, 2, 2, 2, 2, 1, 1, 1, 1, 2, 2, 2, 2, 1, 1, 1, 1, 2, 2, 2, 2, 2, 1, 1, 1, 2, 2, 2, 2, 2, 1, 1, 1, 1, 1, 2, 2, 2, 2, 2, 1, 1, 1, 2, 2, 2, 1, 1, 2, 2, 4 ),
 ( 0.000000000000000000, 0.06249999999981824261, 0.09374999999972735698, 0.1093749999996818933, 0.1171874999996591754, 0.1210937499996477956, 0.1230468749996420641, 0.1240234374996392192, 0.1245117187496377759, 0.1249999999996363464, 0.1562499999995445310, 0.1874999999994527156, 0.2187499999993608724, 0.2343749999993149646, 0.2421874999992920108, 0.2460937499992805200, 0.2480468749992758015, 0.2490234374992734145, 0.2495117187492732203, 0.2499999999992730260, 0.3124999999992449928, 0.3437499999992309485, 0.3593749999992238431, 0.3671874999992202904, 0.3710937499992185140, 0.3730468749992176813, 0.3740234374992172373, 0.3749999999992167377, 0.4374999999991843191, 0.4687499999991680544, 0.4843749999991599497, 0.4921874999991558419, 0.4960937499991538435, 0.4980468749991527888, 0.4990234374991522892, 0.4999999999991517896, 0.6249999999990868416, 0.6874999999990544230, 0.7187499999990381028, 0.7343749999990299981, 0.7421874999990258903, 0.7460937499990238919, 0.7480468749990230037, 0.7490234374990225596, 0.7495117187490223376, 0.7499999999990221156, 0.7812499999991424637, 0.7968749999992027488, 0.8046874999992328359, 0.8085937499992479349, 0.8105468749992554844, 0.8115234374992591482, 0.8120117187492610356, 0.8124999999992629229, 0.8437499999993859356, 0.8593749999994474420, 0.8671874999994781952, 0.8710937499994936273, 0.8749999999995089484, 1.000000000000000000 ),
 .UNSPECIFIED. ) ;
#910 = CARTESIAN_POINT ( 'NONE',  ( 0.000000000000000000, 2.827072777928000047, -2.635134418302000014 ) ) ;
#911 = CARTESIAN_POINT ( 'NONE',  ( 3.035309448962999923, 0.3851520833747000272, -3.233306689162999792 ) ) ;
#912 = CIRCLE ( 'NONE', #1005, 3.100000000000000533 ) ;
#913 = CARTESIAN_POINT ( 'NONE',  ( 0.7107379137545000169, 3.127423309756999892, -2.942710681423000185 ) ) ;
#914 = CARTESIAN_POINT ( 'NONE',  ( -0.6988668512392796073, -2.600507046704402470, 0.000000000000000000 ) ) ;
#915 = CARTESIAN_POINT ( 'NONE',  ( 0.6208637663186999944, 2.731954743643000061, -2.710144574750999791 ) ) ;
#916 = CARTESIAN_POINT ( 'NONE',  ( -2.200367281571418587, 1.192851806847404328, -1.800000000000000711 ) ) ;
#917 = CARTESIAN_POINT ( 'NONE',  ( 0.6231825505962000911, 2.742157970261000166, -3.433700896805000014 ) ) ;
#918 = AXIS2_PLACEMENT_3D ( 'NONE', #1319, #767, #4738 ) ;
#919 = CARTESIAN_POINT ( 'NONE',  ( -2.686369738734000201, 0.8313870651189000371, -3.063289842009000008 ) ) ;
#920 = CARTESIAN_POINT ( 'NONE',  ( -2.154698634633000154, 1.995522017622999744, -3.761748528272000236 ) ) ;
#921 = CARTESIAN_POINT ( 'NONE',  ( -2.154693243804000069, -1.995517025035999703, -3.205608367402999814 ) ) ;
#922 = CARTESIAN_POINT ( 'NONE',  ( 0.000000000000000000, -2.827072777928000047, -3.042708332370006374 ) ) ;
#923 = CARTESIAN_POINT ( 'NONE',  ( 0.000000000000000000, 0.000000000000000000, -5.599999999999998757 ) ) ;
#924 = CARTESIAN_POINT ( 'NONE',  ( 2.934662552542080416, 1.211768927438207966, -3.837147790664940494 ) ) ;
#925 = CIRCLE ( 'NONE', #5627, 3.100000000000000533 ) ;
#926 = CARTESIAN_POINT ( 'NONE',  ( 2.778486331853999847, 0.3525636569632999984, -2.731604405546999903 ) ) ;
#927 = CARTESIAN_POINT ( 'NONE',  ( 0.6208618634615999943, -2.731946370599999785, -3.551665902873999858 ) ) ;
#928 = CARTESIAN_POINT ( 'NONE',  ( -2.245096444983174511, -2.245031616362814564, -2.732989204557515706 ) ) ;
#929 = EDGE_CURVE ( 'NONE', #3899, #3405, #2198, .T. ) ;
#930 = CARTESIAN_POINT ( 'NONE',  ( -2.627711976191268839, 1.782083925989148554, -2.889463512032480086 ) ) ;
#931 = CARTESIAN_POINT ( 'NONE',  ( 0.3199155707518244185, 3.159779843855402337, -2.304881707723088535 ) ) ;
#932 = DIRECTION ( 'NONE',  ( -1.000000000000000000, 0.000000000000000000, -0.000000000000000000 ) ) ;
#933 = ORIENTED_EDGE ( 'NONE', *, *, #3904, .F. ) ;
#934 = CARTESIAN_POINT ( 'NONE',  ( -1.529622085458000047, 2.649383168392999810, -2.780178042930999904 ) ) ;
#935 = CARTESIAN_POINT ( 'NONE',  ( -3.012952202084306919, 3.689802270266515975E-16, -4.401996453907486284 ) ) ;
#936 = CARTESIAN_POINT ( 'NONE',  ( 0.8460421177836265905, -2.352598385350612720, -1.800000000000000266 ) ) ;
#937 = CARTESIAN_POINT ( 'NONE',  ( 3.168894449455999851, -0.4021027574698999851, -2.476464531214000342 ) ) ;
#938 = CARTESIAN_POINT ( 'NONE',  ( 2.245542430077194229, 2.244585600594378505, -3.085789809408592710 ) ) ;
#939 = CARTESIAN_POINT ( 'NONE',  ( 3.174999999999923439, 6.998964540124661165E-07, -3.086805530712213752 ) ) ;
#940 = CARTESIAN_POINT ( 'NONE',  ( -2.778486331853999847, -0.3525636569632999984, -2.445623244079000003 ) ) ;
#941 = CARTESIAN_POINT ( 'NONE',  ( 3.035309448962999923, -0.3851520833747000272, -3.259551259832000003 ) ) ;
#942 = CARTESIAN_POINT ( 'NONE',  ( 1.596933849498999969, 2.765970563658000092, -2.975292671081000151 ) ) ;
#943 = AXIS2_PLACEMENT_3D ( 'NONE', #156, #4614, #1910 ) ;
#944 = CARTESIAN_POINT ( 'NONE',  ( -2.600507046704402470, -0.6988668512392772758, -0.000000000000000000 ) ) ;
#945 = CARTESIAN_POINT ( 'NONE',  ( 1.394998557377999937, -2.416208377863999779, -3.683467305151000293 ) ) ;
#946 = CARTESIAN_POINT ( 'NONE',  ( 3.154435718734381666, -0.4161973874426236897, -2.394983634284747698 ) ) ;
#947 = CARTESIAN_POINT ( 'NONE',  ( -2.031469730565582665, 1.922901541224883104, -1.071083498781173038 ) ) ;
#948 = CARTESIAN_POINT ( 'NONE',  ( -0.6231825505962000911, 2.742157970261000166, -3.381272283528999889 ) ) ;
#949 = CARTESIAN_POINT ( 'NONE',  ( 2.448316844033000095, 1.413536388964000023, -2.619133778276999891 ) ) ;
#950 = CARTESIAN_POINT ( 'NONE',  ( -1.184103235959000022, -2.821231132837000111, -2.057380763237000032 ) ) ;
#951 = CARTESIAN_POINT ( 'NONE',  ( -1.131987617969000048, 2.697061044018000064, -3.421333848265000199 ) ) ;
#952 = CARTESIAN_POINT ( 'NONE',  ( -1.694572249308000211, 2.229957918970999931, -4.029123084072005589 ) ) ;
#953 = CARTESIAN_POINT ( 'NONE',  ( 0.003110208764749431906, 3.175000136498581593, -3.704281761481176272 ) ) ;
#954 = CARTESIAN_POINT ( 'NONE',  ( -0.6231825505960999489, -2.742157970261000166, -2.947329886408999844 ) ) ;
#955 = CARTESIAN_POINT ( 'NONE',  ( 0.6508234437558000351, 2.863784763902999853, -1.057118898643000016 ) ) ;
#956 = CARTESIAN_POINT ( 'NONE',  ( -2.934633185646464248, -1.211842897172684896, -2.778811552911074845 ) ) ;
#957 = CARTESIAN_POINT ( 'NONE',  ( -2.751216736687524644, 1.588153432575815982, -2.881022558200262651 ) ) ;
#958 = CARTESIAN_POINT ( 'NONE',  ( 1.236360907796310027, 2.924399149150869626, -2.338795687228487630 ) ) ;
#959 = CARTESIAN_POINT ( 'NONE',  ( 1.400208558182000296, -2.425232363965000193, -3.513078702739813153 ) ) ;
#960 = EDGE_CURVE ( 'NONE', #125, #5047, #480, .T. ) ;
#961 = ORIENTED_EDGE ( 'NONE', *, *, #367, .F. ) ;
#962 = CARTESIAN_POINT ( 'NONE',  ( -2.253876160782000149, -2.087372884330000122, -2.577574847405000202 ) ) ;
#963 = CARTESIAN_POINT ( 'NONE',  ( -3.500000000000000000, -7.400000000000000355, -8.199999999999999289 ) ) ;
#964 = VERTEX_POINT ( 'NONE', #69 ) ;
#965 = LINE ( 'NONE', #4825, #1120 ) ;
#966 = EDGE_CURVE ( 'NONE', #3555, #844, #61, .T. ) ;
#967 = CARTESIAN_POINT ( 'NONE',  ( -2.792332490039000081, -1.612153914791000009, -1.346212616249000016 ) ) ;
#968 = DIRECTION ( 'NONE',  ( 0.000000000000000000, 0.000000000000000000, -1.000000000000000000 ) ) ;
#969 = CARTESIAN_POINT ( 'NONE',  ( -2.686369738734000201, 0.8313870651189000371, -2.491327519072000118 ) ) ;
#970 = CARTESIAN_POINT ( 'NONE',  ( 0.6807850240499999650, 2.995623157207000453, -3.096254392246000187 ) ) ;
#971 = CARTESIAN_POINT ( 'NONE',  ( 2.353059077759999784, -2.179228743622999787, -2.472340311052000139 ) ) ;
#972 = CARTESIAN_POINT ( 'NONE',  ( -3.500000000000000000, -7.400000000000000355, -15.19999999999999929 ) ) ;
#973 = CARTESIAN_POINT ( 'NONE',  ( -1.079880973899999930, 2.572912336362000119, -2.638256257151999851 ) ) ;
#974 = CARTESIAN_POINT ( 'NONE',  ( -2.742480895689663800, 0.6091323563666266594, -1.071108032701786561 ) ) ;
#975 = CARTESIAN_POINT ( 'NONE',  ( 2.778486331853999847, 0.3525636569632000228, -3.570753193720999974 ) ) ;
#976 = CARTESIAN_POINT ( 'NONE',  ( -1.083914082544999991, -2.582521575934999980, -2.899992974423000192 ) ) ;
#977 = CARTESIAN_POINT ( 'NONE',  ( -1.851206213005000212, -2.436079049462000157, -2.083625333906000243 ) ) ;
#978 = CARTESIAN_POINT ( 'NONE',  ( 0.6508218154640000863, 2.863777599015000064, -3.493222165864000139 ) ) ;
#979 = CARTESIAN_POINT ( 'NONE',  ( -0.6231825505962000911, -2.742157970261000166, -3.774478194563006372 ) ) ;
#980 = CARTESIAN_POINT ( 'NONE',  ( 3.174999999999999822, 0.1853849502250534964, -3.874485534037436452 ) ) ;
#981 = CARTESIAN_POINT ( 'NONE',  ( -0.6231825505962000911, 2.742157970261000166, -2.542123495354999818 ) ) ;
#982 = CARTESIAN_POINT ( 'NONE',  ( 2.556910488450999885, 1.476232958801000139, -1.854052740153000034 ) ) ;
#983 = CARTESIAN_POINT ( 'NONE',  ( -2.934766215399362554, -1.211517801574100162, -2.778824422222197388 ) ) ;
#984 = CARTESIAN_POINT ( 'NONE',  ( -2.179846596944337467, 2.308695381717480455, -2.914453444796912152 ) ) ;
#985 = CARTESIAN_POINT ( 'NONE',  ( 1.221399955773856183, 2.930668468695297957, -2.338277600574232284 ) ) ;
#986 = LINE ( 'NONE', #4074, #1861 ) ;
#987 = VERTEX_POINT ( 'NONE', #2538 ) ;
#988 = CARTESIAN_POINT ( 'NONE',  ( 2.934656025390999901, -0.9082275700564000909, -4.459056328885999676 ) ) ;
#989 = CARTESIAN_POINT ( 'NONE',  ( -2.385938069833305253, 2.103427711355100982, -1.493149443913281971 ) ) ;
#990 = CARTESIAN_POINT ( 'NONE',  ( 3.174999999999999822, 0.000000000000000000, 2.259920353756999845 ) ) ;
#991 = CARTESIAN_POINT ( 'NONE',  ( -1.932678427628000017, 2.543291716405000180, -1.509479219803000039 ) ) ;
#992 = CARTESIAN_POINT ( 'NONE',  ( -1.590183775169776714, -2.755852692705659024, -3.321898666960023228 ) ) ;
#993 = CARTESIAN_POINT ( 'NONE',  ( -2.934678266330999818, -0.9082344532599000431, -2.861069207061000430 ) ) ;
#994 = CARTESIAN_POINT ( 'NONE',  ( 3.063796991514999846, -0.9481945661345000387, -3.831022808888000508 ) ) ;
#995 = CARTESIAN_POINT ( 'NONE',  ( -1.532993250556558218, -2.780360412512925983, -1.291531227331528253 ) ) ;
#996 = CARTESIAN_POINT ( 'NONE',  ( 0.6208637663186999944, -2.731954743643000061, -3.010493739254000101 ) ) ;
#997 = CARTESIAN_POINT ( 'NONE',  ( -1.590185092163908243, -2.755851935590886814, -2.616343160037323035 ) ) ;
#998 = CARTESIAN_POINT ( 'NONE',  ( -3.500000000000000000, -7.400000000000000355, -15.19999999999999929 ) ) ;
#999 = CARTESIAN_POINT ( 'NONE',  ( -1.083914082544999991, 2.582521575934999980, -3.361812579204999984 ) ) ;
#1000 = CARTESIAN_POINT ( 'NONE',  ( 1.083914082544999991, -2.582521575934999980, -2.808644952499999903 ) ) ;
#1001 = ADVANCED_FACE ( 'NONE', ( #5199 ), #649, .T. ) ;
#1002 = CARTESIAN_POINT ( 'NONE',  ( 2.253893242280999853, 2.087388703947000046, -1.044751704897000089 ) ) ;
#1003 = DIRECTION ( 'NONE',  ( -1.000000000000000000, -0.000000000000000000, 0.000000000000000000 ) ) ;
#1004 = CARTESIAN_POINT ( 'NONE',  ( 2.154693243804000069, 1.995517025035999703, -3.558386145181000160 ) ) ;
#1005 = AXIS2_PLACEMENT_3D ( 'NONE', #5553, #2858, #4195 ) ;
#1006 = CARTESIAN_POINT ( 'NONE',  ( 0.6543697108982009514, -2.434931691670789267, 0.000000000000000000 ) ) ;
#1007 = CARTESIAN_POINT ( 'NONE',  ( -2.824727116471628552, 1.450600467354854262, -3.580808862142930593 ) ) ;
#1008 = CARTESIAN_POINT ( 'NONE',  ( 2.448316844033000095, -1.413536388964000023, -2.803522987177999859 ) ) ;
#1009 = CARTESIAN_POINT ( 'NONE',  ( -1.131990450089999989, -2.697067791798000158, -2.134911936299999979 ) ) ;
#1010 = CARTESIAN_POINT ( 'NONE',  ( -3.499999966765584336, 2.872335082924145855, -15.19999999999999929 ) ) ;
#1011 = EDGE_CURVE ( 'NONE', #4188, #5493, #4661, .T. ) ;
#1012 = VECTOR ( 'NONE', #3117, 1000.000000000000000 ) ;
#1013 = CARTESIAN_POINT ( 'NONE',  ( 0.3199727767604216289, 3.159774022732552368, -3.010439348076279220 ) ) ;
#1014 = CARTESIAN_POINT ( 'NONE',  ( -3.154435936727526535, 0.4161957547067282048, -3.453316911231313124 ) ) ;
#1015 = CARTESIAN_POINT ( 'NONE',  ( 2.063187188137999950, -1.910770905142000098, -2.774941157525812940 ) ) ;
#1016 = ORIENTED_EDGE ( 'NONE', *, *, #1011, .T. ) ;
#1017 = CARTESIAN_POINT ( 'NONE',  ( 3.035286445374000053, -0.3851491644366000222, -3.734041069007000058 ) ) ;
#1018 = CARTESIAN_POINT ( 'NONE',  ( -0.8393903877822883608, 3.062054965764573033, -1.556411589774173265 ) ) ;
#1019 = EDGE_LOOP ( 'NONE', ( #416, #237, #2603, #3228 ) ) ;
#1020 = CARTESIAN_POINT ( 'NONE',  ( 0.5121040034352303261, 3.112612406153088429, -4.324589106373001535 ) ) ;
#1021 = CARTESIAN_POINT ( 'NONE',  ( 2.353087849929000441, -2.179255390271000348, -1.842797293257000035 ) ) ;
#1022 = CYLINDRICAL_SURFACE ( 'NONE', #5176, 3.174999999999999822 ) ;
#1023 = B_SPLINE_CURVE_WITH_KNOTS ( 'NONE', 3,
 ( #631, #2405, #1571, #1542, #1113, #3323, #5084, #3843, #5612, #5649 ),
 .UNSPECIFIED., .F., .F.,
 ( 4, 2, 2, 2, 4 ),
 ( 0.000000000000000000, 0.0006260053748318351744, 0.001252010749663670349, 0.001878016124495505632, 0.002504021499327340698 ),
 .UNSPECIFIED. ) ;
#1024 = CARTESIAN_POINT ( 'NONE',  ( 1.851206213005000212, 2.436079049462000157, -2.436403111684000145 ) ) ;
#1025 = CARTESIAN_POINT ( 'NONE',  ( 1.236200906108000153, -2.945358459331000045, -3.929155697156999860 ) ) ;
#1026 = CARTESIAN_POINT ( 'NONE',  ( -2.097703793145845985, 2.392275653846634764, -2.830697843556184701 ) ) ;
#1027 = CARTESIAN_POINT ( 'NONE',  ( -2.676374093144000543, -0.8282935779004000354, -3.886070500676999995 ) ) ;
#1028 = CARTESIAN_POINT ( 'NONE',  ( -1.407681554023199499, -2.853562976673504448, -2.609718388726431471 ) ) ;
#1029 = CARTESIAN_POINT ( 'NONE',  ( -2.302158571746994564, 1.796903746831125526, -4.455425462590044461 ) ) ;
#1030 = CARTESIAN_POINT ( 'NONE',  ( -1.400208558182000296, 2.425232363965000193, -3.348690293870999923 ) ) ;
#1031 = AXIS2_PLACEMENT_3D ( 'NONE', #4220, #3877, #3006 ) ;
#1032 = CARTESIAN_POINT ( 'NONE',  ( 2.448316844033000095, 1.413536388964000023, -3.324689333832000049 ) ) ;
#1033 = CARTESIAN_POINT ( 'NONE',  ( 2.253893242280999853, -2.087388703947000046, -1.214772910765000047 ) ) ;
#1034 = CARTESIAN_POINT ( 'NONE',  ( -2.945132732665096231, 1.199062263090899583, -4.275964003349566944 ) ) ;
#1035 = CARTESIAN_POINT ( 'NONE',  ( -2.789997114755999874, 0.000000000000000000, -1.096430268113999906 ) ) ;
#1036 = EDGE_CURVE ( 'NONE', #125, #4608, #350, .T. ) ;
#1037 = EDGE_CURVE ( 'NONE', #4691, #4950, #2664, .T. ) ;
#1038 = CARTESIAN_POINT ( 'NONE',  ( 2.778486331853999847, -0.3525636569632001338, -4.290552839927005202 ) ) ;
#1039 = CARTESIAN_POINT ( 'NONE',  ( -2.244906809934393177, 2.245221240984613953, -3.617012329094134504 ) ) ;
#1040 = CARTESIAN_POINT ( 'NONE',  ( 2.063187188137999950, -1.910770905142000098, -2.124181738259999896 ) ) ;
#1041 = CARTESIAN_POINT ( 'NONE',  ( -0.5241582874385000146, 2.881044148615000022, -1.009792190161999947 ) ) ;
#1042 = CARTESIAN_POINT ( 'NONE',  ( 2.570966491625750638, -1.863129638318392178, -2.540310553409652172 ) ) ;
#1043 = CARTESIAN_POINT ( 'NONE',  ( 0.003157724508760324875, 3.175000089564818939, -2.998727963954520348 ) ) ;
#1044 = CARTESIAN_POINT ( 'NONE',  ( -1.935306892034354798, 2.525586661446045156, -3.543511417935666152 ) ) ;
#1045 = CARTESIAN_POINT ( 'NONE',  ( -1.694572249308000211, 2.229957918970999931, -3.147178639627814078 ) ) ;
#1046 = ORIENTED_EDGE ( 'NONE', *, *, #1106, .F. ) ;
#1047 = CARTESIAN_POINT ( 'NONE',  ( 2.934656025390999901, 0.9082275700565000109, -3.688336794013999942 ) ) ;
#1048 = CARTESIAN_POINT ( 'NONE',  ( 0.8137666706794702831, 3.070437386344274433, -1.617644534452334470 ) ) ;
#1049 = ORIENTED_EDGE ( 'NONE', *, *, #4270, .T. ) ;
#1050 = CARTESIAN_POINT ( 'NONE',  ( 1.286658025487796397, -2.805168358741528145, -1.238622353185514058 ) ) ;
#1051 = CARTESIAN_POINT ( 'NONE',  ( 0.000000000000000000, -3.224307829582000018, -3.345286690322999856 ) ) ;
#1052 = CARTESIAN_POINT ( 'NONE',  ( 1.935305783487318187, -2.525587507931516207, -1.779622575651071736 ) ) ;
#1053 = CARTESIAN_POINT ( 'NONE',  ( -2.768139447978999801, -0.3512507351845000070, -2.330035701954999983 ) ) ;
#1054 = ORIENTED_EDGE ( 'NONE', *, *, #1106, .T. ) ;
#1055 = CARTESIAN_POINT ( 'NONE',  ( -1.236200906108000153, 2.945358459331000045, -4.281933474934000117 ) ) ;
#1056 = CARTESIAN_POINT ( 'NONE',  ( -1.588803404892118243, 2.756756152000326310, -2.851745106593111423 ) ) ;
#1057 = CARTESIAN_POINT ( 'NONE',  ( 2.676374093144000543, 0.8282935779004000354, -4.238848278455000340 ) ) ;
#1058 = CARTESIAN_POINT ( 'NONE',  ( -1.239275955290201070, -2.923165041102821604, -1.986126234468028606 ) ) ;
#1059 = CARTESIAN_POINT ( 'NONE',  ( -2.091945642809000194, 1.852623100710999893, -4.724506613277000611 ) ) ;
#1060 = CARTESIAN_POINT ( 'NONE',  ( -2.674621489245000205, 1.544193436795999963, -1.541336381905000108 ) ) ;
#1061 = CARTESIAN_POINT ( 'NONE',  ( 2.600507046704402470, 0.6988668512392779419, -0.000000000000000000 ) ) ;
#1062 = CARTESIAN_POINT ( 'NONE',  ( -1.688694663334000090, -2.382617344009999805, -4.593800774213000260 ) ) ;
#1063 = CARTESIAN_POINT ( 'NONE',  ( 2.686369738734000201, -0.8313870651189000371, -4.310012544251005551 ) ) ;
#1064 = B_SPLINE_CURVE_WITH_KNOTS ( 'NONE', 3,
 ( #4927, #980, #1329, #2164, #1414, #3079, #4839, #2647, #4495, #2735, #5691, #3922, #924, #894, #2678, #1733, #4442, #5251, #4899, #2221, #3487, #3517, #4038, #1306, #5339, #5721, #5311, #58, #3051, #3166, #2620, #4416, #4389, #1357, #439, #88, #2189, #1762, #470, #2708, #3949, #3983, #30, #3107, #1791, #3547, #1383, #4867, #3138, #500, #2250, #4009, #1818, #3574, #953, #4469, #526, #2278, #1925, #3685, #4549, #3250, #5451, #1497, #5010, #2306, #610, #168, #143, #1039, #554, #4067, #4120, #4953, #116, #1870, #2356, #2762, #3628, #5397, #1467, #2788, #1441, #3191, #5421, #1007, #582, #4524, #2330, #4094, #1897, #3654, #3219, #4982 ),
 .UNSPECIFIED., .F., .F.,
 ( 4, 2, 2, 1, 1, 1, 1, 1, 2, 2, 2, 2, 2, 2, 1, 1, 1, 1, 2, 2, 2, 2, 1, 1, 1, 1, 2, 2, 2, 2, 2, 1, 1, 1, 2, 2, 2, 2, 2, 1, 1, 1, 1, 1, 2, 2, 2, 2, 2, 1, 1, 1, 2, 2, 2, 1, 1, 2, 2, 4 ),
 ( 0.000000000000000000, 0.06249999999998559486, 0.09374999999997839228, 0.1093749999999747979, 0.1171874999999730493, 0.1210937499999721889, 0.1230468749999717587, 0.1240234374999715367, 0.1245117187499713979, 0.1249999999999712730, 0.1562499999999610312, 0.1874999999999507616, 0.2187499999999404643, 0.2343749999999353018, 0.2421874999999327205, 0.2460937499999308331, 0.2480468749999299172, 0.2490234374999287792, 0.2495117187499290012, 0.2499999999999292233, 0.3124999999999489853, 0.3437499999999589773, 0.3593749999999639178, 0.3671874999999663602, 0.3710937499999675815, 0.3730468749999681921, 0.3740234374999684697, 0.3749999999999687472, 0.4375000000000019429, 0.4687500000000185962, 0.4843750000000269229, 0.4921875000000310307, 0.4960937500000331402, 0.4980468750000341949, 0.4990234375000346945, 0.5000000000000351941, 0.6250000000001018075, 0.6875000000001352252, 0.7187500000001518785, 0.7343750000001602052, 0.7421875000001644240, 0.7460937500001665335, 0.7480468750001675327, 0.7490234375001680878, 0.7495117187501683098, 0.7500000000001685319, 0.7812500000001504352, 0.7968750000001414424, 0.8046875000001367795, 0.8085937500001344480, 0.8105468750001333378, 0.8115234375001327827, 0.8120117187501324496, 0.8125000000001321165, 0.8437500000001102451, 0.8593750000000993650, 0.8671875000000939249, 0.8710937500000912603, 0.8750000000000884848, 1.000000000000000000 ),
 .UNSPECIFIED. ) ;
#1065 = CARTESIAN_POINT ( 'NONE',  ( 2.800417116365000236, 1.286470929784000031E-14, -3.450282246437999856 ) ) ;
#1066 = CARTESIAN_POINT ( 'NONE',  ( -1.462313979973999922, 2.532802109932999812, -1.677663851264000083 ) ) ;
#1067 = CARTESIAN_POINT ( 'NONE',  ( -1.193183812226295659, 3.400000000045406257, -15.19999999999951790 ) ) ;
#1068 = CARTESIAN_POINT ( 'NONE',  ( -2.755312063203597450, 1.591259620069830127, -1.381711903501622762 ) ) ;
#1069 = CARTESIAN_POINT ( 'NONE',  ( -2.244922483635607868, 2.245205569368568632, -2.205900421193047301 ) ) ;
#1070 = CARTESIAN_POINT ( 'NONE',  ( 2.448316844033000095, 1.413536388964000023, -3.336689813850814090 ) ) ;
#1071 = CARTESIAN_POINT ( 'NONE',  ( 0.6231825505962000911, 2.742157970261000166, -4.072459836051000259 ) ) ;
#1072 = EDGE_CURVE ( 'NONE', #4950, #4691, #5346, .T. ) ;
#1073 = VERTEX_POINT ( 'NONE', #4302 ) ;
#1074 = CARTESIAN_POINT ( 'NONE',  ( -2.847998261532000086, -0.6474322627197000024, -1.149963788605999904 ) ) ;
#1075 = CARTESIAN_POINT ( 'NONE',  ( 1.583994855303836991, 2.753966027076852896, -1.646146568493041418 ) ) ;
#1076 = ORIENTED_EDGE ( 'NONE', *, *, #545, .T. ) ;
#1077 = CARTESIAN_POINT ( 'NONE',  ( 0.2724340441041082084, -3.116280266225899265, -1.258018006827955837 ) ) ;
#1078 = CARTESIAN_POINT ( 'NONE',  ( -2.353087849929000441, -2.179255390271000348, -2.731109420723000003 ) ) ;
#1079 = CARTESIAN_POINT ( 'NONE',  ( -3.091040237078941821, -0.8350279650915439777, -2.000215023048098395 ) ) ;
#1080 = CARTESIAN_POINT ( 'NONE',  ( -1.394994281911000167, -2.416200972537000169, -2.931120950252999791 ) ) ;
#1081 = EDGE_LOOP ( 'NONE', ( #4531, #5544 ) ) ;
#1082 = CARTESIAN_POINT ( 'NONE',  ( -2.792298347047000640, -1.612134202325000265, -4.092422300711000105 ) ) ;
#1083 = CARTESIAN_POINT ( 'NONE',  ( 0.1306524678793280769, 2.830644169226018025, -1.089502323093460401 ) ) ;
#1084 = CARTESIAN_POINT ( 'NONE',  ( -1.394998557377999937, 2.416208377863999779, -4.036245082928999750 ) ) ;
#1085 = CARTESIAN_POINT ( 'NONE',  ( -0.01311318103980167390, -3.174977343477103364, -1.940762945075899415 ) ) ;
#1086 = CARTESIAN_POINT ( 'NONE',  ( 2.800417116365000236, 0.000000000000000000, -1.400412196080000005 ) ) ;
#1087 = ADVANCED_FACE ( 'NONE', ( #1681, #2480 ), #261, .T. ) ;
#1088 = CARTESIAN_POINT ( 'NONE',  ( 1.462310321417999992, -2.532795773129000061, -3.760989340708000395 ) ) ;
#1089 = CARTESIAN_POINT ( 'NONE',  ( -0.6231825505960999489, -2.742157970261000166, -1.669812007915999930 ) ) ;
#1090 = CARTESIAN_POINT ( 'NONE',  ( 2.063187188137999950, -1.910770905142000098, -3.535292849371999946 ) ) ;
#1091 = APPLICATION_CONTEXT ( 'automotive_design' ) ;
#1092 = CARTESIAN_POINT ( 'NONE',  ( -1.462313979973999922, -2.532802109932999812, -2.853589777189999843 ) ) ;
#1093 = LINE ( 'NONE', #226, #3960 ) ;
#1094 = CARTESIAN_POINT ( 'NONE',  ( 1.400208558182000296, 2.425232363965000193, -2.043171295333005677 ) ) ;
#1095 = CARTESIAN_POINT ( 'NONE',  ( 2.591157636015346100, -1.835082490531593002, -2.539044624260461180 ) ) ;
#1096 = DIRECTION ( 'NONE',  ( 0.000000000000000000, 0.000000000000000000, 1.000000000000000000 ) ) ;
#1097 = CARTESIAN_POINT ( 'NONE',  ( 0.8217925128853540429, 3.073759349793437678, -3.646404213224675228 ) ) ;
#1098 = CARTESIAN_POINT ( 'NONE',  ( -2.778486331853999847, -0.3525636569632999984, -2.324030491478823901 ) ) ;
#1099 = CONICAL_SURFACE ( 'NONE', #2756, 3.012952202084306919, 1.047197551195584886 ) ;
#1100 = CARTESIAN_POINT ( 'NONE',  ( -2.686369738734000201, -0.8313870651189000371, -4.542830206420999772 ) ) ;
#1101 = VERTEX_POINT ( 'NONE', #1649 ) ;
#1102 = CARTESIAN_POINT ( 'NONE',  ( -0.6807798646092000361, -2.995600454385999978, -3.923521979199000587 ) ) ;
#1103 = CARTESIAN_POINT ( 'NONE',  ( 2.224874536400493596, 2.265104643022571640, -1.673641161347191542 ) ) ;
#1104 = EDGE_LOOP ( 'NONE', ( #2718, #4130, #207, #2041 ) ) ;
#1105 = VECTOR ( 'NONE', #1003, 1000.000000000000000 ) ;
#1106 = EDGE_CURVE ( 'NONE', #1161, #210, #4728, .T. ) ;
#1107 = CARTESIAN_POINT ( 'NONE',  ( -1.596953376101000188, -2.766004384726000076, -2.698527431063999948 ) ) ;
#1108 = CYLINDRICAL_SURFACE ( 'NONE', #943, 2.500000000000000000 ) ;
#1109 = EDGE_LOOP ( 'NONE', ( #3748, #4303, #3258, #3727 ) ) ;
#1110 = CARTESIAN_POINT ( 'NONE',  ( -0.7107379137545000169, -3.127423309756999892, -4.706599570310999958 ) ) ;
#1111 = CARTESIAN_POINT ( 'NONE',  ( 1.021098420800544027, 3.013593708202574994, -2.948300006369280801 ) ) ;
#1112 = CARTESIAN_POINT ( 'NONE',  ( 1.688266958050000044, 2.221660524640999945, -4.166959960856000400 ) ) ;
#1113 = CARTESIAN_POINT ( 'NONE',  ( -2.429597641834963184, -1.393626266063166641, -4.528915769401185898 ) ) ;
#1114 = CARTESIAN_POINT ( 'NONE',  ( -0.1480891818032226415, -3.172001883287604240, -1.945753148822832568 ) ) ;
#1115 = CARTESIAN_POINT ( 'NONE',  ( 0.000000000000000000, 2.827072777928000047, -1.224023307191000054 ) ) ;
#1116 = APPLICATION_PROTOCOL_DEFINITION ( 'draft international standard', 'automotive_design', 1998, #1091 ) ;
#1117 = CARTESIAN_POINT ( 'NONE',  ( -1.938435941526704731, -2.523224811661485933, -4.129536172138458916 ) ) ;
#1118 = CARTESIAN_POINT ( 'NONE',  ( 1.131987617969000048, -2.697061044018000064, -3.774111626042000012 ) ) ;
#1119 = FACE_OUTER_BOUND ( 'NONE', #5675, .T. ) ;
#1120 = VECTOR ( 'NONE', #481, 1000.000000000000000 ) ;
#1121 = CARTESIAN_POINT ( 'NONE',  ( 2.778486331853999847, -0.3525636569632999984, -3.463404531771999917 ) ) ;
#1122 = CARTESIAN_POINT ( 'NONE',  ( 1.769733998381000095, 2.328866382518000044, -2.513934284747000092 ) ) ;
#1123 = CARTESIAN_POINT ( 'NONE',  ( -1.083914082544999991, 2.582521575934999980, -1.938700988075005682 ) ) ;
#1124 = CARTESIAN_POINT ( 'NONE',  ( -2.524450951721347369, -1.936725732697052393, -4.071081605599435882 ) ) ;
#1125 = DIRECTION ( 'NONE',  ( 0.000000000000000000, 0.000000000000000000, 1.000000000000000000 ) ) ;
#1126 = CARTESIAN_POINT ( 'NONE',  ( -2.897646176912230143, 1.298249962040417982, -2.163423372166751069 ) ) ;
#1127 = CARTESIAN_POINT ( 'NONE',  ( 1.694572249308000211, 2.229957918970999931, -2.585460247333813744 ) ) ;
#1128 = CARTESIAN_POINT ( 'NONE',  ( 2.800417116365000236, 0.000000000000000000, -4.222634418302000370 ) ) ;
#1129 = ORIENTED_EDGE ( 'NONE', *, *, #4681, .T. ) ;
#1130 = CARTESIAN_POINT ( 'NONE',  ( -1.769729570691999987, 2.328860555939999966, -1.983978166484000161 ) ) ;
#1131 = CARTESIAN_POINT ( 'NONE',  ( -3.069979024600975936, 0.8101280254268768966, -1.439041805118235651 ) ) ;
#1132 = ORIENTED_EDGE ( 'NONE', *, *, #3178, .T. ) ;
#1133 = CARTESIAN_POINT ( 'NONE',  ( 1.932678427628000017, 2.543291716405000180, -3.769983049732000602 ) ) ;
#1134 = CARTESIAN_POINT ( 'NONE',  ( -2.049999999999999822, -7.400000000000000355, -13.75000000000000000 ) ) ;
#1135 = EDGE_CURVE ( 'NONE', #4300, #4266, #1093, .T. ) ;
#1136 = EDGE_LOOP ( 'NONE', ( #9, #1448, #1966, #2289 ) ) ;
#1137 = CARTESIAN_POINT ( 'NONE',  ( 1.529622085458000047, 2.649383168392999810, -2.192215079967999802 ) ) ;
#1138 = EDGE_CURVE ( 'NONE', #2140, #5163, #1433, .T. ) ;
#1139 = CARTESIAN_POINT ( 'NONE',  ( -0.6543697108982003963, 2.434931691670789267, 0.000000000000000000 ) ) ;
#1140 = CARTESIAN_POINT ( 'NONE',  ( 2.055510326824999900, 1.903661165743000039, -4.186419665179999861 ) ) ;
#1141 = CARTESIAN_POINT ( 'NONE',  ( -3.031274083295877109, -0.9460709292460830477, -2.083539505636359479 ) ) ;
#1142 = CARTESIAN_POINT ( 'NONE',  ( 0.6231825505962000911, 2.742157970261000166, -1.955793169384000274 ) ) ;
#1143 = DIRECTION ( 'NONE',  ( 0.000000000000000000, 0.000000000000000000, 1.000000000000000000 ) ) ;
#1144 = CARTESIAN_POINT ( 'NONE',  ( -1.462310321417999992, 2.532795773129000061, -4.113767118485999852 ) ) ;
#1145 = CARTESIAN_POINT ( 'NONE',  ( 0.000000000000000000, 0.000000000000000000, -0.3857864376269000695 ) ) ;
#1146 = CARTESIAN_POINT ( 'NONE',  ( -2.778486331853999847, 0.3525636569632999984, -4.521737865106000065 ) ) ;
#1147 = CARTESIAN_POINT ( 'NONE',  ( -2.805522078389000029, 0.8682627462805000418, -2.298208803885999796 ) ) ;
#1148 = CARTESIAN_POINT ( 'NONE',  ( 2.063187188137999950, -1.910770905142000098, -2.245774490859995254 ) ) ;
#1149 = DIRECTION ( 'NONE',  ( 0.000000000000000000, 0.000000000000000000, 1.000000000000000000 ) ) ;
#1150 = CARTESIAN_POINT ( 'NONE',  ( -3.073312085289782392, 0.8236596550913323211, -1.351208210760188821 ) ) ;
#1151 = DIRECTION ( 'NONE',  ( 0.000000000000000000, 0.000000000000000000, 1.000000000000000000 ) ) ;
#1152 = CARTESIAN_POINT ( 'NONE',  ( 1.400208558182000296, 2.425232363965000193, -1.161226850887813633 ) ) ;
#1153 = CARTESIAN_POINT ( 'NONE',  ( 1.083914082544999991, 2.582521575934999980, -3.386363984818999917 ) ) ;
#1154 = ORIENTED_EDGE ( 'NONE', *, *, #5713, .T. ) ;
#1155 = CARTESIAN_POINT ( 'NONE',  ( 0.6508218154640000863, -2.863777599015000064, -1.676904663700000020 ) ) ;
#1156 = CARTESIAN_POINT ( 'NONE',  ( -2.855464730226519254, -1.403027626024698993, -3.476779021075986353 ) ) ;
#1157 = EDGE_LOOP ( 'NONE', ( #1647, #5516, #1478, #2487, #2075, #2079, #2854 ) ) ;
#1158 = CARTESIAN_POINT ( 'NONE',  ( -2.800417116365000236, -1.899869150890000132E-14, -4.441818963461999559 ) ) ;
#1159 = CARTESIAN_POINT ( 'NONE',  ( 3.168894449455999851, -0.4021027574698999851, -3.182020086769000056 ) ) ;
#1160 = CARTESIAN_POINT ( 'NONE',  ( -1.285869145085286602, 2.909360480022929352, -4.273919022673116075 ) ) ;
#1161 = VERTEX_POINT ( 'NONE', #461 ) ;
#1162 = CARTESIAN_POINT ( 'NONE',  ( 1.851192183335000241, -2.436060587237999897, -1.708722424262999917 ) ) ;
#1163 = CARTESIAN_POINT ( 'NONE',  ( -0.1002930484135183403, 0.3905705023458003189, -1.800000000000000488 ) ) ;
#1164 = CARTESIAN_POINT ( 'NONE',  ( 1.590184998187032406, 2.755851987902757649, -2.263565378840938891 ) ) ;
#1165 = CARTESIAN_POINT ( 'NONE',  ( -3.005561967713847871, -1.026109626701934729, -2.080507960169175607 ) ) ;
#1166 = CARTESIAN_POINT ( 'NONE',  ( -1.083914082544999991, -2.582521575934999980, -1.622475095930000055 ) ) ;
#1167 = SHAPE_DEFINITION_REPRESENTATION ( #2160, #3850 ) ;
#1168 = CARTESIAN_POINT ( 'NONE',  ( 0.3819822651081100084, 0.1217131053530289275, -2.799999999999999822 ) ) ;
#1169 = CARTESIAN_POINT ( 'NONE',  ( -0.7107379137545000169, -3.127423309756999892, -1.884377348089000037 ) ) ;
#1170 = CARTESIAN_POINT ( 'NONE',  ( 2.768147931949000107, -0.3512518117201999801, -1.462330331226000091 ) ) ;
#1171 = CARTESIAN_POINT ( 'NONE',  ( -1.694572249308000211, 2.229957918970999931, -1.218901341869000010 ) ) ;
#1172 = CARTESIAN_POINT ( 'NONE',  ( 2.778486331853999847, -0.3525636569632999984, -1.279941248796000020 ) ) ;
#1173 = CARTESIAN_POINT ( 'NONE',  ( 1.462313979973999922, 2.532802109932999812, -3.206367554968000189 ) ) ;
#1174 = CARTESIAN_POINT ( 'NONE',  ( -1.083914082544999991, -2.582521575934999980, -1.677271232220836517 ) ) ;
#1175 = CARTESIAN_POINT ( 'NONE',  ( 2.535873493693437286, -1.954734560055860770, -3.866919728234978315 ) ) ;
#1176 = CARTESIAN_POINT ( 'NONE',  ( 3.214697847808270914E-16, 3.400000000036673242, -8.199999999975078779 ) ) ;
#1177 = PLANE ( 'NONE',  #1551 ) ;
#1178 = CARTESIAN_POINT ( 'NONE',  ( -1.400208558182000296, -2.425232363965000193, -2.219560184220982890 ) ) ;
#1179 = CARTESIAN_POINT ( 'NONE',  ( 2.778486331853999847, 0.3525636569632999984, -4.209512132967000220 ) ) ;
#1180 = VECTOR ( 'NONE', #5632, 1000.000000000000000 ) ;
#1181 = CARTESIAN_POINT ( 'NONE',  ( 0.000000000000000000, -2.816544961612000186, -2.166769098401000182 ) ) ;
#1182 = ORIENTED_EDGE ( 'NONE', *, *, #5475, .T. ) ;
#1183 = CARTESIAN_POINT ( 'NONE',  ( 0.000000000000000000, 2.952458530842999807, -2.055896748114999895 ) ) ;
#1184 = DIRECTION ( 'NONE',  ( 0.000000000000000000, 0.000000000000000000, 1.000000000000000000 ) ) ;
#1185 = EDGE_LOOP ( 'NONE', ( #3804, #1054, #4788, #5350 ) ) ;
#1186 = CARTESIAN_POINT ( 'NONE',  ( -2.448316844033000095, -1.413536388964000023, -3.677467111609999950 ) ) ;
#1187 = VECTOR ( 'NONE', #1356, 1000.000000000000000 ) ;
#1188 = CARTESIAN_POINT ( 'NONE',  ( 0.3485256161429337030, -0.1968737890391760725, -2.799999999999999822 ) ) ;
#1189 = CARTESIAN_POINT ( 'NONE',  ( -0.3610797180614187529, -0.1726605131134797133, -1.800000000000000266 ) ) ;
#1190 = VECTOR ( 'NONE', #3841, 1000.000000000000000 ) ;
#1191 = ORIENTED_EDGE ( 'NONE', *, *, #4584, .T. ) ;
#1192 = CARTESIAN_POINT ( 'NONE',  ( -2.909085458193000129, -0.9272942985657000037, -1.217776595751000057 ) ) ;
#1193 = CARTESIAN_POINT ( 'NONE',  ( 0.4000000000000001332, 0.05104279172844634199, -1.800000000000000711 ) ) ;
#1194 = CARTESIAN_POINT ( 'NONE',  ( -2.500000000000000000, -0.1588637460819050662, -1.800000000000000044 ) ) ;
#1195 = DIRECTION ( 'NONE',  ( 0.000000000000000000, 0.000000000000000000, 1.000000000000000000 ) ) ;
#1196 = CARTESIAN_POINT ( 'NONE',  ( 1.236216021826999967, 2.945394473874999974, -0.9215162568404000609 ) ) ;
#1197 = CARTESIAN_POINT ( 'NONE',  ( 2.923048516030566812, -1.239589154988509856, -1.808261780545586506 ) ) ;
#1198 = CARTESIAN_POINT ( 'NONE',  ( 2.063187188137999950, 1.910770905142000098, -2.020957148701000072 ) ) ;
#1199 = AXIS2_PLACEMENT_3D ( 'NONE', #140, #1464, #1894 ) ;
#1200 = CARTESIAN_POINT ( 'NONE',  ( 0.000000000000000000, 0.000000000000000000, 0.000000000000000000 ) ) ;
#1201 = CARTESIAN_POINT ( 'NONE',  ( -2.793108592565073156, -1.197199189851226214E-16, -1.071077668333397792 ) ) ;
#1202 = DIRECTION ( 'NONE',  ( 0.000000000000000000, 0.000000000000000000, -1.000000000000000000 ) ) ;
#1203 = CARTESIAN_POINT ( 'NONE',  ( 3.174999997512471861, -1.918156643496938471E-07, -3.175000031958635560 ) ) ;
#1204 = CARTESIAN_POINT ( 'NONE',  ( -2.439206963470999856, -1.408276796968999989, -2.448745082928999839 ) ) ;
#1205 = CARTESIAN_POINT ( 'NONE',  ( -2.778486331853999847, 0.3525636569632999984, -1.127553319945999943 ) ) ;
#1206 = CARTESIAN_POINT ( 'NONE',  ( 3.101190160809776497, 0.6885065663198705055, -3.151382867057772597 ) ) ;
#1207 = CARTESIAN_POINT ( 'NONE',  ( 1.083914082544999991, 2.582521575934999980, -1.841659641089999910 ) ) ;
#1208 = ADVANCED_FACE ( 'NONE', ( #4743 ), #3417, .T. ) ;
#1209 = CARTESIAN_POINT ( 'NONE',  ( -2.924627959947999845, 0.000000000000000000, -2.971182369782999988 ) ) ;
#1210 = ADVANCED_FACE ( 'NONE', ( #3974 ), #3450, .T. ) ;
#1211 = CARTESIAN_POINT ( 'NONE',  ( -1.400208558182000296, 2.425232363965000193, -1.220023147185005596 ) ) ;
#1212 = CARTESIAN_POINT ( 'NONE',  ( -0.2095766989707459060, -3.174923560873486039, -3.976506285212078051 ) ) ;
#1213 = CARTESIAN_POINT ( 'NONE',  ( 1.405821493366681940, 2.854430352791799130, -1.551317344058855241 ) ) ;
#1214 = DIRECTION ( 'NONE',  ( 0.000000000000000000, 0.000000000000000000, -1.000000000000000000 ) ) ;
#1215 = CARTESIAN_POINT ( 'NONE',  ( -2.063187188137999950, 1.910770905142000098, -1.716607824192813547 ) ) ;
#1216 = CARTESIAN_POINT ( 'NONE',  ( -2.800417116365000236, 0.000000000000000000, -0.9808378019931000003 ) ) ;
#1217 = CARTESIAN_POINT ( 'NONE',  ( 2.676365890446999796, -0.8282910393011000405, -2.728517754726000000 ) ) ;
#1218 = VECTOR ( 'NONE', #3438, 1000.000000000000000 ) ;
#1219 = EDGE_LOOP ( 'NONE', ( #2425, #3291, #1561, #5459 ) ) ;
#1220 = CARTESIAN_POINT ( 'NONE',  ( -2.154693243804000069, -1.995517025035999703, -1.794497256292000076 ) ) ;
#1221 = CARTESIAN_POINT ( 'NONE',  ( -3.058834208072502392, 0.8512413973706147718, -1.440568798582036569 ) ) ;
#1222 = VERTEX_POINT ( 'NONE', #2125 ) ;
#1223 = CARTESIAN_POINT ( 'NONE',  ( 2.448316844033000095, 1.413536388964000023, -4.030244889388000296 ) ) ;
#1224 = CARTESIAN_POINT ( 'NONE',  ( -1.542970725069351845, -2.355452670860378461, -4.523539458317763717 ) ) ;
#1225 = CARTESIAN_POINT ( 'NONE',  ( -2.792332490039000081, -1.612153914791000009, -4.168434838470999715 ) ) ;
#1226 = CARTESIAN_POINT ( 'NONE',  ( 0.000000000000000000, -9.210193359837999694, -11.06000000000000050 ) ) ;
#1227 = ORIENTED_EDGE ( 'NONE', *, *, #3652, .F. ) ;
#1228 = CARTESIAN_POINT ( 'NONE',  ( 1.184094262037999945, 2.821209751675000543, -2.179092794634000185 ) ) ;
#1229 = CARTESIAN_POINT ( 'NONE',  ( -2.352582858676001809, -0.8460813610436382914, -1.800000000000000044 ) ) ;
#1230 = DIRECTION ( 'NONE',  ( 0.000000000000000000, 1.000000000000000000, -0.000000000000000000 ) ) ;
#1231 = CARTESIAN_POINT ( 'NONE',  ( 0.000000000000000000, -3.088386873591999926, -4.128373418942000050 ) ) ;
#1232 = CARTESIAN_POINT ( 'NONE',  ( 2.638433717030755243, -1.766152643431882607, -1.830426547862204156 ) ) ;
#1233 = CARTESIAN_POINT ( 'NONE',  ( 0.05051613423522571811, 0.3999329876339818290, -2.799999999999998934 ) ) ;
#1234 = DIRECTION ( 'NONE',  ( 0.000000000000000000, -1.000000000000000000, 0.000000000000000000 ) ) ;
#1235 = CARTESIAN_POINT ( 'NONE',  ( 2.287650528188916788, -2.204107152554247495, -3.262097397198117754 ) ) ;
#1236 = CARTESIAN_POINT ( 'NONE',  ( -1.079880973899999930, 2.572912336362000119, -1.932700701596999915 ) ) ;
#1237 = CARTESIAN_POINT ( 'NONE',  ( -1.889707849479611346, 1.645878575097152963, -1.800000000000000933 ) ) ;
#1238 = CARTESIAN_POINT ( 'NONE',  ( -2.778486331853999847, 0.3525636569632999984, -2.538664431057000570 ) ) ;
#1239 = CARTESIAN_POINT ( 'NONE',  ( 2.257097588384919806, 2.232977450537134700, -3.086386618330133835 ) ) ;
#1240 = ADVANCED_FACE ( 'NONE', ( #405 ), #2155, .T. ) ;
#1241 = CARTESIAN_POINT ( 'NONE',  ( -2.800417116365000236, 0.000000000000000000, -1.619596741240000304 ) ) ;
#1242 = CARTESIAN_POINT ( 'NONE',  ( -2.805522078389000029, 0.8682627462804001217, -4.414875470552000358 ) ) ;
#1243 = CARTESIAN_POINT ( 'NONE',  ( -2.800417116365000236, 0.000000000000000000, -2.513541665703006078 ) ) ;
#1244 = LINE ( 'NONE', #5536, #643 ) ;
#1245 = CARTESIAN_POINT ( 'NONE',  ( 0.4161682672228068092, 3.154413914495514337, -1.514811159914376537 ) ) ;
#1246 = CARTESIAN_POINT ( 'NONE',  ( 0.000000000000000000, -6.099999999999999645, -9.650000000000000355 ) ) ;
#1247 = CARTESIAN_POINT ( 'NONE',  ( 2.448316844033000095, 1.413536388964000023, -1.220023147183982637 ) ) ;
#1248 = CARTESIAN_POINT ( 'NONE',  ( -2.592804295980999818, -1.038334557450000029, -0.9387528839119999580 ) ) ;
#1249 = CARTESIAN_POINT ( 'NONE',  ( 0.6208618634615999943, -2.731946370599999785, -2.846110347319000144 ) ) ;
#1250 = ORIENTED_EDGE ( 'NONE', *, *, #484, .T. ) ;
#1251 = CARTESIAN_POINT ( 'NONE',  ( 1.131987617969000048, -2.697061044018000064, -1.657444959375999893 ) ) ;
#1252 = CARTESIAN_POINT ( 'NONE',  ( -2.257337401883951600, -2.232734996136480188, -3.439176584507947609 ) ) ;
#1253 = ORIENTED_EDGE ( 'NONE', *, *, #238, .F. ) ;
#1254 = CARTESIAN_POINT ( 'NONE',  ( -2.063187188137999950, -1.910770905142000098, -4.356808360528000357 ) ) ;
#1255 = CARTESIAN_POINT ( 'NONE',  ( 2.768139447978999801, -0.3512507351845000070, -1.297946939290999913 ) ) ;
#1256 = CARTESIAN_POINT ( 'NONE',  ( -0.1726605131134797966, -0.3610797180614187529, -2.799999999999999822 ) ) ;
#1257 = CARTESIAN_POINT ( 'NONE',  ( 0.1968737890391761558, -0.3485256161429337585, -1.800000000000000488 ) ) ;
#1258 = EDGE_CURVE ( 'NONE', #4934, #2340, #3010, .T. ) ;
#1259 = ORIENTED_EDGE ( 'NONE', *, *, #324, .F. ) ;
#1260 = CARTESIAN_POINT ( 'NONE',  ( 3.059244170917000183, 0.000000000000000000, -1.604252117006000011 ) ) ;
#1261 = CARTESIAN_POINT ( 'NONE',  ( 0.3022708126128269002, 0.2634668500010718395, -1.800000000000000711 ) ) ;
#1262 = FACE_OUTER_BOUND ( 'NONE', #1515, .T. ) ;
#1263 = DIRECTION ( 'NONE',  ( -0.000000000000000000, 0.000000000000000000, 1.000000000000000000 ) ) ;
#1264 = CARTESIAN_POINT ( 'NONE',  ( 0.7107466043442001169, -3.127461550510000077, -1.202405717018999898 ) ) ;
#1265 = CARTESIAN_POINT ( 'NONE',  ( 2.635815446391938099, -1.770059837636115851, -1.830598888584452855 ) ) ;
#1266 = CARTESIAN_POINT ( 'NONE',  ( -3.500000000000000000, -7.400000000000000355, -9.650000000000000355 ) ) ;
#1267 = CARTESIAN_POINT ( 'NONE',  ( 3.168855702086000203, -0.4020978407948000433, -1.694896437896999952 ) ) ;
#1268 = CARTESIAN_POINT ( 'NONE',  ( 2.751030686106908707, -1.588475797423302360, -3.233814003684934768 ) ) ;
#1269 = CARTESIAN_POINT ( 'NONE',  ( -1.079880973899999930, -2.572912336362000119, -2.376826501296999794 ) ) ;
#1270 = CARTESIAN_POINT ( 'NONE',  ( 2.372467031226681122, 0.7902395866340793384, -1.800000000000000711 ) ) ;
#1271 = EDGE_CURVE ( 'NONE', #4214, #5493, #2045, .T. ) ;
#1272 = CARTESIAN_POINT ( 'NONE',  ( 2.448316844033000095, -1.413536388964000023, -2.937116219796000127 ) ) ;
#1273 = CARTESIAN_POINT ( 'NONE',  ( -2.448316844033000095, 1.413536388964000023, -1.678393037536000110 ) ) ;
#1274 = CARTESIAN_POINT ( 'NONE',  ( 1.131990450089999989, -2.697067791798000158, -3.454675025488000095 ) ) ;
#1275 = B_SPLINE_CURVE_WITH_KNOTS ( 'NONE', 3,
 ( #4568, #5030, #2404, #4139, #2832, #2807, #630, #2375, #190, #4592, #4312, #2547, #4347, #1597, #5647, #300, #5610, #359, #3347, #2148, #1164, #3472, #4278, #3442, #5208, #825, #2578, #4796, #328, #2117 ),
 .UNSPECIFIED., .F., .F.,
 ( 4, 2, 2, 2, 2, 2, 2, 2, 2, 2, 2, 2, 2, 2, 4 ),
 ( -0.04977961648287602264, -0.04915736612973715253, -0.04853511577659828241, -0.04729061507032053524, -0.04666836471718166512, -0.04604611436404279501, -0.04542386401090392489, -0.04480161365776504784, -0.04417936330462617772, -0.04355711295148730067, -0.04293486259834843055, -0.04231261224520956044, -0.04169036189207069032, -0.04106811153893181326, -0.03982361083265406609 ),
 .UNSPECIFIED. ) ;
#1276 = CARTESIAN_POINT ( 'NONE',  ( -2.063187188137999950, -1.910770905142000098, -3.134086618325005347 ) ) ;
#1277 = CARTESIAN_POINT ( 'NONE',  ( 1.187353590325725960, -2.649071305260433107, -4.467299635868784868 ) ) ;
#1278 = DIRECTION ( 'NONE',  ( 0.000000000000000000, -0.000000000000000000, 1.000000000000000000 ) ) ;
#1279 = CARTESIAN_POINT ( 'NONE',  ( 2.778486331853999847, -0.3525636569632999984, -1.997497284370813864 ) ) ;
#1280 = CARTESIAN_POINT ( 'NONE',  ( 2.448316844033000095, 1.413536388964000023, -1.980374839030000000 ) ) ;
#1281 = CARTESIAN_POINT ( 'NONE',  ( 0.6208618634615999943, -2.731946370599999785, -4.257221458430000105 ) ) ;
#1282 = ORIENTED_EDGE ( 'NONE', *, *, #2048, .F. ) ;
#1283 = VERTEX_POINT ( 'NONE', #4462 ) ;
#1284 = CARTESIAN_POINT ( 'NONE',  ( -0.6231825505962000911, -2.742157970261000166, -3.586088825655000090 ) ) ;
#1285 = CARTESIAN_POINT ( 'NONE',  ( 0.6668720755793944299, -2.806768747092249772, -4.477777241238743322 ) ) ;
#1286 = CARTESIAN_POINT ( 'NONE',  ( -2.546024441166000241, 1.926237231665000049, -4.300601960161000825 ) ) ;
#1287 = CARTESIAN_POINT ( 'NONE',  ( 3.174999999999923439, 6.998964540124661165E-07, -3.086805530712213752 ) ) ;
#1288 = ORIENTED_EDGE ( 'NONE', *, *, #410, .F. ) ;
#1289 = CARTESIAN_POINT ( 'NONE',  ( -1.184094262037999945, 2.821209751675000543, -3.498855883821999857 ) ) ;
#1290 = DIRECTION ( 'NONE',  ( 1.000000000000000000, 0.000000000000000000, 0.000000000000000000 ) ) ;
#1291 = PLANE ( 'NONE',  #1031 ) ;
#1292 = CARTESIAN_POINT ( 'NONE',  ( 1.529633678037999989, 2.649403247329999989, -3.834391937460000399 ) ) ;
#1293 = CARTESIAN_POINT ( 'NONE',  ( 2.750669148176899448, -1.589104732930635366, -1.822729539333230342 ) ) ;
#1294 = AXIS2_PLACEMENT_3D ( 'NONE', #4818, #4041, #5374 ) ;
#1295 = CARTESIAN_POINT ( 'NONE',  ( -2.800417116365000236, 1.273980920756999994E-14, -3.164301084968999866 ) ) ;
#1296 = DIRECTION ( 'NONE',  ( 0.000000000000000000, -0.000000000000000000, -1.000000000000000000 ) ) ;
#1297 = DIRECTION ( 'NONE',  ( 0.000000000000000000, -0.000000000000000000, -1.000000000000000000 ) ) ;
#1298 = CARTESIAN_POINT ( 'NONE',  ( -1.227790870077186680, -2.927996773284967436, -3.396833104494095146 ) ) ;
#1299 = CARTESIAN_POINT ( 'NONE',  ( -0.6208637663186999944, 2.731954743643000061, -1.246604850365000017 ) ) ;
#1300 = VECTOR ( 'NONE', #879, 1000.000000000000000 ) ;
#1301 = CARTESIAN_POINT ( 'NONE',  ( 0.6231825505962000911, -2.742157970261000166, -2.322938950196000274 ) ) ;
#1302 = CARTESIAN_POINT ( 'NONE',  ( -2.448316844033000095, -1.413536388964000023, -1.560800444942999965 ) ) ;
#1303 = CARTESIAN_POINT ( 'NONE',  ( 2.556910488450999885, 1.476232958801000139, -3.970719406819999797 ) ) ;
#1304 = CARTESIAN_POINT ( 'NONE',  ( 2.448316844033000095, -1.413536388964000023, -2.925115739777006230 ) ) ;
#1305 = DIRECTION ( 'NONE',  ( 1.000000000000000000, 0.000000000000000000, 0.000000000000000000 ) ) ;
#1306 = CARTESIAN_POINT ( 'NONE',  ( 2.251049880094076361, 2.239067502503717666, -3.791628799033539998 ) ) ;
#1307 = CARTESIAN_POINT ( 'NONE',  ( -1.083914082544999991, 2.582521575934999980, -1.111552679919999953 ) ) ;
#1308 = CARTESIAN_POINT ( 'NONE',  ( -1.079877664222000044, 2.572904450759999850, -3.884983976327999855 ) ) ;
#1309 = CARTESIAN_POINT ( 'NONE',  ( -3.500000000024919622, 3.400000000036673242, -11.69999999999999929 ) ) ;
#1310 = CARTESIAN_POINT ( 'NONE',  ( -2.938128349569530506, -1.203348925087603272, -2.779148207885775435 ) ) ;
#1311 = CARTESIAN_POINT ( 'NONE',  ( 2.768139447978999801, 0.3512507351845000070, -1.271702368621999923 ) ) ;
#1312 = CARTESIAN_POINT ( 'NONE',  ( -0.3976596100354143903, -0.05028435691984752681, -2.799999999999999378 ) ) ;
#1313 = CARTESIAN_POINT ( 'NONE',  ( 1.400208558182000296, -2.425232363965000193, -4.218634258295813844 ) ) ;
#1314 = ORIENTED_EDGE ( 'NONE', *, *, #966, .F. ) ;
#1315 = CARTESIAN_POINT ( 'NONE',  ( -1.851192183335000241, -2.436060587237999897, -3.263670698637000100 ) ) ;
#1316 = CARTESIAN_POINT ( 'NONE',  ( 3.099510236151820752, 0.6899261456664282921, -1.740362967227370383 ) ) ;
#1317 = LINE ( 'NONE', #2233, #4249 ) ;
#1318 = CARTESIAN_POINT ( 'NONE',  ( -2.285429901566999877, 2.023726167232999806, -4.387053123000000276 ) ) ;
#1319 = CARTESIAN_POINT ( 'NONE',  ( -3.500000000000000000, -7.400000000000000355, -13.75000000000000000 ) ) ;
#1320 = CARTESIAN_POINT ( 'NONE',  ( 0.6231825505962000911, -2.742157970261000166, -2.256142333886999918 ) ) ;
#1321 = CARTESIAN_POINT ( 'NONE',  ( -2.353059077759999784, -2.179228743622999787, -2.655096882961999860 ) ) ;
#1322 = CARTESIAN_POINT ( 'NONE',  ( -2.868820075854220608, -1.367587312656609821, -1.361562690370800910 ) ) ;
#1323 = CARTESIAN_POINT ( 'NONE',  ( -1.394998557377999937, 2.416208377863999779, -2.625133971817000145 ) ) ;
#1324 = CARTESIAN_POINT ( 'NONE',  ( 1.083914082544999991, 2.582521575934999980, -2.747605045573000115 ) ) ;
#1325 = CARTESIAN_POINT ( 'NONE',  ( 2.778486331853999847, 0.3525636569632999984, -2.664807789237999991 ) ) ;
#1326 = CARTESIAN_POINT ( 'NONE',  ( -1.131990450089999989, 2.697067791798000158, -3.807452803264999908 ) ) ;
#1327 = CARTESIAN_POINT ( 'NONE',  ( 2.778486331853999847, 0.3525636569632999984, -2.853197158146005830 ) ) ;
#1328 = LINE ( 'NONE', #3078, #4588 ) ;
#1329 = CARTESIAN_POINT ( 'NONE',  ( 3.158758483985451448, 0.3821746833546905697, -3.867822218810209378 ) ) ;
#1330 = CARTESIAN_POINT ( 'NONE',  ( -1.083914082544999991, -2.582521575934999980, -1.555678479621000143 ) ) ;
#1331 = CARTESIAN_POINT ( 'NONE',  ( 2.055504026985000010, -1.903655331299000109, -3.486501923556999838 ) ) ;
#1332 = LINE ( 'NONE', #897, #3031 ) ;
#1333 = CARTESIAN_POINT ( 'NONE',  ( -0.1459152945760665843, -3.172102839000559005, -2.651228902231349771 ) ) ;
#1334 = CARTESIAN_POINT ( 'NONE',  ( -1.394994281911000167, 2.416200972537000169, -1.755195024327000031 ) ) ;
#1335 = CARTESIAN_POINT ( 'NONE',  ( -1.406997681053808069, 2.853796644877838240, -2.240932149000348428 ) ) ;
#1336 = CARTESIAN_POINT ( 'NONE',  ( -2.778486331853999847, -0.3525636569631999673, -4.440697158145813006 ) ) ;
#1337 = ORIENTED_EDGE ( 'NONE', *, *, #4030, .F. ) ;
#1338 = CARTESIAN_POINT ( 'NONE',  ( 1.184094262037999945, -2.821209751675000543, -2.440522550488000153 ) ) ;
#1339 = CARTESIAN_POINT ( 'NONE',  ( 2.779492608379982244, 1.534928427887110480, -1.707330568569254803 ) ) ;
#1340 = ORIENTED_EDGE ( 'NONE', *, *, #5280, .F. ) ;
#1341 = CARTESIAN_POINT ( 'NONE',  ( -2.011543708704403688, -1.523885159940283174, -1.800000000000000488 ) ) ;
#1342 = CARTESIAN_POINT ( 'NONE',  ( 1.596953376101000188, 2.766004384726000076, -2.345749653286000047 ) ) ;
#1343 = CARTESIAN_POINT ( 'NONE',  ( 0.000000000000000000, -9.210193359837999694, -11.70000000000000107 ) ) ;
#1344 = CARTESIAN_POINT ( 'NONE',  ( 2.778486331853999847, -0.3525636569632999984, -2.824645592526000115 ) ) ;
#1345 = CARTESIAN_POINT ( 'NONE',  ( -2.674621489245000205, -1.544193436795999963, -3.540410455978999948 ) ) ;
#1346 = CARTESIAN_POINT ( 'NONE',  ( -3.063796991514999846, -0.9481945661345000387, -2.707525496236999896 ) ) ;
#1347 = CARTESIAN_POINT ( 'NONE',  ( -1.344662677590303002, -2.333009656905868034, -0.000000000000000000 ) ) ;
#1348 = CARTESIAN_POINT ( 'NONE',  ( 1.688266958050000044, -2.221660524640999945, -3.670345019816000143 ) ) ;
#1349 = CARTESIAN_POINT ( 'NONE',  ( 0.9602408923906836646, 2.308336204962033289, -1.800000000000000266 ) ) ;
#1350 = CARTESIAN_POINT ( 'NONE',  ( -2.800417116365000236, 0.000000000000000000, -2.525542145721999976 ) ) ;
#1351 = CARTESIAN_POINT ( 'NONE',  ( -0.6231825505960999489, -2.742157970261000166, -2.880533270099999932 ) ) ;
#1352 = CARTESIAN_POINT ( 'NONE',  ( -1.078590315085000029, 2.854269412500999969, -0.9117938025484000342 ) ) ;
#1353 = CARTESIAN_POINT ( 'NONE',  ( -1.131987617969000048, -2.697061044018000064, -2.454348536854999985 ) ) ;
#1354 = EDGE_CURVE ( 'NONE', #4667, #5430, #4146, .T. ) ;
#1355 = CARTESIAN_POINT ( 'NONE',  ( -2.448316844033000095, 1.413536388964000023, -3.277893517555006575 ) ) ;
#1356 = DIRECTION ( 'NONE',  ( 0.000000000000000000, 0.000000000000000000, 1.000000000000000000 ) ) ;
#1357 = CARTESIAN_POINT ( 'NONE',  ( 1.588395383338446321, 2.751073066375017806, -3.762676569036247809 ) ) ;
#1358 = CARTESIAN_POINT ( 'NONE',  ( 2.686369738734000201, -0.8313870651189000371, -2.071753124984999861 ) ) ;
#1359 = CARTESIAN_POINT ( 'NONE',  ( 2.439199487657000454, -1.408272480806000093, -3.460287616920000087 ) ) ;
#1360 = CARTESIAN_POINT ( 'NONE',  ( -3.175012868634118135, -1.583771045052898140E-06, -2.822192435706963654 ) ) ;
#1361 = CARTESIAN_POINT ( 'NONE',  ( -2.591362283194968974, 1.834793529050811278, -2.891809439250840885 ) ) ;
#1362 = CARTESIAN_POINT ( 'NONE',  ( 1.257260306196699373, 2.915513031620305728, -2.339522159589261019 ) ) ;
#1363 = CARTESIAN_POINT ( 'NONE',  ( 0.6231825505962000911, 2.742157970261000166, -3.950867083451812700 ) ) ;
#1364 = ORIENTED_EDGE ( 'NONE', *, *, #440, .F. ) ;
#1365 = CARTESIAN_POINT ( 'NONE',  ( 2.934656025390999901, -0.9082275700564000909, -3.047945217775000160 ) ) ;
#1366 = CARTESIAN_POINT ( 'NONE',  ( -0.9386890552917138697, -2.317161253888336603, -1.800000000000000266 ) ) ;
#1367 = CARTESIAN_POINT ( 'NONE',  ( -1.236216021826999967, 2.945394473874999974, -1.535723790472999895 ) ) ;
#1368 = CARTESIAN_POINT ( 'NONE',  ( -2.753528943086695602, -1.594300485280211399, -3.380627034002599007 ) ) ;
#1369 = CARTESIAN_POINT ( 'NONE',  ( 1.400208558182000296, 2.425232363965000193, -2.693930714597999820 ) ) ;
#1370 = CARTESIAN_POINT ( 'NONE',  ( -3.035309448962999923, -0.3851520833747000272, -3.586084466940000048 ) ) ;
#1371 = AXIS2_PLACEMENT_3D ( 'NONE', #229, #5508, #1956 ) ;
#1372 = CARTESIAN_POINT ( 'NONE',  ( -1.236200906108000153, 2.945358459331000045, -2.870822363823000156 ) ) ;
#1373 = CARTESIAN_POINT ( 'NONE',  ( -3.124576046616847513, -0.5811487942470298096, -1.391529337359557639 ) ) ;
#1374 = CARTESIAN_POINT ( 'NONE',  ( 2.789997114755999874, -1.545985561791000013E-14, -3.565874712558000148 ) ) ;
#1375 = CARTESIAN_POINT ( 'NONE',  ( 1.023520899258695938, -3.012633716614323998, -2.519724891828836189 ) ) ;
#1376 = CARTESIAN_POINT ( 'NONE',  ( -3.500000000000000000, 3.167949717137402477, -9.348616556208744655 ) ) ;
#1377 = CARTESIAN_POINT ( 'NONE',  ( 2.778486331853999847, 0.3525636569632999984, -4.276308749276999777 ) ) ;
#1378 = CARTESIAN_POINT ( 'NONE',  ( -2.031708135063999866E-14, 2.827072777928000047, -3.207096741239999993 ) ) ;
#1379 = CARTESIAN_POINT ( 'NONE',  ( -3.035309448962999923, -0.3851520833747000272, -2.174973355829000088 ) ) ;
#1380 = CARTESIAN_POINT ( 'NONE',  ( -2.805515059268000044, -0.8682605739783999521, -3.258036980678999939 ) ) ;
#1381 = VECTOR ( 'NONE', #859, 1000.000000000000000 ) ;
#1382 = CARTESIAN_POINT ( 'NONE',  ( 2.686369738734000201, -0.8313870651189000371, -3.604456988695006636 ) ) ;
#1383 = CARTESIAN_POINT ( 'NONE',  ( 0.3923237808927718673, 3.151415768166887066, -3.718670703849620729 ) ) ;
#1384 = EDGE_CURVE ( 'NONE', #579, #241, #1929, .T. ) ;
#1385 = CARTESIAN_POINT ( 'NONE',  ( 2.448316844033000095, 1.413536388964000023, -2.685930394585999803 ) ) ;
#1386 = CARTESIAN_POINT ( 'NONE',  ( 2.676365890446999796, -0.8282910393011000405, -3.434073310281999802 ) ) ;
#1387 = EDGE_CURVE ( 'NONE', #5104, #754, #3209, .T. ) ;
#1388 = CARTESIAN_POINT ( 'NONE',  ( -3.174999934618622177, -0.1891909378481335113, -2.815982910736001710 ) ) ;
#1389 = APPLICATION_CONTEXT ( 'automotive_design' ) ;
#1390 = B_SPLINE_CURVE_WITH_KNOTS ( 'NONE', 3,
 ( #4543, #4946, #2323, #2243, #5331, #947, #4114, #136, #3646, #1811, #4463, #974, #520, #546 ),
 .UNSPECIFIED., .F., .F.,
 ( 4, 2, 2, 2, 2, 2, 4 ),
 ( 1.142006543788655711E-11, 0.0009126259313966900502, 0.001368938891385002151, 0.001825251851373314253, 0.002281564811361626137, 0.002737877771349937588, 0.003650503691326561356 ),
 .UNSPECIFIED. ) ;
#1391 = CARTESIAN_POINT ( 'NONE',  ( 2.245812172621041380, 2.244316224729273834, -3.085803092584560314 ) ) ;
#1392 = CARTESIAN_POINT ( 'NONE',  ( 2.245790149672794112, 2.244338262155450181, -2.380246423889386342 ) ) ;
#1393 = CARTESIAN_POINT ( 'NONE',  ( -2.281212096379723775, 1.616641019630632004, -4.523529397031877508 ) ) ;
#1394 = ORIENTED_EDGE ( 'NONE', *, *, #440, .T. ) ;
#1395 = CARTESIAN_POINT ( 'NONE',  ( -2.674601219188000201, -1.544181733873000173, -3.309344709598000200 ) ) ;
#1396 = CARTESIAN_POINT ( 'NONE',  ( 3.018058891971891367, 0.9897777855464368058, -1.729204831307022738 ) ) ;
#1397 = CARTESIAN_POINT ( 'NONE',  ( -0.2580170822988763768, -3.134784434648206108, -1.267995042036963227 ) ) ;
#1398 = CARTESIAN_POINT ( 'NONE',  ( 1.236216021826999967, -2.945394473874999974, -1.888501568251000018 ) ) ;
#1399 = AXIS2_PLACEMENT_3D ( 'NONE', #4674, #4595, #2057 ) ;
#1400 = CARTESIAN_POINT ( 'NONE',  ( -2.522503813929980687, -1.939249903052607582, -3.365409768490135178 ) ) ;
#1401 = CARTESIAN_POINT ( 'NONE',  ( 2.686369738734000201, -0.8313870651189000371, -2.138549741294000217 ) ) ;
#1402 = CARTESIAN_POINT ( 'NONE',  ( -0.6807850240499999650, -2.995623157207000453, -3.449032170024000088 ) ) ;
#1403 = CARTESIAN_POINT ( 'NONE',  ( -0.7107379137545000169, -3.127423309756999892, -2.589932903644999840 ) ) ;
#1404 = VECTOR ( 'NONE', #2370, 1000.000000000000000 ) ;
#1405 = CARTESIAN_POINT ( 'NONE',  ( 2.669999999999999929, -1.307922781489373534E-16, 0.000000000000000000 ) ) ;
#1406 = CARTESIAN_POINT ( 'NONE',  ( 0.6208637663186999944, -2.731954743643000061, -3.716049294809000259 ) ) ;
#1407 = CARTESIAN_POINT ( 'NONE',  ( 3.500000000000000000, 2.872335082899748038, -15.19999996677078791 ) ) ;
#1408 = CARTESIAN_POINT ( 'NONE',  ( 3.500000000024919622, 3.400000000036673242, -11.70000000000000107 ) ) ;
#1409 = CARTESIAN_POINT ( 'NONE',  ( -1.694572249308000211, -2.229957918970999931, -4.537738505131000188 ) ) ;
#1410 = CARTESIAN_POINT ( 'NONE',  ( 1.694572249308000211, -2.229957918970999931, -2.782400381831000580 ) ) ;
#1411 = CARTESIAN_POINT ( 'NONE',  ( 1.529633678037999989, -2.649403247329999989, -1.247354900423000013 ) ) ;
#1412 = CARTESIAN_POINT ( 'NONE',  ( -2.901717188661999902, 0.3682004880784000012, -3.303741255672000499 ) ) ;
#1413 = CARTESIAN_POINT ( 'NONE',  ( 2.800417116365000236, 0.000000000000000000, -4.277430554592005052 ) ) ;
#1414 = CARTESIAN_POINT ( 'NONE',  ( 3.076457092616768918, 0.7924837678536743590, -3.853160677509008369 ) ) ;
#1415 = CARTESIAN_POINT ( 'NONE',  ( -1.694572249308000211, 2.229957918970999931, -2.496419220362000146 ) ) ;
#1416 = CARTESIAN_POINT ( 'NONE',  ( -0.6508234437558000351, -2.863784763902999853, -1.409896676420000050 ) ) ;
#1417 = CARTESIAN_POINT ( 'NONE',  ( -3.003574680415822762, -1.031773548895396742, -2.785841811198729534 ) ) ;
#1418 = CARTESIAN_POINT ( 'NONE',  ( -1.933750968265582459, 2.520322422330374401, -2.925262516210833219 ) ) ;
#1419 = CARTESIAN_POINT ( 'NONE',  ( 1.588386773543494668, 2.751078049729496211, -2.351565111830330679 ) ) ;
#1420 = CARTESIAN_POINT ( 'NONE',  ( 2.778486331853999847, 0.3525636569632999984, -4.087919380367813993 ) ) ;
#1421 = VERTEX_POINT ( 'NONE', #1809 ) ;
#1422 = CARTESIAN_POINT ( 'NONE',  ( -1.851192183335000241, 2.436060587237999897, -4.178166868707999804 ) ) ;
#1423 = CARTESIAN_POINT ( 'NONE',  ( -1.686990456112787973, 2.690326911240819019, -1.524910918333365561 ) ) ;
#1424 = CARTESIAN_POINT ( 'NONE',  ( 3.012952202084306919, 0.000000000000000000, -4.401996453907486284 ) ) ;
#1425 = CARTESIAN_POINT ( 'NONE',  ( 2.792332490039000081, 1.612153914791000009, -1.698990394026999917 ) ) ;
#1426 = PLANE ( 'NONE',  #488 ) ;
#1427 = ADVANCED_FACE ( 'NONE', ( #79 ), #5443, .T. ) ;
#1428 = CARTESIAN_POINT ( 'NONE',  ( 3.035309448962999923, 0.3851520833747000272, -2.527751133606999989 ) ) ;
#1429 = CARTESIAN_POINT ( 'NONE',  ( 2.792298347047000640, 1.612134202325000265, -4.445200078487999917 ) ) ;
#1430 = CARTESIAN_POINT ( 'NONE',  ( -3.022329404902450722, -0.9752246057814003555, -1.376965419204190910 ) ) ;
#1431 = CARTESIAN_POINT ( 'NONE',  ( 2.789997114755999874, 0.000000000000000000, -2.860319157002999990 ) ) ;
#1432 = CARTESIAN_POINT ( 'NONE',  ( 2.097703878696809632, -2.392275581117002226, -2.477920061791667905 ) ) ;
#1433 = B_SPLINE_CURVE_WITH_KNOTS ( 'NONE', 3,
 ( #1633, #2947, #4710, #833, #1270, #2183, #2213, #1755, #5712, #3044, #3071, #1727, #3511, #2613, #5243, #1349, #5215, #5301, #1698, #4383, #2554, #4833, #3099, #3014, #4320, #432, #3538, #3885, #1237, #4858, #916, #4776, #4286, #336, #1667, #5685, #4806, #3480 ),
 .UNSPECIFIED., .F., .F.,
 ( 4, 1, 1, 1, 2, 2, 2, 1, 1, 1, 2, 2, 2, 1, 1, 1, 2, 2, 2, 1, 1, 1, 2, 2, 4 ),
 ( 0.000000000000000000, 0.06250000000000004163, 0.09375000000000009714, 0.1093750000000001110, 0.1171875000000001249, 0.1250000000000001110, 0.2499999999999998335, 0.3124999999999996114, 0.3437499999999994449, 0.3593749999999993339, 0.3671874999999993339, 0.3749999999999993339, 0.4999999999999992228, 0.5624999999999991118, 0.5937499999999991118, 0.6093749999999991118, 0.6171874999999991118, 0.6249999999999991118, 0.7499999999999991118, 0.8124999999999992228, 0.8437499999999992228, 0.8593749999999992228, 0.8671874999999992228, 0.8749999999999992228, 1.000000000000000000 ),
 .UNSPECIFIED. ) ;
#1434 = CARTESIAN_POINT ( 'NONE',  ( 2.063187188137999950, -1.910770905142000098, -3.668886081990000214 ) ) ;
#1435 = CARTESIAN_POINT ( 'NONE',  ( -2.778486331853999847, -0.3525636569632999984, -2.312030011460000090 ) ) ;
#1436 = CARTESIAN_POINT ( 'NONE',  ( -1.529633678037999989, 2.649403247329999989, -1.600132678200999914 ) ) ;
#1437 = CARTESIAN_POINT ( 'NONE',  ( -2.611561445371083590, 1.814267441485849952, -4.301870414612452898 ) ) ;
#1438 = CARTESIAN_POINT ( 'NONE',  ( -2.556904091329999851, 1.476229265421000303, -3.349415266633999799 ) ) ;
#1439 = EDGE_CURVE ( 'NONE', #681, #2260, #925, .T. ) ;
#1440 = CARTESIAN_POINT ( 'NONE',  ( -0.3272492347489373010, -2.499999999999999556, 0.000000000000000000 ) ) ;
#1441 = CARTESIAN_POINT ( 'NONE',  ( -2.639139578466973557, 1.765097708934655563, -3.594268910832080444 ) ) ;
#1442 = CARTESIAN_POINT ( 'NONE',  ( 1.400208558182000296, -2.425232363965000193, -2.156763727918999951 ) ) ;
#1443 = CARTESIAN_POINT ( 'NONE',  ( 2.154698634633000154, -1.995522017622999744, -1.997859639382999930 ) ) ;
#1444 = CARTESIAN_POINT ( 'NONE',  ( 3.075139000070372219, -0.8726577249892079058, -2.498986615951861445 ) ) ;
#1445 = CARTESIAN_POINT ( 'NONE',  ( -1.406925033675774817, 2.853832270587557840, -2.946490744208589696 ) ) ;
#1446 = CARTESIAN_POINT ( 'NONE',  ( 1.298894486387322633, 2.897356904240023123, -2.340979166821928636 ) ) ;
#1447 = CARTESIAN_POINT ( 'NONE',  ( -1.694572249308000211, -2.229957918970999931, -2.938238025111813201 ) ) ;
#1448 = ORIENTED_EDGE ( 'NONE', *, *, #2234, .T. ) ;
#1449 = CARTESIAN_POINT ( 'NONE',  ( 2.674601219188000201, -1.544181733873000173, -4.485270635524000404 ) ) ;
#1450 = CARTESIAN_POINT ( 'NONE',  ( -2.912686823504407219, 1.268080242705640570, -1.456643013458168046 ) ) ;
#1451 = CARTESIAN_POINT ( 'NONE',  ( 2.322536991751890323, -1.983590919915185102, -1.215099819390187408 ) ) ;
#1452 = CARTESIAN_POINT ( 'NONE',  ( 3.193906752202000376, -1.069977439982000000E-14, -1.757786690322999945 ) ) ;
#1453 = CARTESIAN_POINT ( 'NONE',  ( -3.174999724467892914, -0.4193093663034824226, -3.425853968279524597 ) ) ;
#1454 = ADVANCED_FACE ( 'NONE', ( #4919 ), #4488, .T. ) ;
#1455 = CARTESIAN_POINT ( 'NONE',  ( -1.529633678037999989, 2.649403247329999989, -3.011243789312000096 ) ) ;
#1456 = CARTESIAN_POINT ( 'NONE',  ( -3.193867698996999849, 0.000000000000000000, -4.151218597007000355 ) ) ;
#1457 = CARTESIAN_POINT ( 'NONE',  ( -2.385711246306005062, -2.099753663868115350, -1.329152037790859220 ) ) ;
#1458 = CARTESIAN_POINT ( 'NONE',  ( -1.610962177246999971, -2.272942828205000154, -4.516278738656000158 ) ) ;
#1459 = CARTESIAN_POINT ( 'NONE',  ( 0.000000000000000000, -7.349999999999999645, -11.70000000000000107 ) ) ;
#1460 = DIRECTION ( 'NONE',  ( 0.000000000000000000, 1.000000000000000000, -0.000000000000000000 ) ) ;
#1461 = CARTESIAN_POINT ( 'NONE',  ( 2.800417116365000236, 1.286470929784000031E-14, -3.583875479056000124 ) ) ;
#1462 = CARTESIAN_POINT ( 'NONE',  ( 2.686369738734000201, 0.8313870651189000371, -3.350903640469999889 ) ) ;
#1463 = CARTESIAN_POINT ( 'NONE',  ( -2.253893242280999853, -2.087388703947000046, -1.397529482673999901 ) ) ;
#1464 = DIRECTION ( 'NONE',  ( 0.000000000000000000, -1.000000000000000000, 0.000000000000000000 ) ) ;
#1465 = CARTESIAN_POINT ( 'NONE',  ( 2.901717188661999902, 0.3682004880784000012, -2.924718907225000386 ) ) ;
#1466 = CARTESIAN_POINT ( 'NONE',  ( -0.6231825505960999489, -2.742157970261000166, -4.480033750119004843 ) ) ;
#1467 = CARTESIAN_POINT ( 'NONE',  ( -2.633012307122384321, 1.774226897921139079, -3.594671787576851241 ) ) ;
#1468 = CARTESIAN_POINT ( 'NONE',  ( 0.6231825505962000911, -2.742157970261000166, -2.189345717576999917 ) ) ;
#1469 = CIRCLE ( 'NONE', #4678, 2.669999999999999929 ) ;
#1470 = CARTESIAN_POINT ( 'NONE',  ( 2.901724448471000084, -0.3682014092795999893, -1.925971321784000212 ) ) ;
#1471 = CARTESIAN_POINT ( 'NONE',  ( 2.627510737292413356, -1.782380617262264932, -2.536698871338082029 ) ) ;
#1472 = CARTESIAN_POINT ( 'NONE',  ( -2.113237369852254410, 2.370564477061668729, -2.917461799695858726 ) ) ;
#1473 = CARTESIAN_POINT ( 'NONE',  ( 1.934297367959285197, 2.526242709556651977, -3.688347124056248205 ) ) ;
#1474 = CARTESIAN_POINT ( 'NONE',  ( -2.686369738734000201, 0.8313870651189000371, -2.369734766472813892 ) ) ;
#1475 = ORIENTED_EDGE ( 'NONE', *, *, #658, .T. ) ;
#1476 = CARTESIAN_POINT ( 'NONE',  ( 2.934656025390999901, 0.9082275700564000909, -4.393892349568999656 ) ) ;
#1477 = CARTESIAN_POINT ( 'NONE',  ( 2.469418412222135650, 2.010583853733214799, -1.686357151116959052 ) ) ;
#1478 = ORIENTED_EDGE ( 'NONE', *, *, #3297, .T. ) ;
#1479 = CARTESIAN_POINT ( 'NONE',  ( 2.921418937569049579, 0.8604857368185601096, -4.387608678450714450 ) ) ;
#1480 = CARTESIAN_POINT ( 'NONE',  ( 2.353087849929000441, 2.179255390271000348, -3.083887198499999815 ) ) ;
#1481 = CARTESIAN_POINT ( 'NONE',  ( -1.590185163687063863, -2.755851894085108000, -1.910787607135098654 ) ) ;
#1482 = ADVANCED_FACE ( 'NONE', ( #2432 ), #2656, .T. ) ;
#1483 = CARTESIAN_POINT ( 'NONE',  ( -2.055504026985000010, 1.903655331299000109, -2.428168590223999779 ) ) ;
#1484 = ORIENTED_EDGE ( 'NONE', *, *, #2629, .T. ) ;
#1485 = CARTESIAN_POINT ( 'NONE',  ( 1.236200906108000153, 2.945358459331000045, -4.373281496857000405 ) ) ;
#1486 = CARTESIAN_POINT ( 'NONE',  ( -3.175000000000031797, 0.2096528174043217896, -2.740892395178605501 ) ) ;
#1487 = CARTESIAN_POINT ( 'NONE',  ( -2.789997114755999874, 0.000000000000000000, -3.918652490336000049 ) ) ;
#1488 = PRODUCT_DEFINITION_FORMATION_WITH_SPECIFIED_SOURCE ( 'ANY', '', #365, .NOT_KNOWN. ) ;
#1489 = CARTESIAN_POINT ( 'NONE',  ( 0.000000000000000000, 0.000000000000000000, 2.259920353756999845 ) ) ;
#1490 = CARTESIAN_POINT ( 'NONE',  ( -2.247485914860475553, -2.242639531231195527, -2.027554439713762591 ) ) ;
#1491 = CARTESIAN_POINT ( 'NONE',  ( 1.694572249308000211, 2.229957918970999931, -1.295941888822000010 ) ) ;
#1492 = CIRCLE ( 'NONE', #5368, 3.500000000049840132 ) ;
#1493 = CARTESIAN_POINT ( 'NONE',  ( -3.035309448962999923, -0.3851520833747000272, -1.469417800274000152 ) ) ;
#1494 = CARTESIAN_POINT ( 'NONE',  ( -3.174999999999998490, 2.167323116120987127E-11, -4.233333333334046600 ) ) ;
#1495 = CARTESIAN_POINT ( 'NONE',  ( 0.000000000000000000, -2.952458530842999807, -3.819785637004000201 ) ) ;
#1496 = CARTESIAN_POINT ( 'NONE',  ( -1.083914082544999991, 2.582521575934999980, -4.055367654742005890 ) ) ;
#1497 = CARTESIAN_POINT ( 'NONE',  ( -2.179898069127806259, 2.308646786068563994, -3.620006442075486497 ) ) ;
#1498 = EDGE_CURVE ( 'NONE', #2260, #681, #912, .T. ) ;
#1499 = CARTESIAN_POINT ( 'NONE',  ( -2.063187188137999950, 1.910770905142000098, -3.888070627149000202 ) ) ;
#1500 = CARTESIAN_POINT ( 'NONE',  ( -2.556910488450999885, 1.476232958801000139, -1.618867554968000055 ) ) ;
#1501 = DIRECTION ( 'NONE',  ( 0.000000000000000000, 0.000000000000000000, 1.000000000000000000 ) ) ;
#1502 = CARTESIAN_POINT ( 'NONE',  ( 3.174999999999999822, 0.000000000000000000, 2.259920353756999845 ) ) ;
#1503 = CARTESIAN_POINT ( 'NONE',  ( -2.913216168293240038, 1.262523388852774930, -2.161970756716415476 ) ) ;
#1504 = CARTESIAN_POINT ( 'NONE',  ( 1.694572249308000211, -2.229957918970999931, -2.794400861849813733 ) ) ;
#1505 = CARTESIAN_POINT ( 'NONE',  ( -2.686369738734000201, -0.8313870651189000371, -3.837274650866000503 ) ) ;
#1506 = ORIENTED_EDGE ( 'NONE', *, *, #1511, .T. ) ;
#1507 = CARTESIAN_POINT ( 'NONE',  ( 1.184094262037999945, 2.821209751675000543, -4.295759461300000304 ) ) ;
#1508 = CARTESIAN_POINT ( 'NONE',  ( -0.7123467959893788892, 3.094393742497190569, -1.561122595192312001 ) ) ;
#1509 = ORIENTED_EDGE ( 'NONE', *, *, #2583, .T. ) ;
#1510 = CARTESIAN_POINT ( 'NONE',  ( 1.043414358159213462, -2.912995089247397473, -1.243278379311877124 ) ) ;
#1511 = EDGE_CURVE ( 'NONE', #3087, #4961, #1023, .T. ) ;
#1512 = CARTESIAN_POINT ( 'NONE',  ( 0.000000000000000000, 3.224307829582000018, -2.992508912546000044 ) ) ;
#1513 = CARTESIAN_POINT ( 'NONE',  ( -2.753529882711223120, -1.594298867595820957, -1.969515991485349726 ) ) ;
#1514 = CARTESIAN_POINT ( 'NONE',  ( 1.688261783756999979, 2.221653715575000021, -3.297021013365000197 ) ) ;
#1515 = EDGE_LOOP ( 'NONE', ( #2930, #2848, #2933, #4793 ) ) ;
#1516 = CARTESIAN_POINT ( 'NONE',  ( 1.236200906108000153, 2.945358459331000045, -3.667725941302000248 ) ) ;
#1517 = CARTESIAN_POINT ( 'NONE',  ( -0.8212718991638218169, 3.073930030212914666, -2.880005174220422237 ) ) ;
#1518 = PLANE ( 'NONE',  #2685 ) ;
#1519 = CARTESIAN_POINT ( 'NONE',  ( -1.260176822071101377, -2.914253658181955586, -1.986853222848995904 ) ) ;
#1520 = CARTESIAN_POINT ( 'NONE',  ( -2.727048775545999781, -0.6199368324617999804, -1.023645907861000071 ) ) ;
#1521 = CARTESIAN_POINT ( 'NONE',  ( -1.131987617969000048, -2.697061044018000064, -3.865459647966000389 ) ) ;
#1522 = CARTESIAN_POINT ( 'NONE',  ( 2.800417116365000236, 0.000000000000000000, -1.467208812389000139 ) ) ;
#1523 = CARTESIAN_POINT ( 'NONE',  ( 1.694572249308000211, -2.229957918970999931, -3.554752553695000650 ) ) ;
#1524 = CARTESIAN_POINT ( 'NONE',  ( 2.805522078389000029, 0.8682627462805000418, -2.585822602346000032 ) ) ;
#1525 = CARTESIAN_POINT ( 'NONE',  ( 3.075123876286591340, -0.8726973159288233806, -3.204543747718359370 ) ) ;
#1526 = CARTESIAN_POINT ( 'NONE',  ( -0.6231825505962000911, 2.742157970261000166, -1.958160692399005809 ) ) ;
#1527 = CARTESIAN_POINT ( 'NONE',  ( 3.073347926895074966, -0.8235610101947795636, -3.820648835880792848 ) ) ;
#1528 = CARTESIAN_POINT ( 'NONE',  ( 3.499999999868180556, 2.872335074938021204, -8.200000002072350469 ) ) ;
#1529 = CARTESIAN_POINT ( 'NONE',  ( -2.639152949371146306, 1.765077716859455803, -2.183156918125932044 ) ) ;
#1530 = CARTESIAN_POINT ( 'NONE',  ( -1.400208558182000296, 2.425232363965000193, -3.160300924961813696 ) ) ;
#1531 = CARTESIAN_POINT ( 'NONE',  ( -2.063187188137999950, 1.910770905142000098, -3.954867243458000114 ) ) ;
#1532 = ORIENTED_EDGE ( 'NONE', *, *, #85, .T. ) ;
#1533 = CARTESIAN_POINT ( 'NONE',  ( 1.184094262037999945, -2.821209751675000543, -4.557189217154999916 ) ) ;
#1534 = CARTESIAN_POINT ( 'NONE',  ( 1.092095999821165897, 2.983092113785910993, -1.627925442502646147 ) ) ;
#1535 = ORIENTED_EDGE ( 'NONE', *, *, #1707, .F. ) ;
#1536 = CARTESIAN_POINT ( 'NONE',  ( -1.932678427628000017, -2.543291716405000180, -3.417205271954000256 ) ) ;
#1537 = CARTESIAN_POINT ( 'NONE',  ( -1.934297828949833153, -2.526242352954856329, -1.924458254966493698 ) ) ;
#1538 = ORIENTED_EDGE ( 'NONE', *, *, #1917, .F. ) ;
#1539 = CARTESIAN_POINT ( 'NONE',  ( 0.000000000000000000, -3.224268404651000175, -4.680385263674000207 ) ) ;
#1540 = CARTESIAN_POINT ( 'NONE',  ( -3.012072676982463282, 1.025252828750709000, -2.770030336697623330 ) ) ;
#1541 = CARTESIAN_POINT ( 'NONE',  ( 3.500000000000000000, -7.400000000000000355, -7.599999999999999645 ) ) ;
#1542 = CARTESIAN_POINT ( 'NONE',  ( -2.319292499761609783, -1.569910875229889147, -4.529001611773036728 ) ) ;
#1543 = CARTESIAN_POINT ( 'NONE',  ( 2.053012677670396524, -2.422491388925505529, -1.861780544396949955 ) ) ;
#1544 = CARTESIAN_POINT ( 'NONE',  ( -2.493990027155999822, 1.301844352175999919, -4.695975592748999894 ) ) ;
#1545 = DIRECTION ( 'NONE',  ( 0.000000000000000000, -1.000000000000000000, 0.000000000000000000 ) ) ;
#1546 = CARTESIAN_POINT ( 'NONE',  ( -0.8240826280967104012, -3.073198555021566580, -4.087461372008088567 ) ) ;
#1547 = CARTESIAN_POINT ( 'NONE',  ( -2.805515059268000044, 0.8682605739783999521, -4.028756515550999673 ) ) ;
#1548 = CARTESIAN_POINT ( 'NONE',  ( 1.400208558182000296, 2.425232363965000193, -2.055171775352000019 ) ) ;
#1549 = CARTESIAN_POINT ( 'NONE',  ( -1.400208558182000296, -2.425232363965000193, -3.685467431623000056 ) ) ;
#1550 = CARTESIAN_POINT ( 'NONE',  ( 2.901724448471000084, 0.3682014092795999893, -3.310837862226000183 ) ) ;
#1551 = AXIS2_PLACEMENT_3D ( 'NONE', #2099, #1151, #3861 ) ;
#1552 = CARTESIAN_POINT ( 'NONE',  ( -0.6231825505960999489, -2.742157970261000166, -1.657811527897005588 ) ) ;
#1553 = CARTESIAN_POINT ( 'NONE',  ( 3.174999993815826649, -4.768567076669595815E-07, -2.469444523894828603 ) ) ;
#1554 = EDGE_CURVE ( 'NONE', #1712, #5639, #2548, .T. ) ;
#1555 = DIRECTION ( 'NONE',  ( 0.000000000000000000, -0.000000000000000000, -1.000000000000000000 ) ) ;
#1556 = CARTESIAN_POINT ( 'NONE',  ( -2.248558065452534560, 2.241570264818649960, -2.205731264143176329 ) ) ;
#1557 = CARTESIAN_POINT ( 'NONE',  ( -2.063187188137999950, 1.910770905142000098, -3.127718935303813730 ) ) ;
#1558 = VECTOR ( 'NONE', #3516, 1000.000000000000000 ) ;
#1559 = ADVANCED_FACE ( 'NONE', ( #765 ), #398, .T. ) ;
#1560 = CARTESIAN_POINT ( 'NONE',  ( 2.686369738734000201, -0.8313870651189000371, -3.549660852405000178 ) ) ;
#1561 = ORIENTED_EDGE ( 'NONE', *, *, #63, .T. ) ;
#1562 = CARTESIAN_POINT ( 'NONE',  ( -2.901717188661999902, 0.3682004880784000012, -1.892630144561000094 ) ) ;
#1563 = CARTESIAN_POINT ( 'NONE',  ( -2.934660273976152034, -1.211777297209346571, -3.484369707687429152 ) ) ;
#1564 = ORIENTED_EDGE ( 'NONE', *, *, #1630, .F. ) ;
#1565 = CARTESIAN_POINT ( 'NONE',  ( -2.506328478090999958E-14, -3.224307829582000018, -2.639731134768000143 ) ) ;
#1566 = CARTESIAN_POINT ( 'NONE',  ( 0.4000000000000000222, 2.939152317953647352E-17, -2.799999999999999822 ) ) ;
#1567 = EDGE_LOOP ( 'NONE', ( #5603, #3439, #3811, #1016, #3780 ) ) ;
#1568 = CARTESIAN_POINT ( 'NONE',  ( 0.000000000000000000, 3.088363467746999991, -2.133418783671999996 ) ) ;
#1569 = CARTESIAN_POINT ( 'NONE',  ( -0.2091808926910830868, 3.174943005336134050, -2.902676395965762435 ) ) ;
#1570 = CARTESIAN_POINT ( 'NONE',  ( 2.439206963470999856, 1.408276796968999989, -4.212633971816999612 ) ) ;
#1571 = CARTESIAN_POINT ( 'NONE',  ( -2.061914489866487177, -1.895363457363408610, -4.528985473235864312 ) ) ;
#1572 = CARTESIAN_POINT ( 'NONE',  ( -2.528023981976656565, -1.923660071683630735, -2.043123812281469664 ) ) ;
#1573 = CARTESIAN_POINT ( 'NONE',  ( -2.663006872177000162, -0.8486824249651000462, -1.013943386456000129 ) ) ;
#1574 = DIRECTION ( 'NONE',  ( -0.000000000000000000, 0.000000000000000000, 1.000000000000000000 ) ) ;
#1575 = CARTESIAN_POINT ( 'NONE',  ( 0.2047516462980195073, -3.175216744980309258, -4.049369706536191771 ) ) ;
#1576 = CARTESIAN_POINT ( 'NONE',  ( 2.556904091329999851, -1.476229265421000303, -3.702193044411000056 ) ) ;
#1577 = CARTESIAN_POINT ( 'NONE',  ( -2.663006872177000162, -0.8486824249651000462, -1.080740002765000041 ) ) ;
#1578 = VECTOR ( 'NONE', #3091, 1000.000000000000000 ) ;
#1579 = CARTESIAN_POINT ( 'NONE',  ( -0.6231825505962000911, 2.742157970261000166, -3.953234606465999779 ) ) ;
#1580 = CARTESIAN_POINT ( 'NONE',  ( -0.6508234437558000351, -2.863784763902999853, -2.821007787531999877 ) ) ;
#1581 = CARTESIAN_POINT ( 'NONE',  ( 2.686369738734000201, -0.8313870651189000371, -2.193345877584006676 ) ) ;
#1582 = CARTESIAN_POINT ( 'NONE',  ( 1.405104820531599685, -2.854693528612713749, -3.916713843030897202 ) ) ;
#1583 = CARTESIAN_POINT ( 'NONE',  ( -1.951567173717933867, 2.538324084686005566, -1.426964417038869781 ) ) ;
#1584 = CYLINDRICAL_SURFACE ( 'NONE', #2005, 3.174999999999999822 ) ;
#1585 = CARTESIAN_POINT ( 'NONE',  ( 1.694572249308000211, -2.229957918970999931, -2.088845306293813042 ) ) ;
#1586 = CARTESIAN_POINT ( 'NONE',  ( 2.063187188137999950, -1.910770905142000098, -4.307645021235999572 ) ) ;
#1587 = ORIENTED_EDGE ( 'NONE', *, *, #1036, .F. ) ;
#1588 = CARTESIAN_POINT ( 'NONE',  ( -1.769729570691999987, 2.328860555939999966, -1.278422610929000003 ) ) ;
#1589 = CARTESIAN_POINT ( 'NONE',  ( 0.000000000000000000, -6.099999999999999645, -7.599999999999999645 ) ) ;
#1590 = ORIENTED_EDGE ( 'NONE', *, *, #665, .F. ) ;
#1591 = CARTESIAN_POINT ( 'NONE',  ( 0.6231825505962000911, -2.742157970261000166, -4.239215767934999768 ) ) ;
#1592 = CARTESIAN_POINT ( 'NONE',  ( 1.236216021826999967, 2.945394473874999974, -3.743738479062999946 ) ) ;
#1593 = DIRECTION ( 'NONE',  ( 0.000000000000000000, 0.000000000000000000, -1.000000000000000000 ) ) ;
#1594 = ORIENTED_EDGE ( 'NONE', *, *, #3996, .T. ) ;
#1595 = CARTESIAN_POINT ( 'NONE',  ( 2.674601219188000201, 1.544181733873000173, -2.251011376265000141 ) ) ;
#1596 = CARTESIAN_POINT ( 'NONE',  ( 2.500000000000000000, -1.224646799147353207E-16, 0.000000000000000000 ) ) ;
#1597 = CARTESIAN_POINT ( 'NONE',  ( -0.4149112471283108450, 3.154581116908639071, -2.189614564757203397 ) ) ;
#1598 = CARTESIAN_POINT ( 'NONE',  ( -1.384407087892660204, -2.858104838972467920, -1.991243573341214601 ) ) ;
#1599 = CARTESIAN_POINT ( 'NONE',  ( -1.400208558182000296, -2.425232363965000193, -1.635597381264999983 ) ) ;
#1600 = APPLICATION_PROTOCOL_DEFINITION ( 'draft international standard', 'automotive_design', 1998, #1389 ) ;
#1601 = CARTESIAN_POINT ( 'NONE',  ( 3.175000000000018030, -0.2097567137012734395, -3.887423576738398001 ) ) ;
#1602 = FACE_OUTER_BOUND ( 'NONE', #757, .T. ) ;
#1603 = CARTESIAN_POINT ( 'NONE',  ( 0.000000000000000000, -2.816553593939000066, -1.625596934779999891 ) ) ;
#1604 = FACE_OUTER_BOUND ( 'NONE', #2396, .T. ) ;
#1605 = CARTESIAN_POINT ( 'NONE',  ( 0.6231825505962000911, 2.742157970261000166, -4.005663219741999903 ) ) ;
#1606 = ADVANCED_FACE ( 'NONE', ( #3443 ), #2975, .F. ) ;
#1607 = CARTESIAN_POINT ( 'NONE',  ( -1.769733998381000095, 2.328866382518000044, -3.075652677039999894 ) ) ;
#1608 = CARTESIAN_POINT ( 'NONE',  ( 0.000000000000000000, 2.827072777928000047, -1.278819443481005624 ) ) ;
#1609 = CARTESIAN_POINT ( 'NONE',  ( 2.096885502390827938, -2.393000278716365337, -3.889070064097698065 ) ) ;
#1610 = CARTESIAN_POINT ( 'NONE',  ( 2.500000000000000000, -1.224646799147353207E-16, -1.800000000000000266 ) ) ;
#1611 = CARTESIAN_POINT ( 'NONE',  ( 0.000000000000000000, 0.000000000000000000, -4.599999999999999645 ) ) ;
#1612 = CARTESIAN_POINT ( 'NONE',  ( -1.694572249308000211, -2.229957918970999931, -2.232682469555813398 ) ) ;
#1613 = CARTESIAN_POINT ( 'NONE',  ( -2.686369738734000201, 0.8313870651189000371, -3.902438630183000079 ) ) ;
#1614 = CARTESIAN_POINT ( 'NONE',  ( 2.055504026985000010, -1.903655331299000109, -2.780946368002000124 ) ) ;
#1615 = ORIENTED_EDGE ( 'NONE', *, *, #1511, .F. ) ;
#1616 = CARTESIAN_POINT ( 'NONE',  ( 0.6508218154640000863, -2.863777599015000064, -2.382460219254999956 ) ) ;
#1617 = CARTESIAN_POINT ( 'NONE',  ( -3.102161554555111778, -0.6841115593556439389, -3.504331382754066748 ) ) ;
#1618 = ORIENTED_EDGE ( 'NONE', *, *, #2650, .T. ) ;
#1619 = CARTESIAN_POINT ( 'NONE',  ( -1.400208558182000296, 2.425232363965000193, -3.853856000498999901 ) ) ;
#1620 = CARTESIAN_POINT ( 'NONE',  ( 0.3279759637102762082, -0.2319843495646808640, -2.799999999999999378 ) ) ;
#1621 = PLANE ( 'NONE',  #4613 ) ;
#1622 = ORIENTED_EDGE ( 'NONE', *, *, #4454, .T. ) ;
#1623 = CARTESIAN_POINT ( 'NONE',  ( -3.035286445374000053, -0.3851491644366000222, -1.943907609448999985 ) ) ;
#1624 = DIRECTION ( 'NONE',  ( -1.000000000000000000, 0.000000000000000000, -0.000000000000000000 ) ) ;
#1625 = CARTESIAN_POINT ( 'NONE',  ( 0.000000000000000000, -7.400000000000000355, -9.650000000000000355 ) ) ;
#1626 = CARTESIAN_POINT ( 'NONE',  ( 2.101097074102999890E-14, 3.088386873591999926, -3.775595641164000593 ) ) ;
#1627 = CARTESIAN_POINT ( 'NONE',  ( 3.174999998006369673, -1.537306312328500720E-07, -1.763888914502143468 ) ) ;
#1628 = CARTESIAN_POINT ( 'NONE',  ( 1.694572249308000211, 2.229957918970999931, -2.001497444377999813 ) ) ;
#1629 = EDGE_CURVE ( 'NONE', #817, #4994, #329, .T. ) ;
#1630 = EDGE_CURVE ( 'NONE', #5493, #1878, #1713, .T. ) ;
#1631 = CARTESIAN_POINT ( 'NONE',  ( 3.154139261470347844, -0.4190420377538767727, -3.894340411322289697 ) ) ;
#1632 = CARTESIAN_POINT ( 'NONE',  ( 0.000000000000000000, 3.224268404651000175, -2.210940819229000098 ) ) ;
#1633 = CARTESIAN_POINT ( 'NONE',  ( 2.500000000000000000, -1.224646799147353207E-16, -1.800000000000000266 ) ) ;
#1634 = CARTESIAN_POINT ( 'NONE',  ( -1.394998557377999937, -2.416208377863999779, -2.389948786631999944 ) ) ;
#1635 = CARTESIAN_POINT ( 'NONE',  ( -1.083914082544999991, 2.582521575934999980, -1.245145912539000088 ) ) ;
#1636 = CARTESIAN_POINT ( 'NONE',  ( 3.004470960720744266, 1.029232622759534310, -3.138719171688207688 ) ) ;
#1637 = CARTESIAN_POINT ( 'NONE',  ( 2.063187188137999950, -1.910770905142000098, -1.351829566396000049 ) ) ;
#1638 = CARTESIAN_POINT ( 'NONE',  ( 1.131990450089999989, -2.697067791798000158, -2.749119469931999848 ) ) ;
#1639 = CARTESIAN_POINT ( 'NONE',  ( -2.686369738734000201, -0.8313870651189000371, -1.775404120489005866 ) ) ;
#1640 = CARTESIAN_POINT ( 'NONE',  ( -1.410022966968556668, -2.852411053183546930, -4.020914372456723562 ) ) ;
#1641 = CARTESIAN_POINT ( 'NONE',  ( 3.012233336214514168, 1.024786430341962040, -1.639884678655348260 ) ) ;
#1642 = DIRECTION ( 'NONE',  ( 0.000000000000000000, 0.000000000000000000, 1.000000000000000000 ) ) ;
#1643 = CARTESIAN_POINT ( 'NONE',  ( -2.448316844033000095, -1.413536388964000023, -1.572800924961813562 ) ) ;
#1644 = CARTESIAN_POINT ( 'NONE',  ( 0.6231825505962000911, 2.742157970261000166, -1.888996553074999918 ) ) ;
#1645 = VECTOR ( 'NONE', #1096, 1000.000000000000000 ) ;
#1646 = CARTESIAN_POINT ( 'NONE',  ( 2.676365890446999796, 0.8282910393011000405, -2.663353775408999979 ) ) ;
#1647 = ORIENTED_EDGE ( 'NONE', *, *, #5375, .F. ) ;
#1648 = CARTESIAN_POINT ( 'NONE',  ( 2.154693243804000069, 1.995517025035999703, -1.441719478514000174 ) ) ;
#1649 = CARTESIAN_POINT ( 'NONE',  ( 2.049999999999999822, -6.099999999999999645, -8.199999999999999289 ) ) ;
#1650 = ORIENTED_EDGE ( 'NONE', *, *, #4799, .T. ) ;
#1651 = CARTESIAN_POINT ( 'NONE',  ( 1.083914082544999991, -2.582521575934999980, -3.514200508056000150 ) ) ;
#1652 = CARTESIAN_POINT ( 'NONE',  ( 0.000000000000000000, -3.224307829582000018, -4.050842245879000103 ) ) ;
#1653 = CARTESIAN_POINT ( 'NONE',  ( 0.3882980501770718629, -0.09936365152810201773, -1.800000000000000266 ) ) ;
#1654 = VECTOR ( 'NONE', #2327, 1000.000000000000000 ) ;
#1655 = ORIENTED_EDGE ( 'NONE', *, *, #3452, .F. ) ;
#1656 = CARTESIAN_POINT ( 'NONE',  ( -1.529622085458000047, 2.649383168392999810, -1.369066931819999944 ) ) ;
#1657 = CARTESIAN_POINT ( 'NONE',  ( -0.3976596100354142793, 0.05028435691985233547, -1.800000000000000266 ) ) ;
#1658 = DIRECTION ( 'NONE',  ( 0.000000000000000000, 0.000000000000000000, 1.000000000000000000 ) ) ;
#1659 = CARTESIAN_POINT ( 'NONE',  ( 3.500000000000000000, 2.872335082899748038, -15.19999996677078791 ) ) ;
#1660 = CARTESIAN_POINT ( 'NONE',  ( 1.932678427628000017, -2.543291716405000180, -1.156701442026000004 ) ) ;
#1661 = CARTESIAN_POINT ( 'NONE',  ( 2.530868933819372835, -1.917631680774421143, -1.837233389998715438 ) ) ;
#1662 = AXIS2_PLACEMENT_3D ( 'NONE', #4974, #3677, #573 ) ;
#1663 = CARTESIAN_POINT ( 'NONE',  ( -0.02525806711761287640, 0.4000335061830090910, -2.799999999999999378 ) ) ;
#1664 = CARTESIAN_POINT ( 'NONE',  ( 0.7107379137545000169, -3.127423309756999892, -1.831948734814000224 ) ) ;
#1665 = CARTESIAN_POINT ( 'NONE',  ( 2.434339487855770479, -2.039730237099780741, -3.254043319677197399 ) ) ;
#1666 = CARTESIAN_POINT ( 'NONE',  ( 1.394998557377999937, -2.416208377863999779, -1.566800638484000086 ) ) ;
#1667 = CARTESIAN_POINT ( 'NONE',  ( -2.317157034016746664, 0.9386997080410655059, -1.800000000000000266 ) ) ;
#1668 = CARTESIAN_POINT ( 'NONE',  ( 2.448316844033000095, 1.413536388964000023, -2.113968071647999825 ) ) ;
#1669 = CARTESIAN_POINT ( 'NONE',  ( 1.694572249308000211, 2.229957918970999931, -1.162348656203999964 ) ) ;
#1670 = CARTESIAN_POINT ( 'NONE',  ( 1.769733998381000095, -2.328866382518000044, -4.133986010373999598 ) ) ;
#1671 = CARTESIAN_POINT ( 'NONE',  ( -2.778486331853999847, 0.3525636569632999984, -2.526663951038006672 ) ) ;
#1672 = FACE_OUTER_BOUND ( 'NONE', #5019, .T. ) ;
#1673 = EDGE_CURVE ( 'NONE', #4608, #4266, #2083, .T. ) ;
#1674 = CARTESIAN_POINT ( 'NONE',  ( 3.174999999999999822, 1.141224539193030258E-07, -1.675694438781054174 ) ) ;
#1675 = FACE_OUTER_BOUND ( 'NONE', #2742, .T. ) ;
#1676 = CARTESIAN_POINT ( 'NONE',  ( 0.000000000000000000, -2.827072777928000047, -1.455208332369813284 ) ) ;
#1677 = CARTESIAN_POINT ( 'NONE',  ( -2.800417116365000236, 0.000000000000000000, -1.686393357548999994 ) ) ;
#1678 = CARTESIAN_POINT ( 'NONE',  ( -2.768139447978999801, -0.3512507351845000070, -3.035591257510999785 ) ) ;
#1679 = EDGE_LOOP ( 'NONE', ( #2660, #1288, #1314, #1828, #4732, #5292, #1282, #1046, #4616, #3635, #5644, #3285, #2454, #3521 ) ) ;
#1680 = CARTESIAN_POINT ( 'NONE',  ( -1.462310321417999992, 2.532795773129000061, -1.291544896263000064 ) ) ;
#1681 = FACE_BOUND ( 'NONE', #3777, .T. ) ;
#1682 = VERTEX_POINT ( 'NONE', #3007 ) ;
#1683 = CARTESIAN_POINT ( 'NONE',  ( -1.694572249308000211, -2.229957918970999931, -3.631793100648000205 ) ) ;
#1684 = CARTESIAN_POINT ( 'NONE',  ( -2.055504026985000010, 1.903655331299000109, -1.722613034669000065 ) ) ;
#1685 = DIRECTION ( 'NONE',  ( 0.000000000000000000, 0.000000000000000000, 1.000000000000000000 ) ) ;
#1686 = CARTESIAN_POINT ( 'NONE',  ( 0.3819822651081111187, -0.1217131053530290108, -1.799999999999999822 ) ) ;
#1687 = ADVANCED_FACE ( 'NONE', ( #797 ), #2118, .F. ) ;
#1688 = EDGE_LOOP ( 'NONE', ( #5101, #5701, #3866, #1129 ) ) ;
#1689 = CARTESIAN_POINT ( 'NONE',  ( -0.6807798646093000672, 2.995600454385999978, -1.401648921478999998 ) ) ;
#1690 = CARTESIAN_POINT ( 'NONE',  ( 0.1982874407681894935, 0.3517814310586966364, -1.800000000000000711 ) ) ;
#1691 = DIRECTION ( 'NONE',  ( 1.000000000000000000, 0.000000000000000000, 0.000000000000000000 ) ) ;
#1692 = CARTESIAN_POINT ( 'NONE',  ( -0.5724190277871999966, 3.146310055730999977, -0.8547298440360000527 ) ) ;
#1693 = CARTESIAN_POINT ( 'NONE',  ( 3.174999999999999822, 1.141224539193030258E-07, -1.675694438781054174 ) ) ;
#1694 = DIRECTION ( 'NONE',  ( -0.000000000000000000, 0.000000000000000000, 1.000000000000000000 ) ) ;
#1695 = CARTESIAN_POINT ( 'NONE',  ( -1.596933849498999969, 2.765970563658000092, -1.446588967377000046 ) ) ;
#1696 = CARTESIAN_POINT ( 'NONE',  ( 2.627502179542467786, -1.782393232795055349, -3.242254985510000687 ) ) ;
#1697 = CARTESIAN_POINT ( 'NONE',  ( 2.055510326824999900, -1.903661165743000039, -2.239774204380999834 ) ) ;
#1698 = CARTESIAN_POINT ( 'NONE',  ( 0.3175572163237600498, 2.499932630022029478, -1.800000000000000711 ) ) ;
#1699 = CARTESIAN_POINT ( 'NONE',  ( 2.800417116365000236, 0.000000000000000000, -2.172764367945000163 ) ) ;
#1700 = UNCERTAINTY_MEASURE_WITH_UNIT (LENGTH_MEASURE( 1.000000000000000082E-05 ), #4171, 'distance_accuracy_value', 'NONE');
#1701 = CARTESIAN_POINT ( 'NONE',  ( -1.400208558182000296, -2.425232363965000193, -1.502004148646999937 ) ) ;
#1702 = CARTESIAN_POINT ( 'NONE',  ( -0.9004416977425000468, 2.916972198303000141, -0.9186646673000999908 ) ) ;
#1703 = CARTESIAN_POINT ( 'NONE',  ( -2.778486331853999847, -0.3525636569632999984, -2.500419380368995359 ) ) ;
#1704 = CARTESIAN_POINT ( 'NONE',  ( 2.094168211841497040, -2.060002024359034678, -4.447331493780887435 ) ) ;
#1705 = PLANE ( 'NONE',  #5611 ) ;
#1706 = CARTESIAN_POINT ( 'NONE',  ( 2.063187188137999950, 1.910770905142000098, -1.899364396101813401 ) ) ;
#1707 = EDGE_CURVE ( 'NONE', #5462, #4994, #1723, .T. ) ;
#1708 = CARTESIAN_POINT ( 'NONE',  ( -2.448316844033000095, 1.413536388964000023, -1.039634098288999997 ) ) ;
#1709 = CARTESIAN_POINT ( 'NONE',  ( -2.055504026985000010, 1.903655331299000109, -3.839279701335000183 ) ) ;
#1710 = EDGE_LOOP ( 'NONE', ( #4064, #703, #5600, #2013 ) ) ;
#1711 = CARTESIAN_POINT ( 'NONE',  ( 2.556904091329999851, 1.476229265421000303, -2.879044896263000197 ) ) ;
#1712 = VERTEX_POINT ( 'NONE', #2151 ) ;
#1713 = B_SPLINE_CURVE_WITH_KNOTS ( 'NONE', 3,
 ( #1659, #3409, #5140, #5177 ),
 .UNSPECIFIED., .F., .F.,
 ( 4, 4 ),
 ( 0.000000000000000000, 0.003539552265984692234 ),
 .UNSPECIFIED. ) ;
#1714 = CARTESIAN_POINT ( 'NONE',  ( -2.686369738734000201, 0.8313870651188000060, -4.474400953119999969 ) ) ;
#1715 = CARTESIAN_POINT ( 'NONE',  ( 2.676365890446999796, -0.8282910393011000405, -2.022962199170999842 ) ) ;
#1716 = CARTESIAN_POINT ( 'NONE',  ( -1.932678427628000017, -2.543291716405000180, -4.122760827509999615 ) ) ;
#1717 = CARTESIAN_POINT ( 'NONE',  ( -0.4000000000000000222, -1.959434878635765107E-17, -1.800000000000000044 ) ) ;
#1718 = CARTESIAN_POINT ( 'NONE',  ( -1.851192183335000241, 2.436060587237999897, -3.472611313152000001 ) ) ;
#1719 = LINE ( 'NONE', #3149, #5060 ) ;
#1720 = PLANE ( 'NONE',  #2229 ) ;
#1721 = CARTESIAN_POINT ( 'NONE',  ( 0.6807850240499999650, -2.995623157207000453, -4.102159112304000210 ) ) ;
#1722 = CARTESIAN_POINT ( 'NONE',  ( 0.000000000000000000, 0.000000000000000000, -1.291561885941000298 ) ) ;
#1723 = LINE ( 'NONE', #2637, #729 ) ;
#1724 = CARTESIAN_POINT ( 'NONE',  ( -2.353059077759999784, 2.179228743622999787, -1.414006977719000080 ) ) ;
#1725 = CARTESIAN_POINT ( 'NONE',  ( 2.240047266526512537, -2.250070194176225780, -3.264461834872260049 ) ) ;
#1726 = CARTESIAN_POINT ( 'NONE',  ( -2.055510326824999900, 1.903661165743000039, -1.886996426603000154 ) ) ;
#1727 = CARTESIAN_POINT ( 'NONE',  ( 1.448521019312878355, 2.050751496825407472, -1.800000000000000266 ) ) ;
#1728 = CARTESIAN_POINT ( 'NONE',  ( 1.694572249308000211, -2.229957918970999931, -2.277234675202000069 ) ) ;
#1729 = CARTESIAN_POINT ( 'NONE',  ( 2.448316844033000095, 1.413536388964000023, -1.208022667165000064 ) ) ;
#1730 = CARTESIAN_POINT ( 'NONE',  ( -2.556910488450999885, -1.476232958801000139, -4.323497184596999610 ) ) ;
#1731 = CARTESIAN_POINT ( 'NONE',  ( -2.800417116365000236, 1.273980920757000310E-14, -3.219097221259005881 ) ) ;
#1732 = DIRECTION ( 'NONE',  ( 0.000000000000000000, 1.000000000000000000, 0.000000000000000000 ) ) ;
#1733 = CARTESIAN_POINT ( 'NONE',  ( 2.769139399328620854, 1.560821669050492799, -3.822986912650860880 ) ) ;
#1734 = CARTESIAN_POINT ( 'NONE',  ( 2.778486331853999847, 0.3525636569632999984, -1.320493294435999942 ) ) ;
#1735 = CARTESIAN_POINT ( 'NONE',  ( 2.055504026985000010, 1.903655331299000109, -3.316480717689000546 ) ) ;
#1736 = CARTESIAN_POINT ( 'NONE',  ( 2.049999999999999378, -6.099999999999999645, -15.19999999999999929 ) ) ;
#1737 = EDGE_LOOP ( 'NONE', ( #961, #4104, #2906, #2539, #1337, #1535, #5022, #2899 ) ) ;
#1738 = CARTESIAN_POINT ( 'NONE',  ( -1.216840344301905796, -2.932563030687373118, -2.690898711516945152 ) ) ;
#1739 = CARTESIAN_POINT ( 'NONE',  ( 1.061139538531773452, -2.697438006220040929, -4.469819877114642459 ) ) ;
#1740 = CARTESIAN_POINT ( 'NONE',  ( -1.596953376101000188, -2.766004384726000076, -4.109638542175000353 ) ) ;
#1741 = CARTESIAN_POINT ( 'NONE',  ( 7.837739514543061660E-17, -6.099999999999999645, -12.33999999999999986 ) ) ;
#1742 = ORIENTED_EDGE ( 'NONE', *, *, #2582, .F. ) ;
#1743 = CARTESIAN_POINT ( 'NONE',  ( -3.035286445374000053, -0.3851491644366000222, -3.355018720559999945 ) ) ;
#1744 = CARTESIAN_POINT ( 'NONE',  ( 0.000000000000000000, 0.000000000000000000, -4.401996453907486284 ) ) ;
#1745 = CARTESIAN_POINT ( 'NONE',  ( 2.200367281571418587, -1.192851806847404328, -1.800000000000000711 ) ) ;
#1746 = AXIS2_PLACEMENT_3D ( 'NONE', #3254, #2443, #312 ) ;
#1747 = CARTESIAN_POINT ( 'NONE',  ( -0.6807850240499999650, -2.995623157207000453, -4.154587725579999891 ) ) ;
#1748 = CARTESIAN_POINT ( 'NONE',  ( 2.928635719632003642, -1.226316514134374147, -1.807724359116161361 ) ) ;
#1749 =( GEOMETRIC_REPRESENTATION_CONTEXT ( 3 ) GLOBAL_UNCERTAINTY_ASSIGNED_CONTEXT ( ( #2952 ) ) GLOBAL_UNIT_ASSIGNED_CONTEXT ( ( #5303, #3100, #5363 ) ) REPRESENTATION_CONTEXT ( 'NONE', 'WORKASPACE' ) );
#1750 = CARTESIAN_POINT ( 'NONE',  ( 1.083914082544999991, 2.582521575934999980, -2.680808429264000647 ) ) ;
#1751 = CARTESIAN_POINT ( 'NONE',  ( -2.525116824580411645, -1.935991311890946642, -4.159115447977121960 ) ) ;
#1752 = CARTESIAN_POINT ( 'NONE',  ( -3.063796991514999846, 0.9481945661345000387, -2.772689475553999916 ) ) ;
#1753 = CARTESIAN_POINT ( 'NONE',  ( -3.161746185004775889, -0.2989246391282333049, -1.401225055376832618 ) ) ;
#1754 = CARTESIAN_POINT ( 'NONE',  ( -2.439206963470999856, 1.408276796968999989, -2.566337675520999895 ) ) ;
#1755 = CARTESIAN_POINT ( 'NONE',  ( 2.332399654168974212, 0.9001966847907308944, -1.800000000000000266 ) ) ;
#1756 = VECTOR ( 'NONE', #2901, 1000.000000000000000 ) ;
#1757 = CARTESIAN_POINT ( 'NONE',  ( -1.400208558182000296, -2.425232363965000193, -2.407949553129999920 ) ) ;
#1758 = CARTESIAN_POINT ( 'NONE',  ( 1.083914082544999991, 2.582521575934999980, -1.136104085534000108 ) ) ;
#1759 = CARTESIAN_POINT ( 'NONE',  ( -1.769733998381000095, -2.328866382518000044, -4.277823173636000398 ) ) ;
#1760 = CARTESIAN_POINT ( 'NONE',  ( 2.448316844033000095, 1.413536388964000023, -2.807523147185006618 ) ) ;
#1761 = CARTESIAN_POINT ( 'NONE',  ( -2.500000000000000000, 3.061616997868383141E-16, -2.000000000000000000 ) ) ;
#1762 = CARTESIAN_POINT ( 'NONE',  ( 1.257270502876988383, 2.915508634154448497, -3.750633651111496381 ) ) ;
#1763 = CARTESIAN_POINT ( 'NONE',  ( 1.694572249308000211, 2.229957918970999931, -1.229145272513000098 ) ) ;
#1764 = CARTESIAN_POINT ( 'NONE',  ( 2.055504026985000010, -1.903655331299000109, -4.192057479113000085 ) ) ;
#1765 = CARTESIAN_POINT ( 'NONE',  ( 0.3495021827118646174, 2.669999999999999929, -0.000000000000000000 ) ) ;
#1766 = ORIENTED_EDGE ( 'NONE', *, *, #4491, .F. ) ;
#1767 = CARTESIAN_POINT ( 'NONE',  ( -3.174986941747771407, 1.605435300781073703E-06, -2.116696892027017718 ) ) ;
#1768 = CARTESIAN_POINT ( 'NONE',  ( -2.676365890446999796, 0.8282910393011000405, -1.670184421392999941 ) ) ;
#1769 = CARTESIAN_POINT ( 'NONE',  ( -0.4157124041244026902, 3.174980197738972443, -2.277671893935738101 ) ) ;
#1770 = CARTESIAN_POINT ( 'NONE',  ( 1.694572249308000211, -2.229957918970999931, -4.205511972960812805 ) ) ;
#1771 = AXIS2_PLACEMENT_3D ( 'NONE', #3814, #2909, #5579 ) ;
#1772 = ORIENTED_EDGE ( 'NONE', *, *, #2101, .F. ) ;
#1773 = CARTESIAN_POINT ( 'NONE',  ( 0.6807798646093000672, 2.995600454385999978, -2.865188645866000083 ) ) ;
#1774 = CARTESIAN_POINT ( 'NONE',  ( 2.794089138617312784, 1.508174148901781697, -1.708457332637112192 ) ) ;
#1775 = EDGE_LOOP ( 'NONE', ( #4847, #5284, #5549, #4217 ) ) ;
#1776 = CARTESIAN_POINT ( 'NONE',  ( 2.308336204962079918, -0.9602408923906352589, -1.800000000000000266 ) ) ;
#1777 = CARTESIAN_POINT ( 'NONE',  ( -1.932678427628000017, -2.543291716405000180, -1.300538605287999916 ) ) ;
#1778 = CARTESIAN_POINT ( 'NONE',  ( -2.097475935265149083, -2.392563872094472632, -3.342850730035127782 ) ) ;
#1779 = CARTESIAN_POINT ( 'NONE',  ( 1.694572249308000211, 2.229957918970999931, -2.707052999932999970 ) ) ;
#1780 = CARTESIAN_POINT ( 'NONE',  ( -1.184103235959000022, -2.821231132837000111, -3.468491874347999993 ) ) ;
#1781 = CARTESIAN_POINT ( 'NONE',  ( 3.168855702086000203, -0.4020978407948000433, -2.400451993453000199 ) ) ;
#1782 = DIRECTION ( 'NONE',  ( 0.000000000000000000, -1.000000000000000000, 0.000000000000000000 ) ) ;
#1783 = CARTESIAN_POINT ( 'NONE',  ( -0.6208637663186999944, 2.731954743643000061, -3.363271517031000357 ) ) ;
#1784 = DIRECTION ( 'NONE',  ( 0.000000000000000000, 0.000000000000000000, 1.000000000000000000 ) ) ;
#1785 = CARTESIAN_POINT ( 'NONE',  ( -1.023460123286374479, -3.012796534740626253, -4.006721162264408775 ) ) ;
#1786 = CARTESIAN_POINT ( 'NONE',  ( -2.686369738734000201, -0.8313870651189000371, -2.492960156064000010 ) ) ;
#1787 = CARTESIAN_POINT ( 'NONE',  ( 1.083914082544999991, 2.582521575934999980, -2.547215196645999935 ) ) ;
#1788 = CARTESIAN_POINT ( 'NONE',  ( -2.805522078389000029, -0.8682627462805000418, -3.644155935680000180 ) ) ;
#1789 = CARTESIAN_POINT ( 'NONE',  ( 2.686369738734000201, 0.8313870651189000371, -2.833737453822995800 ) ) ;
#1790 = CARTESIAN_POINT ( 'NONE',  ( 3.174999993815826649, -4.768567076669595815E-07, -2.469444523894828603 ) ) ;
#1791 = CARTESIAN_POINT ( 'NONE',  ( 0.7141106521230239368, 3.095395992412784736, -3.730614874935749281 ) ) ;
#1792 = CARTESIAN_POINT ( 'NONE',  ( 0.6231825505962000911, 2.742157970261000166, -2.594552108630999943 ) ) ;
#1793 = CARTESIAN_POINT ( 'NONE',  ( -2.055504026985000010, -1.903655331299000109, -3.669258495467000003 ) ) ;
#1794 = CARTESIAN_POINT ( 'NONE',  ( -3.158066075786655436, -0.3878249428747103655, -2.809262010959991507 ) ) ;
#1795 = CARTESIAN_POINT ( 'NONE',  ( 0.6208618634615999943, 2.731946370599999785, -1.840205627260999899 ) ) ;
#1796 = CARTESIAN_POINT ( 'NONE',  ( 1.677540042579781732, 2.697640150873680032, -2.355025414432311504 ) ) ;
#1797 = CARTESIAN_POINT ( 'NONE',  ( -1.400208558182000296, 2.425232363965000193, -3.865856480517813498 ) ) ;
#1798 = ORIENTED_EDGE ( 'NONE', *, *, #4681, .F. ) ;
#1799 = CARTESIAN_POINT ( 'NONE',  ( 3.059244170917000183, 0.000000000000000000, -3.015363228117000194 ) ) ;
#1800 = CARTESIAN_POINT ( 'NONE',  ( 3.088928927437728067, 0.7356751134198652453, -1.738704239115762329 ) ) ;
#1801 = DIRECTION ( 'NONE',  ( 0.8660254037622150403, 1.060575238697690844E-16, -0.5000000000384924315 ) ) ;
#1802 = CARTESIAN_POINT ( 'NONE',  ( -1.596953376101000188, 2.766004384726000076, -1.522601505137999967 ) ) ;
#1803 = CARTESIAN_POINT ( 'NONE',  ( 3.154435769276970447, -0.4161969872253377667, -3.100539176070903569 ) ) ;
#1804 = CARTESIAN_POINT ( 'NONE',  ( 2.063187188137999950, -1.910770905142000098, -2.896533910125000499 ) ) ;
#1805 = CARTESIAN_POINT ( 'NONE',  ( 2.253893242280999853, 2.087388703947000046, -3.161418371563000651 ) ) ;
#1806 = CARTESIAN_POINT ( 'NONE',  ( 2.792298347047000640, -1.612134202325000265, -2.446126004413999855 ) ) ;
#1807 = DIRECTION ( 'NONE',  ( 1.000000000000000000, -0.000000000000000000, 0.000000000000000000 ) ) ;
#1808 = CARTESIAN_POINT ( 'NONE',  ( 1.394998557377999937, 2.416208377863999779, -3.448282119966000092 ) ) ;
#1809 = CARTESIAN_POINT ( 'NONE',  ( -2.500000000000000000, 1.836970198721029688E-16, 0.000000000000000000 ) ) ;
#1810 = EDGE_CURVE ( 'NONE', #5462, #5104, #5652, .T. ) ;
#1811 = CARTESIAN_POINT ( 'NONE',  ( -2.538459023616665533, 1.174796981777053606, -1.071025190073537914 ) ) ;
#1812 = CARTESIAN_POINT ( 'NONE',  ( 2.448316844033000095, 1.413536388964000023, -4.230634738314999588 ) ) ;
#1813 = EDGE_CURVE ( 'NONE', #5104, #2996, #2209, .T. ) ;
#1814 = CARTESIAN_POINT ( 'NONE',  ( 0.000000000000000000, -2.827072777928000047, -2.854318963462000092 ) ) ;
#1815 = CARTESIAN_POINT ( 'NONE',  ( 1.184103235959000022, -2.821231132837000111, -1.966032741314000187 ) ) ;
#1816 = CARTESIAN_POINT ( 'NONE',  ( -1.423861029081999921E-14, -2.952458530842999807, -3.114230081448000398 ) ) ;
#1817 = CARTESIAN_POINT ( 'NONE',  ( 2.778486331853999847, 0.3525636569632999984, -4.264308269257836237 ) ) ;
#1818 = CARTESIAN_POINT ( 'NONE',  ( 0.02111878180424982959, 3.174934188918956846, -3.704948066765707537 ) ) ;
#1819 = CARTESIAN_POINT ( 'NONE',  ( 1.083914082544999991, 2.582521575934999980, -2.614011812954999847 ) ) ;
#1820 = CARTESIAN_POINT ( 'NONE',  ( 2.439199487657000454, -1.408272480806000093, -4.165843172475000245 ) ) ;
#1821 = CARTESIAN_POINT ( 'NONE',  ( -3.099964106580539891, -0.6940019230880380974, -2.798391310124962672 ) ) ;
#1822 = CARTESIAN_POINT ( 'NONE',  ( 0.2048077064587547902, 3.168621335301192499, -3.006182868763111582 ) ) ;
#1823 = CARTESIAN_POINT ( 'NONE',  ( 0.003095304259351837860, 3.175000151073588128, -2.293170098918563937 ) ) ;
#1824 = CARTESIAN_POINT ( 'NONE',  ( -2.778486331853999847, 0.3525636569632999984, -4.466941728814982859 ) ) ;
#1825 = ORIENTED_EDGE ( 'NONE', *, *, #618, .T. ) ;
#1826 = CARTESIAN_POINT ( 'NONE',  ( 3.035286445374000053, 0.3851491644366000222, -3.002240942782000044 ) ) ;
#1827 = CARTESIAN_POINT ( 'NONE',  ( 3.174999998006369673, -1.537306312328500720E-07, -1.763888914502143468 ) ) ;
#1828 = ORIENTED_EDGE ( 'NONE', *, *, #4033, .F. ) ;
#1829 = CARTESIAN_POINT ( 'NONE',  ( -2.800091282758164990, -0.8296183783223042285, -1.144572627967148870 ) ) ;
#1830 = CARTESIAN_POINT ( 'NONE',  ( 0.000000000000000000, 3.224307829582000018, -1.581397801434000217 ) ) ;
#1831 = CARTESIAN_POINT ( 'NONE',  ( -3.174999999999999822, 3.888253587292846081E-16, 2.259920353756999845 ) ) ;
#1832 = CARTESIAN_POINT ( 'NONE',  ( 1.694572249308000211, -2.229957918970999931, -2.915993614448999960 ) ) ;
#1833 = CARTESIAN_POINT ( 'NONE',  ( -2.674621489245000205, 1.544193436795999963, -2.952447493015999846 ) ) ;
#1834 = CARTESIAN_POINT ( 'NONE',  ( 3.063796991514999846, 0.9481945661345000387, -3.060303274014999797 ) ) ;
#1835 = CARTESIAN_POINT ( 'NONE',  ( 2.973018148543062456, -7.825447055097920028E-13, -1.174947609670306425 ) ) ;
#1836 = CARTESIAN_POINT ( 'NONE',  ( 2.676374093144000543, 0.8282935779004000354, -3.533292722900000182 ) ) ;
#1837 = CARTESIAN_POINT ( 'NONE',  ( 3.175000025456680142, -0.2096524312762781950, -2.388114604969463706 ) ) ;
#1838 = CARTESIAN_POINT ( 'NONE',  ( -3.174986941747771407, 1.605435300781073703E-06, -2.116696892027017718 ) ) ;
#1839 = CARTESIAN_POINT ( 'NONE',  ( 2.063187188137999950, -1.910770905142000098, -4.374441637544999928 ) ) ;
#1840 = AXIS2_PLACEMENT_3D ( 'NONE', #1722, #3474, #855 ) ;
#1841 = CARTESIAN_POINT ( 'NONE',  ( -2.800417116365000236, 0.000000000000000000, -2.325152296794999796 ) ) ;
#1842 = CARTESIAN_POINT ( 'NONE',  ( 1.851206213005000212, -2.436079049462000157, -1.234232615088999951 ) ) ;
#1843 = CARTESIAN_POINT ( 'NONE',  ( 2.924620642837000073, -1.609823385705999881E-14, -3.643396748114999806 ) ) ;
#1844 = CARTESIAN_POINT ( 'NONE',  ( -2.778486331853999847, -0.3525636569632999984, -3.911530491480005089 ) ) ;
#1845 = PLANE ( 'NONE',  #1948 ) ;
#1846 = CARTESIAN_POINT ( 'NONE',  ( -1.694572249308000211, 2.229957918970999931, -3.201974775918000393 ) ) ;
#1847 = CARTESIAN_POINT ( 'NONE',  ( 2.556910488450999885, -1.476232958801000139, -1.971645332746000179 ) ) ;
#1848 = ADVANCED_FACE ( 'NONE', ( #2121, #857 ), #3970, .F. ) ;
#1849 = FACE_OUTER_BOUND ( 'NONE', #1737, .T. ) ;
#1850 = CARTESIAN_POINT ( 'NONE',  ( -2.923407989200766721, 1.238741085317101698, -2.866561260520524179 ) ) ;
#1851 = CARTESIAN_POINT ( 'NONE',  ( 0.02110394789989273462, 3.174934287588496495, -2.293836407385692500 ) ) ;
#1852 = PLANE ( 'NONE',  #2408 ) ;
#1853 = EDGE_LOOP ( 'NONE', ( #186, #3492, #422, #1912 ) ) ;
#1854 = CARTESIAN_POINT ( 'NONE',  ( 0.6807798646093000672, -2.995600454385999978, -3.871093365923000018 ) ) ;
#1855 = LINE ( 'NONE', #1424, #1578 ) ;
#1856 = CARTESIAN_POINT ( 'NONE',  ( -0.7107466043442001169, -3.127461550510000077, -1.960389885849999958 ) ) ;
#1857 = DIRECTION ( 'NONE',  ( 1.000000000000000000, 0.000000000000000000, -0.000000000000000000 ) ) ;
#1858 = CARTESIAN_POINT ( 'NONE',  ( -0.6231825505962000911, 2.742157970261000166, -4.020031222774999691 ) ) ;
#1859 = CARTESIAN_POINT ( 'NONE',  ( 2.934678266330999818, -0.9082344532599000431, -2.573455408600000105 ) ) ;
#1860 = CARTESIAN_POINT ( 'NONE',  ( 0.7107379137545000169, -3.127423309756999892, -3.243059845924999962 ) ) ;
#1861 = VECTOR ( 'NONE', #477, 1000.000000000000000 ) ;
#1862 = CARTESIAN_POINT ( 'NONE',  ( -1.640839742333023432, -2.135110469203141292, 0.000000000000000000 ) ) ;
#1863 = CARTESIAN_POINT ( 'NONE',  ( 2.768147931949000107, -0.3512518117201999801, -3.578996997893000298 ) ) ;
#1864 = CARTESIAN_POINT ( 'NONE',  ( -1.694572249308000211, 2.229957918970999931, -3.335568008536000217 ) ) ;
#1865 = CARTESIAN_POINT ( 'NONE',  ( 2.448316844033000095, -1.413536388964000023, -2.736726370868999947 ) ) ;
#1866 = CARTESIAN_POINT ( 'NONE',  ( 0.6807850240499999650, -2.995623157207000453, -1.279936890082000067 ) ) ;
#1867 = DIRECTION ( 'NONE',  ( 0.000000000000000000, -1.000000000000000000, -0.000000000000000000 ) ) ;
#1868 = CARTESIAN_POINT ( 'NONE',  ( 2.901717188661999902, -0.3682004880784000012, -2.950963477894000153 ) ) ;
#1869 = CARTESIAN_POINT ( 'NONE',  ( 1.400208558182000296, 2.425232363965000193, -4.159837961999994782 ) ) ;
#1870 = CARTESIAN_POINT ( 'NONE',  ( -2.531646555884043970, 1.916604822300970179, -3.601075204175045563 ) ) ;
#1871 = CARTESIAN_POINT ( 'NONE',  ( 0.6231825505962000911, 2.742157970261000166, -3.300107664186000100 ) ) ;
#1872 = CARTESIAN_POINT ( 'NONE',  ( -0.8608129525820999994, 2.788595260432999989, -0.9961958403629999070 ) ) ;
#1873 = CARTESIAN_POINT ( 'NONE',  ( 2.287663157920644341, -2.204094004368831516, -2.556541181984235411 ) ) ;
#1874 = ADVANCED_FACE ( 'NONE', ( #4739 ), #5708, .F. ) ;
#1875 = CARTESIAN_POINT ( 'NONE',  ( -2.639096441377590807, 1.765162204952317015, -2.888716199392106443 ) ) ;
#1876 = CARTESIAN_POINT ( 'NONE',  ( 2.936031841245448692, 1.208447458208391501, -2.426168377594167147 ) ) ;
#1877 = CARTESIAN_POINT ( 'NONE',  ( -1.694572249308000211, 2.229957918970999931, -3.852734195182813792 ) ) ;
#1878 = VERTEX_POINT ( 'NONE', #4351 ) ;
#1879 = CARTESIAN_POINT ( 'NONE',  ( 1.007527394846999974E-14, -3.088363467746999991, -3.897307672560999858 ) ) ;
#1880 = CARTESIAN_POINT ( 'NONE',  ( -2.794877439815579123, 1.506722812813489520, -1.466474188049454508 ) ) ;
#1881 = ORIENTED_EDGE ( 'NONE', *, *, #3468, .F. ) ;
#1882 = CARTESIAN_POINT ( 'NONE',  ( 1.952716210826055399, -2.370884853043199847, -1.225070296608997245 ) ) ;
#1883 = CARTESIAN_POINT ( 'NONE',  ( -3.168894449455999851, -0.4021027574698999851, -1.391886627211000205 ) ) ;
#1884 = FACE_OUTER_BOUND ( 'NONE', #3529, .T. ) ;
#1885 = CARTESIAN_POINT ( 'NONE',  ( 1.851206213005000212, -2.436079049462000157, -3.350899281754999848 ) ) ;
#1886 = CARTESIAN_POINT ( 'NONE',  ( -1.596933849498999969, 2.765970563658000092, -3.563255634043999809 ) ) ;
#1887 = CARTESIAN_POINT ( 'NONE',  ( 0.3505198389216186428, 2.819762471536642945, -1.093981681860014765 ) ) ;
#1888 = CARTESIAN_POINT ( 'NONE',  ( 1.079880973899999930, 2.572912336362000119, -4.140715390186000100 ) ) ;
#1889 = CARTESIAN_POINT ( 'NONE',  ( 3.012072768814764157, -1.025252561808349894, -2.417252548574335247 ) ) ;
#1890 = LINE ( 'NONE', #4859, #4781 ) ;
#1891 = CARTESIAN_POINT ( 'NONE',  ( -0.6231825505960999489, -2.742157970261000166, -4.492034230137999629 ) ) ;
#1892 = CARTESIAN_POINT ( 'NONE',  ( 2.686369738734000201, -0.8313870651189000371, -2.004956508676000393 ) ) ;
#1893 = CARTESIAN_POINT ( 'NONE',  ( 0.000000000000000000, 3.088386873591999926, -1.658928974497000164 ) ) ;
#1894 = DIRECTION ( 'NONE',  ( 0.000000000000000000, -0.000000000000000000, -1.000000000000000000 ) ) ;
#1895 = CARTESIAN_POINT ( 'NONE',  ( 1.131987617969000048, 2.697061044018000064, -2.807126314631999797 ) ) ;
#1896 = CARTESIAN_POINT ( 'NONE',  ( -1.616979072200563694, -2.281431538346462062, -4.522279039371753129 ) ) ;
#1897 = CARTESIAN_POINT ( 'NONE',  ( -2.929084834229037870, 1.225241773523746192, -3.571570339741083622 ) ) ;
#1898 = CARTESIAN_POINT ( 'NONE',  ( 2.063187188137999950, 1.910770905142000098, -2.659716087947999963 ) ) ;
#1899 = CARTESIAN_POINT ( 'NONE',  ( 2.154698634633000154, 1.995522017622999744, -1.827838433514999972 ) ) ;
#1900 = CARTESIAN_POINT ( 'NONE',  ( -2.201731128504456958, 1.718550849030924255, -4.528915488133866241 ) ) ;
#1901 = CARTESIAN_POINT ( 'NONE',  ( -2.240316078461960014, 2.249802547686131859, -2.911670413053167650 ) ) ;
#1902 = CARTESIAN_POINT ( 'NONE',  ( 0.4163768330751761448, 3.154357273289646990, -3.631485471718769009 ) ) ;
#1903 = CARTESIAN_POINT ( 'NONE',  ( 1.400208558182000296, 2.425232363965000193, -2.572337961998813594 ) ) ;
#1904 = ORIENTED_EDGE ( 'NONE', *, *, #4650, .F. ) ;
#1905 = CARTESIAN_POINT ( 'NONE',  ( -2.901717188661999902, -0.3682004880784000012, -1.160830018336000080 ) ) ;
#1906 = CARTESIAN_POINT ( 'NONE',  ( -0.03072955571075369763, 3.174984835429145669, -1.586361817712090838 ) ) ;
#1907 = ORIENTED_EDGE ( 'NONE', *, *, #2402, .T. ) ;
#1908 = LINE ( 'NONE', #990, #15 ) ;
#1909 = CARTESIAN_POINT ( 'NONE',  ( 2.792332490039000081, 1.612153914791000009, -3.110101505138000100 ) ) ;
#1910 = DIRECTION ( 'NONE',  ( 1.000000000000000000, 0.000000000000000000, 0.000000000000000000 ) ) ;
#1911 = CARTESIAN_POINT ( 'NONE',  ( 0.000000000000000000, 2.816544961612000186, -3.225102431733999797 ) ) ;
#1912 = ORIENTED_EDGE ( 'NONE', *, *, #3673, .T. ) ;
#1913 = CARTESIAN_POINT ( 'NONE',  ( 1.596933849498999969, 2.765970563658000092, -4.386403782191999667 ) ) ;
#1914 = CARTESIAN_POINT ( 'NONE',  ( -1.023520942041021842, 3.012633699546412469, -2.872502668022189898 ) ) ;
#1915 = CARTESIAN_POINT ( 'NONE',  ( -2.793108592565073156, -1.197199189851226214E-16, -1.071077668333397792 ) ) ;
#1916 = CARTESIAN_POINT ( 'NONE',  ( 3.500000000024919622, 3.400000000036673242, -11.70000000000000107 ) ) ;
#1917 = EDGE_CURVE ( 'NONE', #733, #1712, #800, .T. ) ;
#1918 = CARTESIAN_POINT ( 'NONE',  ( -2.502926139018501139, 1.953525429044675965, -4.308357230147122685 ) ) ;
#1919 = CARTESIAN_POINT ( 'NONE',  ( -0.6231825505962000911, -2.742157970261000166, -3.786478674581999826 ) ) ;
#1920 = CARTESIAN_POINT ( 'NONE',  ( 2.934678266330999818, 0.9082344532599000431, -1.097180318171999902 ) ) ;
#1921 = CARTESIAN_POINT ( 'NONE',  ( -1.344662677590301447, 2.333009656905868479, 0.000000000000000000 ) ) ;
#1922 = CARTESIAN_POINT ( 'NONE',  ( -2.556904091329999851, -1.476229265421000303, -3.937378229597000345 ) ) ;
#1923 = STYLED_ITEM ( 'NONE', ( #2350 ), #3919 ) ;
#1924 = CARTESIAN_POINT ( 'NONE',  ( -2.448316844033000095, -1.413536388964000023, -3.865856480518005789 ) ) ;
#1925 = CARTESIAN_POINT ( 'NONE',  ( -1.591109122083275818, 2.755389133282364345, -3.644887908994078440 ) ) ;
#1926 = CARTESIAN_POINT ( 'NONE',  ( 2.686369738734000201, -0.8313870651189000371, -4.188419791651999624 ) ) ;
#1927 = CARTESIAN_POINT ( 'NONE',  ( 1.462313979973999922, 2.532802109932999812, -1.089700888300999981 ) ) ;
#1928 = CARTESIAN_POINT ( 'NONE',  ( 1.849914077106112442, -2.582486333904141507, -2.575996023470657814 ) ) ;
#1929 = CIRCLE ( 'NONE', #4878, 0.6399999999999999023 ) ;
#1930 = CARTESIAN_POINT ( 'NONE',  ( 1.588422845220787583, 2.751057173326894922, -3.057122117420820295 ) ) ;
#1931 = CARTESIAN_POINT ( 'NONE',  ( -3.072642463783519684, 0.8785459546409101206, -2.146447942091713745 ) ) ;
#1932 = CARTESIAN_POINT ( 'NONE',  ( 2.686369738734000201, 0.8313870651189000371, -3.362904120488813486 ) ) ;
#1933 = ORIENTED_EDGE ( 'NONE', *, *, #37, .T. ) ;
#1934 = CARTESIAN_POINT ( 'NONE',  ( -1.851192183335000241, -2.436060587237999897, -3.969226254192000258 ) ) ;
#1935 = CARTESIAN_POINT ( 'NONE',  ( 0.7275313558707832140, 3.092026930284343500, -1.614419517127382298 ) ) ;
#1936 = VERTEX_POINT ( 'NONE', #368 ) ;
#1937 = DIRECTION ( 'NONE',  ( 0.000000000000000000, 1.000000000000000000, -0.000000000000000000 ) ) ;
#1938 = CARTESIAN_POINT ( 'NONE',  ( 3.063834454273000052, 0.9482061602394000754, -3.136315811775999940 ) ) ;
#1939 = CARTESIAN_POINT ( 'NONE',  ( 0.000000000000000000, 0.000000000000000000, 2.259920353756999845 ) ) ;
#1940 = CARTESIAN_POINT ( 'NONE',  ( -2.768139447978999801, 0.3512507351845000070, -3.061835828179999996 ) ) ;
#1941 = EDGE_LOOP ( 'NONE', ( #5490, #2044, #4999, #3032, #1253, #707, #5569, #2478 ) ) ;
#1942 = CARTESIAN_POINT ( 'NONE',  ( 2.792298347047000640, 1.612134202325000265, -3.739644522933000204 ) ) ;
#1943 = CARTESIAN_POINT ( 'NONE',  ( -2.562724518320894429, -1.875871146081968366, -1.339596160421653748 ) ) ;
#1944 = CARTESIAN_POINT ( 'NONE',  ( -1.394998557377999937, -2.416208377863999779, -3.801059897742999905 ) ) ;
#1945 = CARTESIAN_POINT ( 'NONE',  ( -2.936275776030433438, -1.207854668874258852, -2.073414107788001282 ) ) ;
#1946 = CARTESIAN_POINT ( 'NONE',  ( 2.063187188137999950, 1.910770905142000098, -1.315401593145999914 ) ) ;
#1947 = EDGE_CURVE ( 'NONE', #2777, #1222, #5069, .T. ) ;
#1948 = AXIS2_PLACEMENT_3D ( 'NONE', #867, #5279, #3601 ) ;
#1949 = CARTESIAN_POINT ( 'NONE',  ( 0.6807850240499999650, 2.995623157207000453, -2.390698836691000029 ) ) ;
#1950 = CARTESIAN_POINT ( 'NONE',  ( -2.768147931949000107, -0.3512518117201999801, -1.083307982778999978 ) ) ;
#1951 = CARTESIAN_POINT ( 'NONE',  ( 2.063187188137999950, 1.910770905142000098, -1.382198209455000049 ) ) ;
#1952 = CARTESIAN_POINT ( 'NONE',  ( 1.400208558182000296, 2.425232363965000193, -4.038245209400000313 ) ) ;
#1953 = CARTESIAN_POINT ( 'NONE',  ( 2.901724448471000084, 0.3682014092795999893, -1.194171195558999976 ) ) ;
#1954 = CARTESIAN_POINT ( 'NONE',  ( -1.015886990737703277, -3.015264507003421190, -3.389105559270078505 ) ) ;
#1955 = CARTESIAN_POINT ( 'NONE',  ( 3.175000000000001155, -2.772395129823463113E-08, -3.792361110091688747 ) ) ;
#1956 = DIRECTION ( 'NONE',  ( 1.000000000000000000, 0.000000000000000000, 0.000000000000000000 ) ) ;
#1957 = CARTESIAN_POINT ( 'NONE',  ( -2.240382496741629037, 2.249736407526487181, -2.206111486448020464 ) ) ;
#1958 = CARTESIAN_POINT ( 'NONE',  ( 0.6231825505962000911, -2.742157970261000166, -2.840105136842812961 ) ) ;
#1959 = CARTESIAN_POINT ( 'NONE',  ( -2.800417116365000236, -1.899869150890000132E-14, -4.575412196080000271 ) ) ;
#1960 = VERTEX_POINT ( 'NONE', #768 ) ;
#1961 = CARTESIAN_POINT ( 'NONE',  ( 3.035286445374000053, -0.3851491644366000222, -4.439596624562001104 ) ) ;
#1962 = CARTESIAN_POINT ( 'NONE',  ( -1.292335073162794279, 2.901925531537650205, -1.539724404560822713 ) ) ;
#1963 = VERTEX_POINT ( 'NONE', #1201 ) ;
#1964 = CARTESIAN_POINT ( 'NONE',  ( -3.193906752202000376, 0.000000000000000000, -2.816120023657000093 ) ) ;
#1965 = CARTESIAN_POINT ( 'NONE',  ( 3.174999999999999822, 1.141224539193030258E-07, -1.675694438781054174 ) ) ;
#1966 = ORIENTED_EDGE ( 'NONE', *, *, #2451, .T. ) ;
#1967 = CARTESIAN_POINT ( 'NONE',  ( -2.792298347047000640, 1.612134202325000265, -4.210014893302999717 ) ) ;
#1968 = CARTESIAN_POINT ( 'NONE',  ( 3.500000000000000000, -3.600000000000000533, -15.19999999999999929 ) ) ;
#1969 = CARTESIAN_POINT ( 'NONE',  ( -1.688266958050000044, -2.221660524640999945, -3.814182183078000055 ) ) ;
#1970 = CARTESIAN_POINT ( 'NONE',  ( 1.932443837908358830, -2.521326664616152957, -1.866991016529563563 ) ) ;
#1971 = CARTESIAN_POINT ( 'NONE',  ( 2.063187188137999950, -1.910770905142000098, -1.485422799014000095 ) ) ;
#1972 = CARTESIAN_POINT ( 'NONE',  ( -2.049999999999999822, -7.400000000000000355, -8.199999999999999289 ) ) ;
#1973 = CARTESIAN_POINT ( 'NONE',  ( -0.4000000000000000222, -1.959434878635765107E-17, -2.799999999999999822 ) ) ;
#1974 = CARTESIAN_POINT ( 'NONE',  ( -1.917910275039999891E-14, 2.952458530842999807, -4.172563414782000102 ) ) ;
#1975 = ADVANCED_FACE ( 'NONE', ( #4282 ), #303, .T. ) ;
#1976 = CARTESIAN_POINT ( 'NONE',  ( 0.6231825505962000911, 2.742157970261000166, -2.022589785694000497 ) ) ;
#1977 = CARTESIAN_POINT ( 'NONE',  ( 2.448316844033000095, -1.413536388964000023, -4.214634098289000264 ) ) ;
#1978 = CARTESIAN_POINT ( 'NONE',  ( 1.131990450089999989, 2.697067791798000158, -3.193245269633000039 ) ) ;
#1979 = DIRECTION ( 'NONE',  ( 1.000000000000000000, 0.000000000000000000, 0.000000000000000000 ) ) ;
#1980 = CARTESIAN_POINT ( 'NONE',  ( 2.686369738734000201, -0.8313870651189000371, -1.487790322028836654 ) ) ;
#1981 = CARTESIAN_POINT ( 'NONE',  ( 0.8306971422702712493, -3.092450707340599347, -2.615513991148986861 ) ) ;
#1982 = CARTESIAN_POINT ( 'NONE',  ( 0.000000000000000000, 2.869169090217837947, -11.70000000000000107 ) ) ;
#1983 = FACE_OUTER_BOUND ( 'NONE', #3090, .T. ) ;
#1984 = CARTESIAN_POINT ( 'NONE',  ( 2.800417116365000236, 0.000000000000000000, -2.689930554591814182 ) ) ;
#1985 = CARTESIAN_POINT ( 'NONE',  ( 2.778486331853999847, 0.3525636569632000228, -3.503956577412000062 ) ) ;
#1986 = ORIENTED_EDGE ( 'NONE', *, *, #410, .T. ) ;
#1987 = CARTESIAN_POINT ( 'NONE',  ( -1.131987617969000048, 2.697061044018000064, -1.304667181598000214 ) ) ;
#1988 = CARTESIAN_POINT ( 'NONE',  ( -2.938293424689285338, -1.202946333257765232, -3.484719722117604057 ) ) ;
#1989 = ORIENTED_EDGE ( 'NONE', *, *, #4449, .T. ) ;
#1990 = CARTESIAN_POINT ( 'NONE',  ( -1.932678427628000017, 2.543291716405000180, -3.626145886469999802 ) ) ;
#1991 = CARTESIAN_POINT ( 'NONE',  ( 3.073430016432840528, -0.8232332003027617029, -1.703970150973823650 ) ) ;
#1992 = ORIENTED_EDGE ( 'NONE', *, *, #5343, .F. ) ;
#1993 = CARTESIAN_POINT ( 'NONE',  ( 2.353059077759999784, 2.179228743622999787, -3.713430216294999919 ) ) ;
#1994 = CARTESIAN_POINT ( 'NONE',  ( 2.853128724855389819, 1.408217167049296892, -3.035737980191829610 ) ) ;
#1995 = CARTESIAN_POINT ( 'NONE',  ( 2.676374093144000543, -0.8282935779004000354, -4.304012257772000360 ) ) ;
#1996 = CARTESIAN_POINT ( 'NONE',  ( -2.934884568442443165, -1.211231152151760693, -2.073280236976530411 ) ) ;
#1997 = CARTESIAN_POINT ( 'NONE',  ( -2.800417116365000236, 0.000000000000000000, -1.047634418302000325 ) ) ;
#1998 =( NAMED_UNIT ( * ) SI_UNIT ( $, .STERADIAN. ) SOLID_ANGLE_UNIT ( ) );
#1999 = CARTESIAN_POINT ( 'NONE',  ( -1.408882805531101123, -2.852818586071825813, -4.109119735257839245 ) ) ;
#2000 = CARTESIAN_POINT ( 'NONE',  ( 2.901717188661999902, 0.3682004880784000012, -4.335830018335999902 ) ) ;
#2001 = B_SPLINE_CURVE_WITH_KNOTS ( 'NONE', 3,
 ( #3631, #1067, #4956, #1010 ),
 .UNSPECIFIED., .F., .F.,
 ( 4, 4 ),
 ( 1.301754556206204089E-15, 0.003539552201967377781 ),
 .UNSPECIFIED. ) ;
#2002 = CARTESIAN_POINT ( 'NONE',  ( 2.500000000000000444, -0.3272492347489374120, -0.000000000000000000 ) ) ;
#2003 = CARTESIAN_POINT ( 'NONE',  ( -2.448316844033000095, -1.413536388964000023, -3.744263727919000306 ) ) ;
#2004 = CARTESIAN_POINT ( 'NONE',  ( -1.131990450089999989, 2.697067791798000158, -2.396341692153999947 ) ) ;
#2005 = AXIS2_PLACEMENT_3D ( 'NONE', #2068, #3334, #411 ) ;
#2006 = CARTESIAN_POINT ( 'NONE',  ( 0.000000000000000000, -2.827072777928000047, -1.631597221259005970 ) ) ;
#2007 = DIRECTION ( 'NONE',  ( -1.000000000000000000, 0.000000000000000000, -0.000000000000000000 ) ) ;
#2008 = CARTESIAN_POINT ( 'NONE',  ( 0.000000000000000000, -7.349999999999999645, -11.70000000000000107 ) ) ;
#2009 = CARTESIAN_POINT ( 'NONE',  ( -2.633025699165028488, 1.774207023557624163, -2.183559798151177400 ) ) ;
#2010 = CARTESIAN_POINT ( 'NONE',  ( 2.800417116365000236, 1.286470929784000031E-14, -3.395486110146982206 ) ) ;
#2011 = VECTOR ( 'NONE', #1501, 1000.000000000000000 ) ;
#2012 = CARTESIAN_POINT ( 'NONE',  ( 0.6231825505960999489, -2.742157970261000166, -3.667253444997999878 ) ) ;
#2013 = ORIENTED_EDGE ( 'NONE', *, *, #3142, .T. ) ;
#2014 = CARTESIAN_POINT ( 'NONE',  ( 2.901717188661999902, 0.3682004880784000012, -2.219163351669000139 ) ) ;
#2015 = CARTESIAN_POINT ( 'NONE',  ( 3.500000000000000000, 3.399999999999999911, -15.19999999999999929 ) ) ;
#2016 = EDGE_LOOP ( 'NONE', ( #5439, #2689, #153, #3784 ) ) ;
#2017 = AXIS2_PLACEMENT_3D ( 'NONE', #1744, #5235, #1290 ) ;
#2018 = CARTESIAN_POINT ( 'NONE',  ( 1.083914082544999991, 2.582521575934999980, -3.958326307757000340 ) ) ;
#2019 = CARTESIAN_POINT ( 'NONE',  ( -1.596953376101000188, 2.766004384726000076, -3.639268171804999952 ) ) ;
#2020 = CARTESIAN_POINT ( 'NONE',  ( 0.2091806424652709884, -3.174943025160281707, -1.844343071688596458 ) ) ;
#2021 = ORIENTED_EDGE ( 'NONE', *, *, #4618, .F. ) ;
#2022 = CARTESIAN_POINT ( 'NONE',  ( -1.184094262037999945, -2.821209751675000543, -1.826315016856000062 ) ) ;
#2023 = CARTESIAN_POINT ( 'NONE',  ( -0.4000000000000000222, 0.02534302217852660993, -1.800000000000000266 ) ) ;
#2024 = LINE ( 'NONE', #5111, #3980 ) ;
#2025 = CARTESIAN_POINT ( 'NONE',  ( 2.227740696172588297, -2.262271034825594107, -1.853924719840085444 ) ) ;
#2026 = CARTESIAN_POINT ( 'NONE',  ( 1.400208558182000296, 2.425232363965000193, -1.988375159043000329 ) ) ;
#2027 = EDGE_CURVE ( 'NONE', #4611, #3174, #3279, .T. ) ;
#2028 = CARTESIAN_POINT ( 'NONE',  ( -0.3672345404958008430, 0.1590168331967627691, -2.799999999999999378 ) ) ;
#2029 = CARTESIAN_POINT ( 'NONE',  ( -0.7107379137545000169, 3.127423309756999892, -2.184726512590999814 ) ) ;
#2030 = CARTESIAN_POINT ( 'NONE',  ( 2.556904091329999851, -1.476229265421000303, -4.407748599967000303 ) ) ;
#2031 = CARTESIAN_POINT ( 'NONE',  ( -2.448316844033000095, 1.413536388964000023, -1.878782886463000068 ) ) ;
#2032 = CARTESIAN_POINT ( 'NONE',  ( -2.800417116365000236, -1.899869150890000132E-14, -4.508615579770999915 ) ) ;
#2033 = CARTESIAN_POINT ( 'NONE',  ( -1.769733998381000095, -2.328866382518000044, -2.866712062524999993 ) ) ;
#2034 = CARTESIAN_POINT ( 'NONE',  ( 0.6231825505962000911, -2.742157970261000166, -1.605382914621005908 ) ) ;
#2035 = CARTESIAN_POINT ( 'NONE',  ( 0.4130835498131982253, -3.154825964646536196, -3.953571284695777788 ) ) ;
#2036 = DIRECTION ( 'NONE',  ( 0.000000000000000000, -1.000000000000000000, 0.000000000000000000 ) ) ;
#2037 = DIRECTION ( 'NONE',  ( -1.000000000000000000, 0.000000000000000000, -0.000000000000000000 ) ) ;
#2038 = CARTESIAN_POINT ( 'NONE',  ( 2.778486331853999847, -0.3525636569632999984, -1.291941728814982593 ) ) ;
#2039 = CARTESIAN_POINT ( 'NONE',  ( -2.448316844033000095, 1.413536388964000023, -3.928652936820999475 ) ) ;
#2040 = CARTESIAN_POINT ( 'NONE',  ( -2.439199487657000454, 1.408272480806000093, -2.401954283585999939 ) ) ;
#2041 = ORIENTED_EDGE ( 'NONE', *, *, #4149, .T. ) ;
#2042 = CARTESIAN_POINT ( 'NONE',  ( -2.805515059268000044, -0.8682605739783999521, -1.846925869567999978 ) ) ;
#2043 = CARTESIAN_POINT ( 'NONE',  ( -2.245809336000123224, -2.244318548304754746, -3.438581076084151977 ) ) ;
#2044 = ORIENTED_EDGE ( 'NONE', *, *, #5446, .F. ) ;
#2045 = B_SPLINE_CURVE_WITH_KNOTS ( 'NONE', 3,
 ( #1916, #5414, #2700, #1407 ),
 .UNSPECIFIED., .F., .F.,
 ( 4, 4 ),
 ( 1.531497798657172508E-15, 0.003539552201981730449 ),
 .UNSPECIFIED. ) ;
#2046 = ADVANCED_FACE ( 'NONE', ( #3734 ), #5501, .F. ) ;
#2047 = CARTESIAN_POINT ( 'NONE',  ( -2.974836257351398672, 0.000000000000000000, -1.175997295320030389 ) ) ;
#2048 = EDGE_CURVE ( 'NONE', #210, #3661, #2802, .T. ) ;
#2049 = CARTESIAN_POINT ( 'NONE',  ( 0.05015692432848176119, -0.3977098693099279658, -2.800000000000000266 ) ) ;
#2050 = CARTESIAN_POINT ( 'NONE',  ( -0.3279759637102767633, -0.2319843495646778941, -1.800000000000000488 ) ) ;
#2051 = ORIENTED_EDGE ( 'NONE', *, *, #5588, .F. ) ;
#2052 = CARTESIAN_POINT ( 'NONE',  ( 3.059244170917000183, 0.000000000000000000, -2.309807672560999947 ) ) ;
#2053 = CARTESIAN_POINT ( 'NONE',  ( 0.2439865121982036367, 0.3215944374217133417, -1.800000000000000711 ) ) ;
#2054 = CARTESIAN_POINT ( 'NONE',  ( -2.500000000000000000, 1.836970198721029688E-16, -1.800000000000000266 ) ) ;
#2055 = DIRECTION ( 'NONE',  ( 0.000000000000000000, 0.000000000000000000, 1.000000000000000000 ) ) ;
#2056 = CARTESIAN_POINT ( 'NONE',  ( 2.686369738734000201, 0.8313870651189000371, -1.367830206421000172 ) ) ;
#2057 = DIRECTION ( 'NONE',  ( 1.000000000000000000, 0.000000000000000000, 0.000000000000000000 ) ) ;
#2058 = CARTESIAN_POINT ( 'NONE',  ( 2.753054236535705801, -1.595103044530619130, -3.939546047131125661 ) ) ;
#2059 = CARTESIAN_POINT ( 'NONE',  ( -2.792298347047000640, 1.612134202325000265, -1.387792671081000018 ) ) ;
#2060 = CARTESIAN_POINT ( 'NONE',  ( 1.394998557377999937, -2.416208377863999779, -2.272356194039999888 ) ) ;
#2061 = CARTESIAN_POINT ( 'NONE',  ( -2.778486331853999847, -0.3525636569632999984, -1.101308749276999954 ) ) ;
#2062 = CARTESIAN_POINT ( 'NONE',  ( 2.942836636990889154, 1.191816943667526552, -3.132382284516029625 ) ) ;
#2063 = CARTESIAN_POINT ( 'NONE',  ( -2.686369738734000201, 0.8313870651189000371, -1.652178730898000047 ) ) ;
#2064 = CARTESIAN_POINT ( 'NONE',  ( 2.154698634633000154, -1.995522017622999744, -3.408970750494000335 ) ) ;
#2065 = CARTESIAN_POINT ( 'NONE',  ( -2.448316844033000095, -1.413536388964000023, -1.749189813851836695 ) ) ;
#2066 = CARTESIAN_POINT ( 'NONE',  ( 3.500000000000000000, 3.399999999999999911, -8.199999999999999289 ) ) ;
#2067 = CARTESIAN_POINT ( 'NONE',  ( 2.391937204679057682, 2.098324558301801090, -1.593931033865242153 ) ) ;
#2068 = CARTESIAN_POINT ( 'NONE',  ( 0.000000000000000000, 0.000000000000000000, 2.259920353756999845 ) ) ;
#2069 = CARTESIAN_POINT ( 'NONE',  ( 0.000000000000000000, 2.827072777928000047, -1.807986110146982517 ) ) ;
#2070 = CARTESIAN_POINT ( 'NONE',  ( 0.000000000000000000, -2.827072777928000047, -1.510004468660000043 ) ) ;
#2071 = CARTESIAN_POINT ( 'NONE',  ( 1.394994281911000167, -2.416200972537000169, -2.107972802104999932 ) ) ;
#2072 = EDGE_LOOP ( 'NONE', ( #3751, #645, #3835, #3932 ) ) ;
#2073 = CARTESIAN_POINT ( 'NONE',  ( 1.462310321417999992, 2.532795773129000061, -2.114693044411000145 ) ) ;
#2074 = DIRECTION ( 'NONE',  ( 0.000000000000000000, 0.000000000000000000, -1.000000000000000000 ) ) ;
#2075 = ORIENTED_EDGE ( 'NONE', *, *, #5356, .T. ) ;
#2076 = CARTESIAN_POINT ( 'NONE',  ( 2.686369738734000201, -0.8313870651189000371, -3.416067619786999909 ) ) ;
#2077 = CARTESIAN_POINT ( 'NONE',  ( 0.3906384401416573282, -0.1001220863366945324, -2.799999999999999822 ) ) ;
#2078 = PLANE ( 'NONE',  #668 ) ;
#2079 = ORIENTED_EDGE ( 'NONE', *, *, #4270, .F. ) ;
#2080 = CARTESIAN_POINT ( 'NONE',  ( -1.184094262037999945, 2.821209751675000543, -2.087744772710999897 ) ) ;
#2081 = CARTESIAN_POINT ( 'NONE',  ( -3.500000000000000000, -3.600000000000000533, -15.19999999999999929 ) ) ;
#2082 = DIRECTION ( 'NONE',  ( 0.000000000000000000, 1.000000000000000000, 0.000000000000000000 ) ) ;
#2083 = LINE ( 'NONE', #4348, #5245 ) ;
#2084 = CARTESIAN_POINT ( 'NONE',  ( 1.932678427628000017, 2.543291716405000180, -0.9477608275098999835 ) ) ;
#2085 = DIRECTION ( 'NONE',  ( 0.000000000000000000, -1.000000000000000000, 0.000000000000000000 ) ) ;
#2086 = CARTESIAN_POINT ( 'NONE',  ( 0.2634668500010720060, 0.3022708126128269557, -2.800000000000000711 ) ) ;
#2087 = B_SPLINE_CURVE_WITH_KNOTS ( 'NONE', 3,
 ( #3370, #4343, #731, #1653, #1686, #3002, #5699, #2970, #3497, #1257, #848, #821, #760, #296, #2485, #2513, #4666, #792, #4244, #2574, #392, #2050, #5134, #1189, #2936, #5674, #2543, #1717 ),
 .UNSPECIFIED., .F., .F.,
 ( 4, 2, 2, 2, 1, 2, 2, 2, 2, 2, 2, 1, 2, 2, 4 ),
 ( 0.000000000000000000, 0.06250000000000000000, 0.1249999999999999722, 0.2499999999999999445, 0.3124999999999999445, 0.3437499999999998890, 0.3749999999999998335, 0.4999999999999997780, 0.5624999999999997780, 0.6249999999999997780, 0.7499999999999997780, 0.8124999999999997780, 0.8437499999999997780, 0.8749999999999997780, 1.000000000000000000 ),
 .UNSPECIFIED. ) ;
#2088 = CARTESIAN_POINT ( 'NONE',  ( -3.110191291505000066, -0.7070363112747000134, -1.305007859720000329 ) ) ;
#2089 = CARTESIAN_POINT ( 'NONE',  ( 1.590724219448295340, -2.755611218072980151, -3.292126862747896343 ) ) ;
#2090 = CARTESIAN_POINT ( 'NONE',  ( 1.079880973899999930, 2.572912336362000119, -1.318493167963999957 ) ) ;
#2091 = EDGE_CURVE ( 'NONE', #4300, #817, #749, .T. ) ;
#2092 = CARTESIAN_POINT ( 'NONE',  ( 1.694572249308000211, -2.229957918970999931, -2.982790230757999872 ) ) ;
#2093 = DIRECTION ( 'NONE',  ( 0.000000000000000000, -0.000000000000000000, -1.000000000000000000 ) ) ;
#2094 = CARTESIAN_POINT ( 'NONE',  ( 2.778486331853999847, 0.3525636569632999984, -1.959252233682999833 ) ) ;
#2095 = CARTESIAN_POINT ( 'NONE',  ( -2.556910488450999885, 1.476232958801000139, -2.324423110522999991 ) ) ;
#2096 = CARTESIAN_POINT ( 'NONE',  ( 2.063187188137999950, -1.910770905142000098, -1.540218935304005887 ) ) ;
#2097 = DIRECTION ( 'NONE',  ( -1.000000000000000000, 0.000000000000000000, 0.000000000000000000 ) ) ;
#2098 = CARTESIAN_POINT ( 'NONE',  ( 2.096152793499012734, 2.393840639935456149, -1.578896271362314696 ) ) ;
#2099 = CARTESIAN_POINT ( 'NONE',  ( 3.500000000000000000, -7.400000000000000355, -9.650000000000000355 ) ) ;
#2100 = CARTESIAN_POINT ( 'NONE',  ( -2.800417116365000236, 0.000000000000000000, -1.631597221258813679 ) ) ;
#2101 = EDGE_CURVE ( 'NONE', #5233, #5433, #640, .T. ) ;
#2102 = CARTESIAN_POINT ( 'NONE',  ( 2.686369738734000201, 0.8313870651189000371, -1.301033590112000038 ) ) ;
#2103 = AXIS2_PLACEMENT_3D ( 'NONE', #4623, #247, #2093 ) ;
#2104 = CARTESIAN_POINT ( 'NONE',  ( 1.394994281911000167, -2.416200972537000169, -2.813528357660000090 ) ) ;
#2105 = ORIENTED_EDGE ( 'NONE', *, *, #484, .F. ) ;
#2106 = CARTESIAN_POINT ( 'NONE',  ( -0.6508218154640000863, 2.863777599015000064, -2.029682441477000054 ) ) ;
#2107 = DIRECTION ( 'NONE',  ( 0.000000000000000000, -0.000000000000000000, -1.000000000000000000 ) ) ;
#2108 = ORIENTED_EDGE ( 'NONE', *, *, #3904, .T. ) ;
#2109 = CARTESIAN_POINT ( 'NONE',  ( 2.686369738734000201, -0.8313870651189000371, -4.121623175342000067 ) ) ;
#2110 = AXIS2_PLACEMENT_3D ( 'NONE', #2635, #2055, #3815 ) ;
#2111 = CARTESIAN_POINT ( 'NONE',  ( -0.8116894860648291576, -2.723600054725123787, -4.508265702202883141 ) ) ;
#2112 = CARTESIAN_POINT ( 'NONE',  ( 0.4000000000000000222, 2.939152317953647352E-17, -2.799999999999999822 ) ) ;
#2113 = CARTESIAN_POINT ( 'NONE',  ( -3.500000000000000000, -7.400000000000000355, -7.599999999999999645 ) ) ;
#2114 = ORIENTED_EDGE ( 'NONE', *, *, #1258, .T. ) ;
#2115 = CARTESIAN_POINT ( 'NONE',  ( -1.851192183335000241, 2.436060587237999897, -1.355944646486000105 ) ) ;
#2116 = CARTESIAN_POINT ( 'NONE',  ( 0.09923621893673145733, 0.3883483094515851608, -1.800000000000000266 ) ) ;
#2117 = CARTESIAN_POINT ( 'NONE',  ( 3.174999999999975397, 3.855184539619612101E-07, -2.381249985449975348 ) ) ;
#2118 = PLANE ( 'NONE',  #3205 ) ;
#2119 = CARTESIAN_POINT ( 'NONE',  ( 2.353087849929000441, 2.179255390271000348, -0.9672205318337000479 ) ) ;
#2120 = CARTESIAN_POINT ( 'NONE',  ( 3.499999999868180556, 2.872335074938021204, -8.200000002072350469 ) ) ;
#2121 = FACE_BOUND ( 'NONE', #1081, .T. ) ;
#2122 = CARTESIAN_POINT ( 'NONE',  ( -1.932654795978000051, 2.543260618536000273, -1.433466682042999985 ) ) ;
#2123 = CARTESIAN_POINT ( 'NONE',  ( -0.1459549721393700594, -3.172101009938717908, -3.356785914467006027 ) ) ;
#2124 = CARTESIAN_POINT ( 'NONE',  ( 2.789997114755999874, 0.000000000000000000, -1.449208045890999941 ) ) ;
#2125 = CARTESIAN_POINT ( 'NONE',  ( 3.175000000000072209, 1.019979527119728009E-14, -3.880555555555125657 ) ) ;
#2126 = ADVANCED_FACE ( 'NONE', ( #2844 ), #4864, .T. ) ;
#2127 = CARTESIAN_POINT ( 'NONE',  ( 1.694572249308000211, 2.229957918970999931, -2.068294060687000169 ) ) ;
#2128 = CARTESIAN_POINT ( 'NONE',  ( -1.083914082544999991, 2.582521575934999980, -1.044756063611000041 ) ) ;
#2129 = CARTESIAN_POINT ( 'NONE',  ( -1.131990450089999989, -2.697067791798000158, -3.546023047411000384 ) ) ;
#2130 = CARTESIAN_POINT ( 'NONE',  ( -1.694572249308000211, -2.229957918970999931, -3.114626914001005442 ) ) ;
#2131 = CARTESIAN_POINT ( 'NONE',  ( 2.957660381366850277, -0.5412867362972819674, -4.412696782728116496 ) ) ;
#2132 = DIRECTION ( 'NONE',  ( 0.000000000000000000, 1.000000000000000000, 0.000000000000000000 ) ) ;
#2133 = CARTESIAN_POINT ( 'NONE',  ( -2.778486331853999847, -0.3525636569632999984, -1.618474935923813529 ) ) ;
#2134 = CARTESIAN_POINT ( 'NONE',  ( 2.778486331853999847, 0.3525636569632999984, -2.026048849992000189 ) ) ;
#2135 = CARTESIAN_POINT ( 'NONE',  ( -0.6208618634615999943, -2.731946370599999785, -4.309650071705999785 ) ) ;
#2136 = VECTOR ( 'NONE', #5232, 1000.000000000000000 ) ;
#2137 = ORIENTED_EDGE ( 'NONE', *, *, #2817, .T. ) ;
#2138 = CARTESIAN_POINT ( 'NONE',  ( -1.462310321417999992, -2.532795773129000061, -3.173026377744999849 ) ) ;
#2139 = CARTESIAN_POINT ( 'NONE',  ( -1.936844338808218824, -2.524355255628104366, -3.423903239392205755 ) ) ;
#2140 = VERTEX_POINT ( 'NONE', #1610 ) ;
#2141 = CARTESIAN_POINT ( 'NONE',  ( -1.400208558182000296, -2.425232363965000193, -4.324226370868999858 ) ) ;
#2142 = CARTESIAN_POINT ( 'NONE',  ( 2.789988563821000245, 0.000000000000000000, -1.990380209512000231 ) ) ;
#2143 = CARTESIAN_POINT ( 'NONE',  ( -0.05051613423522571811, -0.3999329876339818290, -2.799999999999998934 ) ) ;
#2144 = LINE ( 'NONE', #4763, #1218 ) ;
#2145 = VERTEX_POINT ( 'NONE', #2871 ) ;
#2146 = CARTESIAN_POINT ( 'NONE',  ( 2.934656025390999901, -0.9082275700565000109, -1.636834106664000199 ) ) ;
#2147 = CARTESIAN_POINT ( 'NONE',  ( -0.3215944374217097890, 0.2439865121982044138, -1.800000000000000711 ) ) ;
#2148 = CARTESIAN_POINT ( 'NONE',  ( 1.407681462389030136, 2.853563023136115984, -2.256940607635368856 ) ) ;
#2149 = CARTESIAN_POINT ( 'NONE',  ( 3.059267356074999888, 0.000000000000000000, -3.951984530053000100 ) ) ;
#2150 = CARTESIAN_POINT ( 'NONE',  ( 3.175000000000000266, -0.4606979745549225624, -1.778973343449675060 ) ) ;
#2151 = CARTESIAN_POINT ( 'NONE',  ( -2.049999999999999822, -7.400000000000000355, -9.650000000000000355 ) ) ;
#2152 = CARTESIAN_POINT ( 'NONE',  ( 3.063796991514999846, 0.9481945661345000387, -1.649192162904000059 ) ) ;
#2153 = CARTESIAN_POINT ( 'NONE',  ( 2.236595241752819874, -2.253505085314694956, -3.264622124217288590 ) ) ;
#2154 = CARTESIAN_POINT ( 'NONE',  ( 2.768147931949000107, 0.3512518117201999801, -2.141641316112000037 ) ) ;
#2155 = PLANE ( 'NONE',  #2388 ) ;
#2156 = CARTESIAN_POINT ( 'NONE',  ( -2.778486331853999847, -0.3525636569632999984, -3.217975415943000073 ) ) ;
#2157 = CARTESIAN_POINT ( 'NONE',  ( 2.800417116365000236, 0.000000000000000000, -1.972374519016999672 ) ) ;
#2158 = ADVANCED_FACE ( 'NONE', ( #4604 ), #3333, .F. ) ;
#2159 = CARTESIAN_POINT ( 'NONE',  ( 1.769733998381000095, 2.328866382518000044, -3.925045395858000497 ) ) ;
#2160 = PRODUCT_DEFINITION_SHAPE ( 'NONE', 'NONE',  #5066 ) ;
#2161 = EDGE_CURVE ( 'NONE', #619, #444, #4045, .T. ) ;
#2162 = CARTESIAN_POINT ( 'NONE',  ( 1.083914082544999991, 2.582521575934999980, -2.735604565554004886 ) ) ;
#2163 = DIRECTION ( 'NONE',  ( 0.000000000000000000, 0.000000000000000000, 1.000000000000000000 ) ) ;
#2164 = CARTESIAN_POINT ( 'NONE',  ( 3.101183627011038446, 0.6885361455620852000, -3.856937305404871008 ) ) ;
#2165 = CARTESIAN_POINT ( 'NONE',  ( -1.400208558182000296, -2.425232363965000193, -1.568800764956000293 ) ) ;
#2166 = CARTESIAN_POINT ( 'NONE',  ( -2.676365890446999796, 0.8282910393011000405, -3.786851088060000148 ) ) ;
#2167 = CARTESIAN_POINT ( 'NONE',  ( 2.670000000000000373, 0.3495021827118645619, -0.000000000000000000 ) ) ;
#2168 = ORIENTED_EDGE ( 'NONE', *, *, #2234, .F. ) ;
#2169 = CARTESIAN_POINT ( 'NONE',  ( -1.677858506963697538, -2.697441984896248091, -2.707816304667512330 ) ) ;
#2170 = CARTESIAN_POINT ( 'NONE',  ( 0.2632627317498163477, -2.868233217719279526, -4.486021227769238173 ) ) ;
#2171 = CARTESIAN_POINT ( 'NONE',  ( -0.1968737890391736578, -0.3485256161429343136, -2.800000000000000266 ) ) ;
#2172 = FACE_BOUND ( 'NONE', #5636, .T. ) ;
#2173 = VERTEX_POINT ( 'NONE', #3308 ) ;
#2174 = CARTESIAN_POINT ( 'NONE',  ( -2.934656025390999901, 0.9082275700565000109, -2.695167439996999814 ) ) ;
#2175 = CARTESIAN_POINT ( 'NONE',  ( -2.351383441165280974, 3.167949717649265029, -8.199999999999999289 ) ) ;
#2176 = CARTESIAN_POINT ( 'NONE',  ( -2.678019338777569480, -0.7934656189480667754, -1.071080214109877415 ) ) ;
#2177 = CARTESIAN_POINT ( 'NONE',  ( 2.674621489245000205, -1.544193436795999963, -4.010780826349000350 ) ) ;
#2178 = CARTESIAN_POINT ( 'NONE',  ( 3.500000000000000000, -3.600000000000000533, -15.19999999999999929 ) ) ;
#2179 = CARTESIAN_POINT ( 'NONE',  ( 2.063187188137999950, -1.910770905142000098, -2.190978354569999897 ) ) ;
#2180 = CARTESIAN_POINT ( 'NONE',  ( 1.390554338342999889E-14, -3.224268404651000175, -2.563718597007000444 ) ) ;
#2181 = CARTESIAN_POINT ( 'NONE',  ( -3.175000000013266543, -0.07956551683778609330, -1.408504059494858796 ) ) ;
#2182 = CARTESIAN_POINT ( 'NONE',  ( 0.6208637663186999944, -2.731954743643000061, -2.304938183697999854 ) ) ;
#2183 = CARTESIAN_POINT ( 'NONE',  ( 2.352582858676001809, 0.8460813610436382914, -1.800000000000000044 ) ) ;
#2184 = CARTESIAN_POINT ( 'NONE',  ( -2.063187188137999950, 1.910770905142000098, -3.316108304212000313 ) ) ;
#2185 = CARTESIAN_POINT ( 'NONE',  ( 2.778486331853999847, 0.3525636569632999984, -1.253696678127000030 ) ) ;
#2186 = CARTESIAN_POINT ( 'NONE',  ( -1.462313979973999922, -2.532802109932999812, -3.559145332746000090 ) ) ;
#2187 = CARTESIAN_POINT ( 'NONE',  ( -0.6231825505962000911, 2.742157970261000166, -2.663716247954005301 ) ) ;
#2188 = DIRECTION ( 'NONE',  ( -0.000000000000000000, -0.000000000000000000, -1.000000000000000000 ) ) ;
#2189 = CARTESIAN_POINT ( 'NONE',  ( 1.298904488985818340, 2.897352418743476488, -3.752090654227850486 ) ) ;
#2190 = CARTESIAN_POINT ( 'NONE',  ( -2.091945642809000194, 1.852623100710999893, -4.657709996968000254 ) ) ;
#2191 = CARTESIAN_POINT ( 'NONE',  ( 2.055504026985000010, 1.903655331299000109, -4.022036273244999904 ) ) ;
#2192 = CARTESIAN_POINT ( 'NONE',  ( -0.3495021827118642288, 2.670000000000000373, 0.000000000000000000 ) ) ;
#2193 = ORIENTED_EDGE ( 'NONE', *, *, #4925, .F. ) ;
#2194 = CARTESIAN_POINT ( 'NONE',  ( -0.07400796643069444680, -3.174257173534960952, -2.648570832698584621 ) ) ;
#2195 = CARTESIAN_POINT ( 'NONE',  ( -0.9836520623656000994, 2.603034678596999996, -1.066856148684000249 ) ) ;
#2196 = CARTESIAN_POINT ( 'NONE',  ( 2.396189984758507308, 2.085594158527620756, -2.388249000117212084 ) ) ;
#2197 = CARTESIAN_POINT ( 'NONE',  ( 1.088018564133000193E-14, -2.827072777928000047, -3.571874999035813403 ) ) ;
#2198 = B_SPLINE_CURVE_WITH_KNOTS ( 'NONE', 3,
 ( #905, #2175, #5264, #40 ),
 .UNSPECIFIED., .F., .F.,
 ( 4, 4 ),
 ( 0.000000000000000000, 0.003539552265984079009 ),
 .UNSPECIFIED. ) ;
#2199 = EDGE_LOOP ( 'NONE', ( #5054, #5379 ) ) ;
#2200 = CARTESIAN_POINT ( 'NONE',  ( 2.934656025390999901, -0.9082275700565000109, -2.342389662220000002 ) ) ;
#2201 = CARTESIAN_POINT ( 'NONE',  ( 3.148428106851341557, 0.4532263272729235570, -1.748817465266235383 ) ) ;
#2202 = CARTESIAN_POINT ( 'NONE',  ( -1.294612669420956763, -2.903075580183048121, -1.287139399456189714 ) ) ;
#2203 = VECTOR ( 'NONE', #4153, 1000.000000000000000 ) ;
#2204 = CARTESIAN_POINT ( 'NONE',  ( -2.438696575989999893, 1.845036546175000014, -4.378133133223999884 ) ) ;
#2205 = DIRECTION ( 'NONE',  ( 1.000000000000000000, 0.000000000000000000, 0.000000000000000000 ) ) ;
#2206 = CONICAL_SURFACE ( 'NONE', #467, 4.958445938446675250, 1.221730476376569730 ) ;
#2207 = CARTESIAN_POINT ( 'NONE',  ( -2.686369738734000201, -0.8313870651189000371, -2.426163539755000098 ) ) ;
#2208 = CARTESIAN_POINT ( 'NONE',  ( 0.6807850240499999650, -2.995623157207000453, -2.691048001192999806 ) ) ;
#2209 = LINE ( 'NONE', #2978, #5424 ) ;
#2210 = CARTESIAN_POINT ( 'NONE',  ( 1.236200906108000153, -2.945358459331000045, -3.223600141601000058 ) ) ;
#2211 = CARTESIAN_POINT ( 'NONE',  ( 2.333009656905868479, -1.344662677590303002, -0.000000000000000000 ) ) ;
#2212 = CARTESIAN_POINT ( 'NONE',  ( 0.000000000000000000, 2.816553593939000066, -2.683930268114000040 ) ) ;
#2213 = CARTESIAN_POINT ( 'NONE',  ( 2.338869636227257409, 0.8832234145495247990, -1.800000000000000488 ) ) ;
#2214 = CARTESIAN_POINT ( 'NONE',  ( 1.934359427193172554, -2.526318514678731031, -3.896329220633708346 ) ) ;
#2215 = CARTESIAN_POINT ( 'NONE',  ( -2.063187188137999950, -1.910770905142000098, -2.440531542787999886 ) ) ;
#2216 = CARTESIAN_POINT ( 'NONE',  ( 1.083914082544999991, -2.582521575934999980, -2.103089396945000189 ) ) ;
#2217 = CARTESIAN_POINT ( 'NONE',  ( -0.6508234437558000351, -2.863784763902999853, -3.526563343087000035 ) ) ;
#2218 = B_SPLINE_CURVE_WITH_KNOTS ( 'NONE', 3,
 ( #51, #1376, #574, #4892 ),
 .UNSPECIFIED., .F., .F.,
 ( 4, 4 ),
 ( 0.000000000000000000, 0.003539552269972478897 ),
 .UNSPECIFIED. ) ;
#2219 = CARTESIAN_POINT ( 'NONE',  ( -1.083914082544999991, 2.582521575934999980, -3.349812099186005199 ) ) ;
#2220 = CARTESIAN_POINT ( 'NONE',  ( -0.4000000000000000222, -1.959434878635765107E-17, -2.799999999999999822 ) ) ;
#2221 = CARTESIAN_POINT ( 'NONE',  ( 2.342626895116552532, 2.143745200810940332, -3.796466235417795598 ) ) ;
#2222 = CARTESIAN_POINT ( 'NONE',  ( -2.686369738734000201, -0.8313870651189000371, -2.359366923446000186 ) ) ;
#2223 = CARTESIAN_POINT ( 'NONE',  ( -2.084264808084000276, 1.845596414342000058, -4.542115469126000171 ) ) ;
#2224 = CARTESIAN_POINT ( 'NONE',  ( 0.6988668512392781640, 2.600507046704402914, 0.000000000000000000 ) ) ;
#2225 = CARTESIAN_POINT ( 'NONE',  ( -2.251269612599186676, -2.238846540776743499, -2.733306600955780929 ) ) ;
#2226 = CARTESIAN_POINT ( 'NONE',  ( -0.5000279172641001191, 2.748411195056000178, -1.087323363224999895 ) ) ;
#2227 = CARTESIAN_POINT ( 'NONE',  ( 1.227386637722519769, 2.928166246460303768, -2.338484777200061870 ) ) ;
#2228 = CARTESIAN_POINT ( 'NONE',  ( 2.448316844033000095, 1.413536388964000023, -4.042245369406813893 ) ) ;
#2229 = AXIS2_PLACEMENT_3D ( 'NONE', #5678, #396, #271 ) ;
#2230 = ORIENTED_EDGE ( 'NONE', *, *, #5622, .F. ) ;
#2231 = CARTESIAN_POINT ( 'NONE',  ( -1.184094262037999945, -2.821209751675000543, -2.531870572412000087 ) ) ;
#2232 = CARTESIAN_POINT ( 'NONE',  ( 3.500000000000000000, -7.400000000000000355, -15.19999999999999929 ) ) ;
#2233 = CARTESIAN_POINT ( 'NONE',  ( -2.049999999999999822, -6.099999999999999645, -7.599999999999999645 ) ) ;
#2234 = EDGE_CURVE ( 'NONE', #2260, #675, #3689, .T. ) ;
#2235 = CARTESIAN_POINT ( 'NONE',  ( 1.090794121693999995E-14, -3.224307829582000018, -1.934175579211999896 ) ) ;
#2236 = LINE ( 'NONE', #1831, #4897 ) ;
#2237 = CARTESIAN_POINT ( 'NONE',  ( -2.800417116365000236, 0.000000000000000000, -2.458745529413000064 ) ) ;
#2238 = CARTESIAN_POINT ( 'NONE',  ( -0.6807850240499999650, -2.995623157207000453, -2.743476614468999930 ) ) ;
#2239 = CARTESIAN_POINT ( 'NONE',  ( -2.792298347047000640, 1.612134202325000265, -2.798903782192000200 ) ) ;
#2240 = CARTESIAN_POINT ( 'NONE',  ( 2.049999999999999822, -7.400000000000000355, -8.199999999999999289 ) ) ;
#2241 = CARTESIAN_POINT ( 'NONE',  ( -2.676374093144000543, -0.8282935779004000354, -3.180514945121999837 ) ) ;
#2242 = CARTESIAN_POINT ( 'NONE',  ( 0.2091807747355939051, -3.174943016299069942, -2.549898622440371909 ) ) ;
#2243 = CARTESIAN_POINT ( 'NONE',  ( -1.692413540575734121, 2.227132636086484485, -1.071090552473840107 ) ) ;
#2244 = CARTESIAN_POINT ( 'NONE',  ( -2.448316844033000095, -1.413536388964000023, -3.877856960537000131 ) ) ;
#2245 = B_SPLINE_CURVE_WITH_KNOTS ( 'NONE', 3,
 ( #133, #1486, #2751, #4619, #1540, #683, #3729, #1026, #601, #1056, #2856, #1914, #1517, #629, #1569, #4513, #4943, #571, #1111, #2321, #4540, #4085, #2806, #2347, #3674, #2403, #1994, #2374, #2430, #216 ),
 .UNSPECIFIED., .F., .F.,
 ( 4, 2, 2, 2, 2, 2, 2, 2, 2, 2, 2, 2, 2, 2, 4 ),
 ( -0.02986764575221330723, -0.02924540059150039159, -0.02862315543078747596, -0.02737866510936164816, -0.02675641994864873252, -0.02613417478793581689, -0.02551192962722290125, -0.02488968446650998562, -0.02426743930579706998, -0.02364519414508415088, -0.02302294898437123524, -0.02240070382365831961, -0.02177845866294540397, -0.02115621350223248834, -0.01991172318080665707 ),
 .UNSPECIFIED. ) ;
#2246 = CARTESIAN_POINT ( 'NONE',  ( -1.083914082544999991, 2.582521575934999980, -2.455867174722000001 ) ) ;
#2247 = CARTESIAN_POINT ( 'NONE',  ( 2.924627959947999845, 0.000000000000000000, -4.029515703116000047 ) ) ;
#2248 = CARTESIAN_POINT ( 'NONE',  ( 0.6508218154640000863, -2.863777599015000064, -3.088015774811000647 ) ) ;
#2249 = CARTESIAN_POINT ( 'NONE',  ( -2.063187188137999950, -1.910770905142000098, -3.839642173880006393 ) ) ;
#2250 = CARTESIAN_POINT ( 'NONE',  ( 0.07362553969084245642, 3.174266084048270375, -3.706890072983000994 ) ) ;
#2251 = CARTESIAN_POINT ( 'NONE',  ( 1.083914082544999991, -2.582521575934999980, -2.875441568808999815 ) ) ;
#2252 = CARTESIAN_POINT ( 'NONE',  ( -2.676365890446999796, -0.8282910393011000405, -3.721687108743000127 ) ) ;
#2253 = CARTESIAN_POINT ( 'NONE',  ( -0.01090284175399285072, -3.174985705606570896, -2.646236766320687384 ) ) ;
#2254 = CARTESIAN_POINT ( 'NONE',  ( 1.236403834846673044, 2.924381000006447628, -3.044352837759266794 ) ) ;
#2255 = CARTESIAN_POINT ( 'NONE',  ( 0.2047485749918909748, 3.168625163939382983, -2.300625147946646631 ) ) ;
#2256 = CARTESIAN_POINT ( 'NONE',  ( 1.400208558182000296, 2.425232363965000193, -3.983449073109823768 ) ) ;
#2257 = ORIENTED_EDGE ( 'NONE', *, *, #1917, .T. ) ;
#2258 = CARTESIAN_POINT ( 'NONE',  ( -1.529622085458000047, -2.649383168392999810, -2.544992857746000148 ) ) ;
#2259 = DIRECTION ( 'NONE',  ( 0.000000000000000000, 0.000000000000000000, -1.000000000000000000 ) ) ;
#2260 = VERTEX_POINT ( 'NONE', #671 ) ;
#2261 = CARTESIAN_POINT ( 'NONE',  ( -3.500000000000000000, -4.799999999999999822, -15.19999999999999929 ) ) ;
#2262 = CARTESIAN_POINT ( 'NONE',  ( -1.236216021826999967, -2.945394473874999974, -1.979849590174000085 ) ) ;
#2263 = CARTESIAN_POINT ( 'NONE',  ( 2.246901975698831322, 2.243225133510157399, -3.085859500090826213 ) ) ;
#2264 = CARTESIAN_POINT ( 'NONE',  ( -3.174999999999999822, 1.671046834351490101E-11, -4.145138886962458358 ) ) ;
#2265 = CARTESIAN_POINT ( 'NONE',  ( 2.686369738734000201, -0.8313870651189000371, -2.844105296850000464 ) ) ;
#2266 = CARTESIAN_POINT ( 'NONE',  ( 2.934678266330999818, -0.9082344532599000431, -3.279010964155999908 ) ) ;
#2267 = CARTESIAN_POINT ( 'NONE',  ( 1.596933849498999969, -2.765970563658000092, -2.504922300711000194 ) ) ;
#2268 = CARTESIAN_POINT ( 'NONE',  ( -2.669999999999999929, 1.961884172234059931E-16, 0.000000000000000000 ) ) ;
#2269 = CARTESIAN_POINT ( 'NONE',  ( 2.768147931949000107, 0.3512518117201999801, -2.847196871667999840 ) ) ;
#2270 = CARTESIAN_POINT ( 'NONE',  ( 0.000000000000000000, 0.000000000000000000, -8.199999999999999289 ) ) ;
#2271 = CARTESIAN_POINT ( 'NONE',  ( -3.102467379228495137, -0.6827217670653052961, -2.093274231985597922 ) ) ;
#2272 = CARTESIAN_POINT ( 'NONE',  ( 1.083914082544999991, 2.582521575934999980, -4.158716156684000076 ) ) ;
#2273 = CARTESIAN_POINT ( 'NONE',  ( -2.448316844033000095, -1.413536388964000023, -2.266356000498999990 ) ) ;
#2274 = EDGE_CURVE ( 'NONE', #2971, #987, #5455, .T. ) ;
#2275 = CARTESIAN_POINT ( 'NONE',  ( -0.6807850240499999650, 2.995623157207000453, -1.632714667859999969 ) ) ;
#2276 = CARTESIAN_POINT ( 'NONE',  ( 2.805515059268000044, 0.8682605739783999521, -3.610814758456999840 ) ) ;
#2277 = CARTESIAN_POINT ( 'NONE',  ( 0.000000000000000000, -2.827072777928000047, -4.453819443481007667 ) ) ;
#2278 = CARTESIAN_POINT ( 'NONE',  ( -1.406980465778345124, 2.853805088486965236, -3.652043980620281349 ) ) ;
#2279 = CARTESIAN_POINT ( 'NONE',  ( -2.800417116365000236, 1.273980920756999994E-14, -3.097504468660000398 ) ) ;
#2280 = CARTESIAN_POINT ( 'NONE',  ( 0.000000000000000000, -2.952465917602000278, -2.089237925337999791 ) ) ;
#2281 = CARTESIAN_POINT ( 'NONE',  ( 2.049999999999999822, -6.099999999999999645, -15.19999999999999929 ) ) ;
#2282 = EDGE_CURVE ( 'NONE', #3405, #4191, #195, .T. ) ;
#2283 = CARTESIAN_POINT ( 'NONE',  ( 1.015553771983842113, 3.015376627340085491, -3.036315682092090462 ) ) ;
#2284 = CARTESIAN_POINT ( 'NONE',  ( 2.246881264590274707, 2.243245878881247268, -2.380302897137325679 ) ) ;
#2285 = CARTESIAN_POINT ( 'NONE',  ( -2.201731128504456958, 1.718550849030924255, -4.528915488133866241 ) ) ;
#2286 = ORIENTED_EDGE ( 'NONE', *, *, #3724, .F. ) ;
#2287 = CARTESIAN_POINT ( 'NONE',  ( -1.766427149420999987, -2.492291859814999899, -4.671322809770000362 ) ) ;
#2288 = CARTESIAN_POINT ( 'NONE',  ( 3.500000000000000000, -6.099999999999999645, -8.199999999999999289 ) ) ;
#2289 = ORIENTED_EDGE ( 'NONE', *, *, #5227, .F. ) ;
#2290 = CARTESIAN_POINT ( 'NONE',  ( 2.317157034016746664, -0.9386997080410655059, -1.800000000000000266 ) ) ;
#2291 = CARTESIAN_POINT ( 'NONE',  ( 0.7107466043442001169, 3.127461550510000077, -1.607612108072000057 ) ) ;
#2292 = CARTESIAN_POINT ( 'NONE',  ( 3.175000046215743943, -0.2096520687457064658, -3.093670148827497357 ) ) ;
#2293 = CARTESIAN_POINT ( 'NONE',  ( -1.083914082544999991, 2.582521575934999980, -2.589460407340999915 ) ) ;
#2294 = CARTESIAN_POINT ( 'NONE',  ( -2.411959520998000176E-14, -3.088386873591999926, -2.717262307831000090 ) ) ;
#2295 = AXIS2_PLACEMENT_3D ( 'NONE', #1611, #3360, #3392 ) ;
#2296 = CARTESIAN_POINT ( 'NONE',  ( 3.063796991514999846, -0.9481945661345000387, -3.125467253331999817 ) ) ;
#2297 = DIRECTION ( 'NONE',  ( 0.000000000000000000, -0.000000000000000000, -1.000000000000000000 ) ) ;
#2298 = CARTESIAN_POINT ( 'NONE',  ( 1.534883331543999976E-14, 2.816553593939000066, -3.389485823669000641 ) ) ;
#2299 = CARTESIAN_POINT ( 'NONE',  ( -1.021098734105742034, -3.013593601431117541, -2.595522240236901812 ) ) ;
#2300 = CARTESIAN_POINT ( 'NONE',  ( -2.063187188137999950, -1.910770905142000098, -4.557198209454999649 ) ) ;
#2301 = CIRCLE ( 'NONE', #5520, 0.6399999999999999023 ) ;
#2302 = CARTESIAN_POINT ( 'NONE',  ( -2.063187188137999950, 1.910770905142000098, -2.410162899728999886 ) ) ;
#2303 = CARTESIAN_POINT ( 'NONE',  ( 0.6807850240499999650, 2.995623157207000453, -1.685143281135000004 ) ) ;
#2304 = CARTESIAN_POINT ( 'NONE',  ( -0.6508218154640000863, 2.863777599015000064, -2.735237997032999857 ) ) ;
#2305 = CARTESIAN_POINT ( 'NONE',  ( 1.083914082544999991, 2.582521575934999980, -4.146715676665005290 ) ) ;
#2306 = CARTESIAN_POINT ( 'NONE',  ( -2.228843157657357299, 2.261184857550079474, -3.617757812288723507 ) ) ;
#2307 = CARTESIAN_POINT ( 'NONE',  ( -2.031708135063999866E-14, 2.827072777928000047, -3.273893357548999905 ) ) ;
#2308 = CARTESIAN_POINT ( 'NONE',  ( -0.6508234437558000351, -2.863784763902999853, -2.115452231976000075 ) ) ;
#2309 = DIRECTION ( 'NONE',  ( 0.000000000000000000, 0.000000000000000000, 1.000000000000000000 ) ) ;
#2310 = CARTESIAN_POINT ( 'NONE',  ( -0.8310348946093374378, 3.092360380043650991, -2.968278513650989492 ) ) ;
#2311 = CARTESIAN_POINT ( 'NONE',  ( 2.257079220293971566, 2.232996019802900189, -2.380830129295105735 ) ) ;
#2312 = CARTESIAN_POINT ( 'NONE',  ( 1.083914082544999991, 2.582521575934999980, -3.970326787775813049 ) ) ;
#2313 = ORIENTED_EDGE ( 'NONE', *, *, #4252, .F. ) ;
#2314 = CARTESIAN_POINT ( 'NONE',  ( -2.127464291937999796, -2.187255986784999884, -4.688447664775999613 ) ) ;
#2315 = CARTESIAN_POINT ( 'NONE',  ( -0.8725776825387595581, 3.052828284360977307, -1.555182290764218767 ) ) ;
#2316 = CARTESIAN_POINT ( 'NONE',  ( 1.746364877700398832, -2.536009246704993725, -1.229607440517152428 ) ) ;
#2317 = CARTESIAN_POINT ( 'NONE',  ( -2.792332490039000081, 1.612153914791000009, -2.169360764397000096 ) ) ;
#2318 = CARTESIAN_POINT ( 'NONE',  ( 3.073430199326322665, -0.8232325094032606483, -3.115081236575193646 ) ) ;
#2319 = CARTESIAN_POINT ( 'NONE',  ( 3.059267356074999888, 0.000000000000000000, -2.540873418942000583 ) ) ;
#2320 = CARTESIAN_POINT ( 'NONE',  ( -1.844159635507000017, -2.601966375619999994, -4.748844845326999575 ) ) ;
#2321 = CARTESIAN_POINT ( 'NONE',  ( 1.407681273265790844, 2.853563115821394991, -2.962496156333386477 ) ) ;
#2322 = CARTESIAN_POINT ( 'NONE',  ( 1.688266958050000044, -2.221660524640999945, -2.964789464259999896 ) ) ;
#2323 = CARTESIAN_POINT ( 'NONE',  ( -1.317523007779364930, 2.481312776561606537, -1.071091907929576648 ) ) ;
#2324 = CARTESIAN_POINT ( 'NONE',  ( -1.400208558182000296, 2.425232363965000193, -4.054245849425999637 ) ) ;
#2325 = CARTESIAN_POINT ( 'NONE',  ( -1.694572249308000211, 2.229957918970999931, -2.429622604052999790 ) ) ;
#2326 = CARTESIAN_POINT ( 'NONE',  ( 0.000000000000000000, -3.088386873591999926, -1.306151196719999907 ) ) ;
#2327 = DIRECTION ( 'NONE',  ( 0.000000000000000000, -0.000000000000000000, -1.000000000000000000 ) ) ;
#2328 = CARTESIAN_POINT ( 'NONE',  ( -2.805515059268000044, -0.8682605739783999521, -2.552481425123000136 ) ) ;
#2329 = CARTESIAN_POINT ( 'NONE',  ( 2.686369738734000201, 0.8313870651189000371, -4.244848564934005530 ) ) ;
#2330 = CARTESIAN_POINT ( 'NONE',  ( -2.913206128631007363, 1.262546554392337761, -3.573082796197303512 ) ) ;
#2331 = CARTESIAN_POINT ( 'NONE',  ( -1.083914082544999991, -2.582521575934999980, -2.966789590732000104 ) ) ;
#2332 = CARTESIAN_POINT ( 'NONE',  ( -1.462313979973999922, -2.532802109932999812, -2.148034221634000485 ) ) ;
#2333 = CARTESIAN_POINT ( 'NONE',  ( 2.824527320304748734, -1.450989462971515875, -2.522491603857845988 ) ) ;
#2334 = CARTESIAN_POINT ( 'NONE',  ( 2.097821247532361877, 2.392254551223244263, -3.078329401168469204 ) ) ;
#2335 = CARTESIAN_POINT ( 'NONE',  ( -2.697784826378688550, 1.677313944768454412, -2.179289355916263382 ) ) ;
#2336 = CARTESIAN_POINT ( 'NONE',  ( -2.686369738734000201, -0.8313870651189000371, -3.010126342710813585 ) ) ;
#2337 = ORIENTED_EDGE ( 'NONE', *, *, #4252, .T. ) ;
#2338 = CARTESIAN_POINT ( 'NONE',  ( -2.674601219188000201, 1.544181733873000173, -4.132492857745999615 ) ) ;
#2339 = CARTESIAN_POINT ( 'NONE',  ( -3.021513318211374699, 0.9793118183168871838, -1.445372770371013971 ) ) ;
#2340 = VERTEX_POINT ( 'NONE', #2418 ) ;
#2341 = CARTESIAN_POINT ( 'NONE',  ( 2.952878535800263382, -0.5362267611475124429, -1.184468999031397241 ) ) ;
#2342 = CARTESIAN_POINT ( 'NONE',  ( 3.168894449455999851, 0.4021027574698000651, -3.155775516099999844 ) ) ;
#2343 = CARTESIAN_POINT ( 'NONE',  ( -1.407681635421004884, -2.853562935445548288, -1.904162836114039470 ) ) ;
#2344 = CARTESIAN_POINT ( 'NONE',  ( -2.439199487657000454, 1.408272480806000093, -3.107509839142000185 ) ) ;
#2345 = VERTEX_POINT ( 'NONE', #3359 ) ;
#2346 = CARTESIAN_POINT ( 'NONE',  ( 1.681987882307000140E-14, 3.224268404651000175, -3.622051930340000059 ) ) ;
#2347 = CARTESIAN_POINT ( 'NONE',  ( 2.391306806292355258, 2.098908991139352587, -3.005011795646025607 ) ) ;
#2348 = CARTESIAN_POINT ( 'NONE',  ( -1.877215928375000065, -2.056043446529999930, -4.529822337922000841 ) ) ;
#2349 = CARTESIAN_POINT ( 'NONE',  ( -2.753529857670346637, -1.594298910873860109, -2.675071545207951651 ) ) ;
#2350 = PRESENTATION_STYLE_ASSIGNMENT (( #2672 ) ) ;
#2351 = CARTESIAN_POINT ( 'NONE',  ( 2.686369738734000201, -0.8313870651189000371, -3.616457468714000534 ) ) ;
#2352 = CARTESIAN_POINT ( 'NONE',  ( 2.934678266330999818, -0.9082344532599000431, -1.867899853044999947 ) ) ;
#2353 = ORIENTED_EDGE ( 'NONE', *, *, #3846, .F. ) ;
#2354 = CARTESIAN_POINT ( 'NONE',  ( -2.439206963470999856, 1.408276796968999989, -1.155226564409999934 ) ) ;
#2355 = CARTESIAN_POINT ( 'NONE',  ( -1.083914082544999991, -2.582521575934999980, -4.499493454443005191 ) ) ;
#2356 = CARTESIAN_POINT ( 'NONE',  ( -2.571216917928565771, 1.862784043617146112, -3.598628270593351886 ) ) ;
#2357 = CARTESIAN_POINT ( 'NONE',  ( 2.686369738734000201, 0.8313870651189000371, -4.123255812334999604 ) ) ;
#2358 = CARTESIAN_POINT ( 'NONE',  ( 2.556910488450999885, -1.476232958801000139, -1.266089777190000154 ) ) ;
#2359 = CARTESIAN_POINT ( 'NONE',  ( 2.632768369132996167, -1.774588855874386528, -2.536354451141221045 ) ) ;
#2360 = CARTESIAN_POINT ( 'NONE',  ( -2.392350415413329490, 2.088058074929763475, -2.903606727650986041 ) ) ;
#2361 = CARTESIAN_POINT ( 'NONE',  ( 3.175000003661374581, 0.4193073993405978528, -3.778631812783344479 ) ) ;
#2362 = CARTESIAN_POINT ( 'NONE',  ( 1.083914082544999991, 2.582521575934999980, -2.559215676664813088 ) ) ;
#2363 = ORIENTED_EDGE ( 'NONE', *, *, #3847, .T. ) ;
#2364 = CARTESIAN_POINT ( 'NONE',  ( 3.035286445374000053, 0.3851491644366000222, -3.707796498337000202 ) ) ;
#2365 = CARTESIAN_POINT ( 'NONE',  ( -1.590533263483141280, 2.748454042933201169, -1.528601825442742923 ) ) ;
#2366 = ORIENTED_EDGE ( 'NONE', *, *, #1673, .F. ) ;
#2367 = CARTESIAN_POINT ( 'NONE',  ( 2.669335691523698095, -1.419529523566502416, -1.202306100896011420 ) ) ;
#2368 = ADVANCED_FACE ( 'NONE', ( #4686 ), #4181, .T. ) ;
#2369 = CARTESIAN_POINT ( 'NONE',  ( -3.063834454273000052, 0.9482061602394000754, -3.554257568871000306 ) ) ;
#2370 = DIRECTION ( 'NONE',  ( 0.000000000000000000, 1.000000000000000000, 0.000000000000000000 ) ) ;
#2371 = CARTESIAN_POINT ( 'NONE',  ( -1.079877664222000044, 2.572904450759999850, -2.473872865216999894 ) ) ;
#2372 = ORIENTED_EDGE ( 'NONE', *, *, #1947, .T. ) ;
#2373 = CARTESIAN_POINT ( 'NONE',  ( -2.112199304348999966E-14, 3.224268404651000175, -4.327607485896000306 ) ) ;
#2374 = CARTESIAN_POINT ( 'NONE',  ( 3.091040075278255639, 0.8350285586091860113, -3.058548334706917782 ) ) ;
#2375 = CARTESIAN_POINT ( 'NONE',  ( -2.097703725005277242, 2.392275714142484855, -2.125142291236968628 ) ) ;
#2376 = CARTESIAN_POINT ( 'NONE',  ( -2.855516079934525830, -1.402923875317948488, -2.065672145829716477 ) ) ;
#2377 = CARTESIAN_POINT ( 'NONE',  ( -2.778486331853999847, -0.3525636569632999984, -1.740067688522999978 ) ) ;
#2378 = AXIS2_PLACEMENT_3D ( 'NONE', #5123, #3744, #4261 ) ;
#2379 = CARTESIAN_POINT ( 'NONE',  ( -1.529633678037999989, 2.649403247329999989, -2.305688233756999939 ) ) ;
#2380 = CARTESIAN_POINT ( 'NONE',  ( 1.131987617969000048, -2.697061044018000064, -4.479667181597999814 ) ) ;
#2381 = VECTOR ( 'NONE', #5143, 1000.000000000000000 ) ;
#2382 = CARTESIAN_POINT ( 'NONE',  ( 0.000000000000000000, 2.827072777928000047, -1.290819923499999966 ) ) ;
#2383 = CARTESIAN_POINT ( 'NONE',  ( 1.694572249308000211, 2.229957918970999931, -4.051367494734999575 ) ) ;
#2384 = CONICAL_SURFACE ( 'NONE', #2017, 3.012952202084306919, 1.047197551195584886 ) ;
#2385 = CARTESIAN_POINT ( 'NONE',  ( 1.769733998381000095, 2.328866382518000044, -1.102823173635999909 ) ) ;
#2386 = CARTESIAN_POINT ( 'NONE',  ( 2.242346858884102012, -2.247778503199488132, -3.264354988312819561 ) ) ;
#2387 = CARTESIAN_POINT ( 'NONE',  ( 3.214697847808270914E-16, 3.400000000036673242, -8.199999999975078779 ) ) ;
#2388 = AXIS2_PLACEMENT_3D ( 'NONE', #3915, #3943, #2728 ) ;
#2389 = CARTESIAN_POINT ( 'NONE',  ( -3.100000000000000533, 3.796405077356795411E-16, 2.259920353756999845 ) ) ;
#2390 = CARTESIAN_POINT ( 'NONE',  ( -1.023521878692720932, 3.012633386843015959, -3.578058188750471658 ) ) ;
#2391 = CARTESIAN_POINT ( 'NONE',  ( 0.000000000000000000, 2.827072777928000047, -2.513541665702813788 ) ) ;
#2392 = CARTESIAN_POINT ( 'NONE',  ( 2.448316844033000095, -1.413536388964000023, -3.575875159043000018 ) ) ;
#2393 = ORIENTED_EDGE ( 'NONE', *, *, #2438, .T. ) ;
#2394 = CARTESIAN_POINT ( 'NONE',  ( -1.184094262037999945, 2.821209751675000543, -4.204411439377000015 ) ) ;
#2395 = CARTESIAN_POINT ( 'NONE',  ( -0.5784057977119926308, 3.123205740680806031, -1.566089134510497693 ) ) ;
#2396 = EDGE_LOOP ( 'NONE', ( #933, #2193, #1259, #1615, #2878, #4640 ) ) ;
#2397 = CARTESIAN_POINT ( 'NONE',  ( -2.792332490039000081, -1.612153914791000009, -2.757323727360000198 ) ) ;
#2398 = LINE ( 'NONE', #5080, #3699 ) ;
#2399 = EDGE_CURVE ( 'NONE', #241, #579, #4673, .T. ) ;
#2400 = ORIENTED_EDGE ( 'NONE', *, *, #3967, .T. ) ;
#2401 = CARTESIAN_POINT ( 'NONE',  ( 2.353059077759999784, -2.179228743622999787, -4.589006977719000346 ) ) ;
#2402 = EDGE_CURVE ( 'NONE', #3060, #4934, #3772, .T. ) ;
#2403 = CARTESIAN_POINT ( 'NONE',  ( 2.753529577286927488, 1.594299389359643992, -3.027849302648982555 ) ) ;
#2404 = CARTESIAN_POINT ( 'NONE',  ( -3.154435666140984917, 0.4161977733502587595, -2.042205869853522593 ) ) ;
#2405 = CARTESIAN_POINT ( 'NONE',  ( -1.913875111728172262, -2.045014634585583746, -4.528946115162960417 ) ) ;
#2406 = CARTESIAN_POINT ( 'NONE',  ( -1.680438480226868148, -2.695837564045491686, -2.002367025914765453 ) ) ;
#2407 = CARTESIAN_POINT ( 'NONE',  ( -0.6231825505962000911, 2.742157970261000166, -1.903364556109000016 ) ) ;
#2408 = AXIS2_PLACEMENT_3D ( 'NONE', #3525, #4424, #932 ) ;
#2409 = CARTESIAN_POINT ( 'NONE',  ( -0.4000000000000000222, 0.000000000000000000, -0.3857864376269000695 ) ) ;
#2410 = CARTESIAN_POINT ( 'NONE',  ( 0.2319843495646778664, 0.3279759637102767633, -2.799999999999999822 ) ) ;
#2411 = CARTESIAN_POINT ( 'NONE',  ( 0.6508218154640000863, -2.863777599015000064, -4.499126885922001051 ) ) ;
#2412 = CARTESIAN_POINT ( 'NONE',  ( 0.000000000000000000, 2.827072777928000047, -1.996375479055999991 ) ) ;
#2413 = CARTESIAN_POINT ( 'NONE',  ( -2.686369738734000201, 0.8313870651189000371, -3.835642013874000167 ) ) ;
#2414 = CARTESIAN_POINT ( 'NONE',  ( 0.6508234437558000351, 2.863784763902999853, -3.173785565309000134 ) ) ;
#2415 = CARTESIAN_POINT ( 'NONE',  ( 2.392116977731294281, -2.088325509736366214, -3.256397414833954507 ) ) ;
#2416 = CARTESIAN_POINT ( 'NONE',  ( -1.694572249308000211, 2.229957918970999931, -1.912456417405995701 ) ) ;
#2417 = CARTESIAN_POINT ( 'NONE',  ( 2.531392197555978996, -1.916940672823259861, -2.542757267602697713 ) ) ;
#2418 = CARTESIAN_POINT ( 'NONE',  ( -3.175000000000001155, 5.628812434897550442E-16, -2.734027775850948139 ) ) ;
#2419 = CARTESIAN_POINT ( 'NONE',  ( 2.049999999999999822, -6.099999999999999645, -7.599999999999999645 ) ) ;
#2420 = CARTESIAN_POINT ( 'NONE',  ( 1.400208558182000296, -2.425232363965000193, -2.807523147183982992 ) ) ;
#2421 = CARTESIAN_POINT ( 'NONE',  ( 2.800417116365000236, 1.286470929784000031E-14, -3.517078862747000656 ) ) ;
#2422 = ORIENTED_EDGE ( 'NONE', *, *, #3724, .T. ) ;
#2423 = CARTESIAN_POINT ( 'NONE',  ( -2.924620642837000073, 0.000000000000000000, -1.879507859225999944 ) ) ;
#2424 = CARTESIAN_POINT ( 'NONE',  ( 0.2313560354569461353, 3.175117647585313563, -1.596073999613883743 ) ) ;
#2425 = ORIENTED_EDGE ( 'NONE', *, *, #1072, .F. ) ;
#2426 = CARTESIAN_POINT ( 'NONE',  ( -1.596953376101000188, 2.766004384726000076, -2.933712616249000593 ) ) ;
#2427 = CYLINDRICAL_SURFACE ( 'NONE', #5648, 2.669999999999999929 ) ;
#2428 = ORIENTED_EDGE ( 'NONE', *, *, #2438, .F. ) ;
#2429 = CARTESIAN_POINT ( 'NONE',  ( 1.596933849498999969, 2.765970563658000092, -3.680848226636999954 ) ) ;
#2430 = CARTESIAN_POINT ( 'NONE',  ( 3.174999907567892521, 0.4193080076208544615, -3.073076236512488180 ) ) ;
#2431 = CARTESIAN_POINT ( 'NONE',  ( -0.6208637663186999944, -2.731954743643000061, -3.768477908084999939 ) ) ;
#2432 = FACE_OUTER_BOUND ( 'NONE', #356, .T. ) ;
#2433 = CARTESIAN_POINT ( 'NONE',  ( -2.248454994959238284, -2.241668523576231475, -2.027603410797145678 ) ) ;
#2434 = CARTESIAN_POINT ( 'NONE',  ( -2.778486331853999847, -0.3525636569632000228, -4.629086527053999589 ) ) ;
#2435 = CARTESIAN_POINT ( 'NONE',  ( -0.2439865121982043583, 0.3215944374217097335, -2.800000000000000266 ) ) ;
#2436 = CARTESIAN_POINT ( 'NONE',  ( -2.924620642837000073, 0.000000000000000000, -3.996174525893000151 ) ) ;
#2437 = CARTESIAN_POINT ( 'NONE',  ( 0.000000000000000000, -2.827072777928000047, -1.643597701278000089 ) ) ;
#2438 = EDGE_CURVE ( 'NONE', #4659, #4241, #378, .T. ) ;
#2439 = CARTESIAN_POINT ( 'NONE',  ( -1.694572249308000211, -2.229957918970999931, -4.404145272513001252 ) ) ;
#2440 = CARTESIAN_POINT ( 'NONE',  ( 1.769733998381000095, -2.328866382518000044, -3.428430454817999795 ) ) ;
#2441 = CARTESIAN_POINT ( 'NONE',  ( 1.400208558182000296, -2.425232363965000193, -2.278356480518004989 ) ) ;
#2442 = CARTESIAN_POINT ( 'NONE',  ( -3.174999999999999822, 1.671046834351490101E-11, -4.145138886962458358 ) ) ;
#2443 = DIRECTION ( 'NONE',  ( 0.000000000000000000, 1.000000000000000000, 0.000000000000000000 ) ) ;
#2444 = CARTESIAN_POINT ( 'NONE',  ( -2.392410437960997172, 2.087989319581108116, -2.198047852956973358 ) ) ;
#2445 = CARTESIAN_POINT ( 'NONE',  ( -2.448316844033000095, -1.413536388964000023, -2.983912036072824403 ) ) ;
#2446 = CARTESIAN_POINT ( 'NONE',  ( 1.083914082544999991, -2.582521575934999980, -3.647793740673999974 ) ) ;
#2447 = ORIENTED_EDGE ( 'NONE', *, *, #4201, .T. ) ;
#2448 = CARTESIAN_POINT ( 'NONE',  ( 1.769729570691999987, 2.328860555939999966, -2.127815329745999851 ) ) ;
#2449 = CARTESIAN_POINT ( 'NONE',  ( -2.287127864936376209, -2.202362447011270152, -3.440732492272179144 ) ) ;
#2450 = VERTEX_POINT ( 'NONE', #5191 ) ;
#2451 = EDGE_CURVE ( 'NONE', #675, #4367, #457, .T. ) ;
#2452 = CARTESIAN_POINT ( 'NONE',  ( -2.792332490039000081, -1.612153914791000009, -3.462879282916000001 ) ) ;
#2453 = CARTESIAN_POINT ( 'NONE',  ( 1.023520746522513569, -3.012633768438768733, -1.814169341951337833 ) ) ;
#2454 = ORIENTED_EDGE ( 'NONE', *, *, #4925, .T. ) ;
#2455 = CARTESIAN_POINT ( 'NONE',  ( 2.253876160782000149, 2.087372884330000122, -1.519241514071000054 ) ) ;
#2456 = PLANE ( 'NONE',  #739 ) ;
#2457 = FACE_OUTER_BOUND ( 'NONE', #3003, .T. ) ;
#2458 = CARTESIAN_POINT ( 'NONE',  ( 1.848826744781081333, -2.583266731127992433, -1.870491229283740342 ) ) ;
#2459 = CARTESIAN_POINT ( 'NONE',  ( -2.592804295980999818, -1.038334557450000029, -1.005549500220999981 ) ) ;
#2460 = DIRECTION ( 'NONE',  ( 0.000000000000000000, 0.000000000000000000, -1.000000000000000000 ) ) ;
#2461 = CARTESIAN_POINT ( 'NONE',  ( -1.591400537001327553, -2.755293392802034447, -4.115713055375187501 ) ) ;
#2462 = CARTESIAN_POINT ( 'NONE',  ( -3.193867698996999849, 0.000000000000000000, -2.034551930340000148 ) ) ;
#2463 = CARTESIAN_POINT ( 'NONE',  ( 2.556904091329999851, 1.476229265421000303, -4.290156007373999714 ) ) ;
#2464 = CARTESIAN_POINT ( 'NONE',  ( -1.083914082544999991, -2.582521575934999980, -1.689271712240000056 ) ) ;
#2465 = B_SPLINE_CURVE_WITH_KNOTS ( 'NONE', 3,
 ( #3215, #1437, #3953, #3, #1034, #607, #5394, #3682, #5448, #1494 ),
 .UNSPECIFIED., .F., .F.,
 ( 4, 2, 2, 2, 4 ),
 ( 0.000000000000000000, 0.0005242705574141571156, 0.001048541114828314231, 0.001572811672242471238, 0.002097082229656628462 ),
 .UNSPECIFIED. ) ;
#2466 = CARTESIAN_POINT ( 'NONE',  ( 1.400208558182000296, -2.425232363965000193, -4.273430394585999714 ) ) ;
#2467 = EDGE_CURVE ( 'NONE', #3896, #3087, #585, .T. ) ;
#2468 = CARTESIAN_POINT ( 'NONE',  ( -2.901724448471000084, -0.3682014092795999893, -2.252504528892000479 ) ) ;
#2469 = VECTOR ( 'NONE', #361, 1000.000000000000000 ) ;
#2470 = CARTESIAN_POINT ( 'NONE',  ( -2.800417116365000236, 0.000000000000000000, -1.807986110148005920 ) ) ;
#2471 = CARTESIAN_POINT ( 'NONE',  ( 3.500000000000000000, -6.099999999999999645, -8.199999999999999289 ) ) ;
#2472 = CARTESIAN_POINT ( 'NONE',  ( -0.4145265386648487871, 3.154698505296784194, -1.484073495786203400 ) ) ;
#2473 = LINE ( 'NONE', #3828, #360 ) ;
#2474 = CARTESIAN_POINT ( 'NONE',  ( -1.694572249308000211, 2.229957918970999931, -1.736067528515823799 ) ) ;
#2475 = VECTOR ( 'NONE', #2309, 1000.000000000000000 ) ;
#2476 = CARTESIAN_POINT ( 'NONE',  ( -2.778486331853999847, -0.3525636569632000228, -4.562289910745000121 ) ) ;
#2477 = CARTESIAN_POINT ( 'NONE',  ( -1.688261783756999979, -2.221653715575000021, -2.944243235587999941 ) ) ;
#2478 = ORIENTED_EDGE ( 'NONE', *, *, #5305, .T. ) ;
#2479 = CARTESIAN_POINT ( 'NONE',  ( 2.154693243804000069, -1.995517025035999703, -2.317296239937999935 ) ) ;
#2480 = FACE_OUTER_BOUND ( 'NONE', #2569, .T. ) ;
#2481 = EDGE_LOOP ( 'NONE', ( #678, #2372, #3611, #2623 ) ) ;
#2482 = CIRCLE ( 'NONE', #3767, 3.174999999999999822 ) ;
#2483 = CARTESIAN_POINT ( 'NONE',  ( -2.493990027155999822, 1.301844352175999919, -4.495585743821999714 ) ) ;
#2484 = CARTESIAN_POINT ( 'NONE',  ( 0.02525806711761287640, -0.4000335061830090910, -2.799999999999999378 ) ) ;
#2485 = CARTESIAN_POINT ( 'NONE',  ( -0.02525806711761288334, -0.4000335061830090910, -1.800000000000000488 ) ) ;
#2486 = B_SPLINE_CURVE_WITH_KNOTS ( 'NONE', 3,
 ( #2701, #1029, #2729, #1918 ),
 .UNSPECIFIED., .F., .F.,
 ( 4, 4 ),
 ( 0.000000000000000000, 1.000000000000000000 ),
 .UNSPECIFIED. ) ;
#2487 = ORIENTED_EDGE ( 'NONE', *, *, #5085, .T. ) ;
#2488 = CARTESIAN_POINT ( 'NONE',  ( -2.934656025390999901, -0.9082275700565000109, -1.924447905125000080 ) ) ;
#2489 = CARTESIAN_POINT ( 'NONE',  ( 0.05015692432848174037, 0.3977098693099279103, -1.800000000000000488 ) ) ;
#2490 = CARTESIAN_POINT ( 'NONE',  ( 3.100000000000000533, 0.000000000000000000, 2.259920353756999845 ) ) ;
#2491 = CARTESIAN_POINT ( 'NONE',  ( -0.3224287871268827210, -3.159523949845056912, -1.952195506952913995 ) ) ;
#2492 = CARTESIAN_POINT ( 'NONE',  ( -2.778486331853999847, -0.3525636569632999984, -1.034512132966999953 ) ) ;
#2493 = CARTESIAN_POINT ( 'NONE',  ( 0.3882980501770719184, 0.09936365152809720214, -2.800000000000000266 ) ) ;
#2494 = CARTESIAN_POINT ( 'NONE',  ( -3.168855702086000203, 0.4020978407948000433, -1.342118660119000051 ) ) ;
#2495 = CARTESIAN_POINT ( 'NONE',  ( 2.676374093144000543, -0.8282935779004000354, -2.187345591105999798 ) ) ;
#2496 = CARTESIAN_POINT ( 'NONE',  ( -2.778486331853999847, 0.3525636569632999984, -1.833108875501999968 ) ) ;
#2497 = VECTOR ( 'NONE', #2460, 1000.000000000000000 ) ;
#2498 = CARTESIAN_POINT ( 'NONE',  ( -2.727048775545999781, -0.6199368324617999804, -0.8900526752427000421 ) ) ;
#2499 = CARTESIAN_POINT ( 'NONE',  ( 2.805522078389000029, 0.8682627462805000418, -3.291378157901999835 ) ) ;
#2500 = CARTESIAN_POINT ( 'NONE',  ( 2.448316844033000095, -1.413536388964000023, -1.514004628666005825 ) ) ;
#2501 = DIRECTION ( 'NONE',  ( 0.000000000000000000, 0.000000000000000000, -1.000000000000000000 ) ) ;
#2502 = CARTESIAN_POINT ( 'NONE',  ( -3.175000156964936870, 0.4541999894085535505, -2.837049537094230356 ) ) ;
#2503 = CARTESIAN_POINT ( 'NONE',  ( -3.131471822137591676, -0.6073588046530625784, -1.302576481634283967 ) ) ;
#2504 = CARTESIAN_POINT ( 'NONE',  ( 0.000000000000000000, 2.827072777928000047, -1.102430554591813383 ) ) ;
#2505 = CARTESIAN_POINT ( 'NONE',  ( -1.083914082544999991, -2.582521575934999980, -3.739141762596999818 ) ) ;
#2506 = CARTESIAN_POINT ( 'NONE',  ( -2.676365890446999796, -0.8282910393011000405, -3.016131553187000325 ) ) ;
#2507 = ORIENTED_EDGE ( 'NONE', *, *, #324, .T. ) ;
#2508 = CARTESIAN_POINT ( 'NONE',  ( -1.462310321417999992, 2.532795773129000061, -1.997100451819000089 ) ) ;
#2509 = CARTESIAN_POINT ( 'NONE',  ( -2.245139633507484245, -2.244988425761584860, -3.438546942137926443 ) ) ;
#2510 = ORIENTED_EDGE ( 'NONE', *, *, #898, .T. ) ;
#2511 = CARTESIAN_POINT ( 'NONE',  ( 1.088018564133000193E-14, -2.827072777928000047, -3.559874519016999805 ) ) ;
#2512 = CARTESIAN_POINT ( 'NONE',  ( -0.1002930484135196171, -0.3905705023458004299, -2.799999999999999378 ) ) ;
#2513 = CARTESIAN_POINT ( 'NONE',  ( -0.05015692432848174037, -0.3977098693099279103, -1.800000000000000488 ) ) ;
#2514 = ORIENTED_EDGE ( 'NONE', *, *, #3669, .T. ) ;
#2515 = CARTESIAN_POINT ( 'NONE',  ( 3.035286445374000053, -0.3851491644366000222, -1.617374402340000072 ) ) ;
#2516 = DIRECTION ( 'NONE',  ( -0.000000000000000000, -0.000000000000000000, -1.000000000000000000 ) ) ;
#2517 = CARTESIAN_POINT ( 'NONE',  ( -2.372467031226681122, -0.7902395866340793384, -1.800000000000000711 ) ) ;
#2518 = CARTESIAN_POINT ( 'NONE',  ( -2.724515857331999857, 1.422178652302000135, -4.358529139872000080 ) ) ;
#2519 = CARTESIAN_POINT ( 'NONE',  ( 2.614829512906399867, -1.800987853162459240, -1.831968363579842274 ) ) ;
#2520 = CARTESIAN_POINT ( 'NONE',  ( 3.011699942695613252, -1.026245918883340380, -3.916421735029910867 ) ) ;
#2521 = CARTESIAN_POINT ( 'NONE',  ( -1.236200906108000153, 2.945358459331000045, -1.459711252711999974 ) ) ;
#2522 = CARTESIAN_POINT ( 'NONE',  ( -1.216887047409844103, -2.932543651253236128, -3.396455995533298911 ) ) ;
#2523 = CARTESIAN_POINT ( 'NONE',  ( 2.768147931949000107, 0.3512518117201999801, -1.436085760557000102 ) ) ;
#2524 = ADVANCED_FACE ( 'NONE', ( #4790 ), #872, .T. ) ;
#2525 = CARTESIAN_POINT ( 'NONE',  ( -0.6231825505962000911, -2.742157970261000166, -2.375367563470999865 ) ) ;
#2526 = CARTESIAN_POINT ( 'NONE',  ( 2.605251795677644200, 1.821252434328545444, -3.106149705230146996 ) ) ;
#2527 = CARTESIAN_POINT ( 'NONE',  ( 2.448316844033000095, 1.413536388964000023, -1.913578222721000088 ) ) ;
#2528 = CARTESIAN_POINT ( 'NONE',  ( -1.131990450089999989, 2.697067791798000158, -3.101897247710000194 ) ) ;
#2529 = CARTESIAN_POINT ( 'NONE',  ( 1.083914082544999991, -2.582521575934999980, -1.585923210297005337 ) ) ;
#2530 = CARTESIAN_POINT ( 'NONE',  ( 1.022001084510673508, -3.013155900753137661, -3.930892478929889577 ) ) ;
#2531 = CARTESIAN_POINT ( 'NONE',  ( 3.010906761687811350, -2.767016198561166060E-12, -4.403177389428011956 ) ) ;
#2532 = DIRECTION ( 'NONE',  ( 0.000000000000000000, 1.000000000000000000, 0.000000000000000000 ) ) ;
#2533 = CARTESIAN_POINT ( 'NONE',  ( -1.083914082544999991, -2.582521575934999980, -1.500882343330813606 ) ) ;
#2534 = CARTESIAN_POINT ( 'NONE',  ( -2.778486331853999847, -0.3525636569632999984, -0.9677155166583001344 ) ) ;
#2535 = CARTESIAN_POINT ( 'NONE',  ( -1.079877664222000044, -2.572904450759999850, -2.212443109362999927 ) ) ;
#2536 = ORIENTED_EDGE ( 'NONE', *, *, #3996, .F. ) ;
#2537 = CARTESIAN_POINT ( 'NONE',  ( 2.924620642837000073, 0.000000000000000000, -1.526730081448000043 ) ) ;
#2538 = CARTESIAN_POINT ( 'NONE',  ( 2.049999999999999822, -7.400000000000000355, -15.19999999999999929 ) ) ;
#2539 = ORIENTED_EDGE ( 'NONE', *, *, #960, .F. ) ;
#2540 = CARTESIAN_POINT ( 'NONE',  ( 1.694572249308000211, 2.229957918970999931, -3.984570878426000107 ) ) ;
#2541 = CARTESIAN_POINT ( 'NONE',  ( 1.688261783756999979, 2.221653715575000021, -1.885909902254000015 ) ) ;
#2542 = CARTESIAN_POINT ( 'NONE',  ( 0.3999999999999999667, -0.05104279172844476686, -2.799999999999999378 ) ) ;
#2543 = CARTESIAN_POINT ( 'NONE',  ( -0.4000000000000001332, -0.05104279172844634199, -1.800000000000000711 ) ) ;
#2544 = ADVANCED_FACE ( 'NONE', ( #759 ), #3902, .T. ) ;
#2545 = CARTESIAN_POINT ( 'NONE',  ( -2.253876160782000149, -2.087372884330000122, -1.872019291848999956 ) ) ;
#2546 = CARTESIAN_POINT ( 'NONE',  ( -3.500000000000000000, -4.799999999999999822, -7.599999999999999645 ) ) ;
#2547 = CARTESIAN_POINT ( 'NONE',  ( -1.023520819569979423, 3.012633741535923448, -2.166947117018340752 ) ) ;
#2548 = LINE ( 'NONE', #5209, #2469 ) ;
#2549 = CARTESIAN_POINT ( 'NONE',  ( 7.477352070850000159E-14, 3.224307829582000018, -0.8758422458786000453 ) ) ;
#2550 = CARTESIAN_POINT ( 'NONE',  ( 3.500000000000000000, -6.099999999999999645, -15.19999999999999929 ) ) ;
#2551 = CARTESIAN_POINT ( 'NONE',  ( 2.792298347047000640, -1.612134202325000265, -1.740570448858999919 ) ) ;
#2552 = CARTESIAN_POINT ( 'NONE',  ( 0.8306645346356615889, -3.092459917413625359, -3.321070844787544551 ) ) ;
#2553 = CARTESIAN_POINT ( 'NONE',  ( 1.079880973899999930, -2.572912336362000119, -2.285478479374000393 ) ) ;
#2554 = CARTESIAN_POINT ( 'NONE',  ( -0.3928921610213749749, 2.478117792812733811, -1.800000000000000266 ) ) ;
#2555 = CARTESIAN_POINT ( 'NONE',  ( -1.400208558182000296, -2.425232363965000193, -3.113505108685000078 ) ) ;
#2556 = CARTESIAN_POINT ( 'NONE',  ( 2.342635967058678936, 2.143735232870616958, -3.090911162784591326 ) ) ;
#2557 = CARTESIAN_POINT ( 'NONE',  ( 0.6231825505962000911, 2.742157970261000166, -1.116644381211000070 ) ) ;
#2558 = CARTESIAN_POINT ( 'NONE',  ( 5.678790770958000715E-14, 3.088386873591999926, -0.9533734189414999616 ) ) ;
#2559 = CARTESIAN_POINT ( 'NONE',  ( 0.6231825505962000911, 2.742157970261000166, -2.716144861230006757 ) ) ;
#2560 = CARTESIAN_POINT ( 'NONE',  ( 2.369681924095925041, -1.759322007295048618, -4.439364649364709869 ) ) ;
#2561 = DIRECTION ( 'NONE',  ( 1.000000000000000000, 0.000000000000000000, -0.000000000000000000 ) ) ;
#2562 = CARTESIAN_POINT ( 'NONE',  ( -2.686369738734000201, 0.8313870651189000371, -1.664179210916813645 ) ) ;
#2563 = CARTESIAN_POINT ( 'NONE',  ( 2.448316844033000095, 1.413536388964000023, -1.274819283475000065 ) ) ;
#2564 = AXIS2_PLACEMENT_3D ( 'NONE', #4279, #1263, #4704 ) ;
#2565 = CARTESIAN_POINT ( 'NONE',  ( -2.789988563821000245, 1.160183060733000177E-14, -3.754269098401000093 ) ) ;
#2566 = EDGE_LOOP ( 'NONE', ( #4398, #388, #1907, #2114 ) ) ;
#2567 = CARTESIAN_POINT ( 'NONE',  ( 1.462310321417999992, -2.532795773129000061, -3.055433785152000148 ) ) ;
#2568 = CARTESIAN_POINT ( 'NONE',  ( -1.677905118650763416, -2.697413024576184259, -3.413373779746095238 ) ) ;
#2569 = EDGE_LOOP ( 'NONE', ( #653, #4787, #1154, #2514, #2510, #348, #4344, #4368, #5135, #4504, #1618, #2598 ) ) ;
#2570 = CARTESIAN_POINT ( 'NONE',  ( 2.063187188137999950, -1.910770905142000098, -3.468496233063000034 ) ) ;
#2571 = AXIS2_PLACEMENT_3D ( 'NONE', #777, #342, #2097 ) ;
#2572 = CARTESIAN_POINT ( 'NONE',  ( 2.676365890446999796, 0.8282910393011000405, -1.957798219854000266 ) ) ;
#2573 = CARTESIAN_POINT ( 'NONE',  ( -0.2634668500010720060, -0.3022708126128269557, -2.800000000000000711 ) ) ;
#2574 = CARTESIAN_POINT ( 'NONE',  ( -0.2439865121982036367, -0.3215944374217133417, -1.800000000000000711 ) ) ;
#2575 = EDGE_LOOP ( 'NONE', ( #1340, #293 ) ) ;
#2576 = CARTESIAN_POINT ( 'NONE',  ( -1.529622085458000047, -2.649383168392999810, -1.839437302190999990 ) ) ;
#2577 = CARTESIAN_POINT ( 'NONE',  ( 2.434931691670789267, 0.6543697108982005073, 0.000000000000000000 ) ) ;
#2578 = CARTESIAN_POINT ( 'NONE',  ( 2.853128847804243584, 1.408216918955508712, -2.330182434969283012 ) ) ;
#2579 = CARTESIAN_POINT ( 'NONE',  ( 0.000000000000000000, 0.000000000000000000, 2.259920353756999845 ) ) ;
#2580 = CARTESIAN_POINT ( 'NONE',  ( -0.7107466043442001169, -3.127461550510000077, -1.254834330293999933 ) ) ;
#2581 = CYLINDRICAL_SURFACE ( 'NONE', #2110, 3.174999999999999822 ) ;
#2582 = EDGE_CURVE ( 'NONE', #3174, #4611, #4291, .T. ) ;
#2583 = EDGE_CURVE ( 'NONE', #3060, #3340, #4021, .T. ) ;
#2584 = CARTESIAN_POINT ( 'NONE',  ( -3.074033035136557235, -0.8210003752007000166, -4.205140279993709207 ) ) ;
#2585 = CARTESIAN_POINT ( 'NONE',  ( 0.000000000000000000, -3.224268404651000175, -1.858163041451000197 ) ) ;
#2586 = CARTESIAN_POINT ( 'NONE',  ( 2.897452715696678283, -1.298681680742095335, -3.221774097192499742 ) ) ;
#2587 = CARTESIAN_POINT ( 'NONE',  ( -2.676374093144000543, 0.8282935779004000354, -1.834567813327999897 ) ) ;
#2588 = CARTESIAN_POINT ( 'NONE',  ( 0.000000000000000000, -3.600000000000000533, -11.70000000000000107 ) ) ;
#2589 = CARTESIAN_POINT ( 'NONE',  ( -2.686369738734000201, -0.8313870651189000371, -3.198515711619000168 ) ) ;
#2590 = CARTESIAN_POINT ( 'NONE',  ( 1.694572249308000211, 2.229957918970999931, -1.867904211758999899 ) ) ;
#2591 = CARTESIAN_POINT ( 'NONE',  ( 2.901724448471000084, 0.3682014092795999893, -4.016393417780999897 ) ) ;
#2592 = CARTESIAN_POINT ( 'NONE',  ( -1.400208558182000296, -2.425232363965000193, -2.395949073111005134 ) ) ;
#2593 = CARTESIAN_POINT ( 'NONE',  ( 0.000000000000000000, 0.000000000000000000, 0.000000000000000000 ) ) ;
#2594 = CARTESIAN_POINT ( 'NONE',  ( 1.083914082544999991, -2.582521575934999980, -1.409534321407813318 ) ) ;
#2595 = CARTESIAN_POINT ( 'NONE',  ( -2.032928977396999848, 1.915322465110000039, -4.661242341416000023 ) ) ;
#2596 = CARTESIAN_POINT ( 'NONE',  ( -2.768139447978999801, 0.3512507351845000070, -4.472946939290999957 ) ) ;
#2597 = ORIENTED_EDGE ( 'NONE', *, *, #898, .F. ) ;
#2598 = ORIENTED_EDGE ( 'NONE', *, *, #513, .T. ) ;
#2599 = CARTESIAN_POINT ( 'NONE',  ( 1.083914082544999991, -2.582521575934999980, -4.219756063611000307 ) ) ;
#2600 = CARTESIAN_POINT ( 'NONE',  ( 2.676365890446999796, 0.8282910393011000405, -1.252242664298000019 ) ) ;
#2601 = CARTESIAN_POINT ( 'NONE',  ( 2.792332490039000081, 1.612153914791000009, -3.815657060693999902 ) ) ;
#2602 = CARTESIAN_POINT ( 'NONE',  ( -3.500000000000000000, -6.099999999999999645, -8.199999999999999289 ) ) ;
#2603 = ORIENTED_EDGE ( 'NONE', *, *, #3452, .T. ) ;
#2604 = CARTESIAN_POINT ( 'NONE',  ( 1.529622085458000047, -2.649383168392999810, -2.427400265154000092 ) ) ;
#2605 = CARTESIAN_POINT ( 'NONE',  ( 4.041334437186266496E-16, -4.799999999999999822, -15.00000000000000000 ) ) ;
#2606 = CARTESIAN_POINT ( 'NONE',  ( -1.058662517935895719, -2.265608056321220865, -1.800000000000000266 ) ) ;
#2607 = CARTESIAN_POINT ( 'NONE',  ( 2.353087849929000441, -2.179255390271000348, -1.137241737702000099 ) ) ;
#2608 = CARTESIAN_POINT ( 'NONE',  ( 2.590668586596748035, -1.835772939621607369, -1.833520043633255492 ) ) ;
#2609 = CARTESIAN_POINT ( 'NONE',  ( -1.694572249308000211, 2.229957918970999931, -3.268771392226999861 ) ) ;
#2610 = CARTESIAN_POINT ( 'NONE',  ( -1.932654795978000051, -2.543260618536000273, -2.635637178637999956 ) ) ;
#2611 = LINE ( 'NONE', #972, #3217 ) ;
#2612 = CARTESIAN_POINT ( 'NONE',  ( -2.789997114755999874, 0.000000000000000000, -1.801985823669000064 ) ) ;
#2613 = CARTESIAN_POINT ( 'NONE',  ( 1.058662517935895719, 2.265608056321220865, -1.800000000000000266 ) ) ;
#2614 = CARTESIAN_POINT ( 'NONE',  ( -2.448316844033000095, 1.413536388964000023, -3.289893997574000473 ) ) ;
#2615 = B_SPLINE_CURVE_WITH_KNOTS ( 'NONE', 3,
 ( #2176, #1829, #510, #3063 ),
 .UNSPECIFIED., .F., .F.,
 ( 4, 4 ),
 ( 0.000000000000000000, 1.000000000000000000 ),
 .UNSPECIFIED. ) ;
#2616 = CARTESIAN_POINT ( 'NONE',  ( 0.000000000000000000, 2.827072777928000047, -1.090430074573000008 ) ) ;
#2617 = CARTESIAN_POINT ( 'NONE',  ( 1.529633678037999989, 2.649403247329999989, -1.012169715238000034 ) ) ;
#2618 = CARTESIAN_POINT ( 'NONE',  ( 1.083914082544999991, -2.582521575934999980, -2.997034321408006630 ) ) ;
#2619 = CARTESIAN_POINT ( 'NONE',  ( -3.500000000000000000, -6.099999999999999645, -9.650000000000000355 ) ) ;
#2620 = CARTESIAN_POINT ( 'NONE',  ( 2.097801891413519471, 2.392271695622698591, -3.783884038231363434 ) ) ;
#2621 = CARTESIAN_POINT ( 'NONE',  ( 2.448316844033000095, -1.413536388964000023, -1.392411876066999898 ) ) ;
#2622 = CARTESIAN_POINT ( 'NONE',  ( -2.768139447978999801, 0.3512507351845000070, -3.767391383735999799 ) ) ;
#2623 = ORIENTED_EDGE ( 'NONE', *, *, #3551, .T. ) ;
#2624 = ORIENTED_EDGE ( 'NONE', *, *, #1813, .T. ) ;
#2625 = CARTESIAN_POINT ( 'NONE',  ( -0.7144498770095296658, -3.095317682275971816, -2.672293809972684286 ) ) ;
#2626 = CARTESIAN_POINT ( 'NONE',  ( -2.768139447978999801, -0.3512507351845000070, -1.624480146400000269 ) ) ;
#2627 = CARTESIAN_POINT ( 'NONE',  ( 2.970353108549474985, 1.122071735763928935, -2.429566790729337900 ) ) ;
#2628 = CARTESIAN_POINT ( 'NONE',  ( -1.400208558182000296, -2.425232363965000193, -3.630671295332813742 ) ) ;
#2629 = EDGE_CURVE ( 'NONE', #1682, #2937, #3541, .T. ) ;
#2630 = EDGE_LOOP ( 'NONE', ( #2657, #3874, #317, #2108, #850 ) ) ;
#2631 = CARTESIAN_POINT ( 'NONE',  ( 1.632027846198999994E-14, 3.088363467746999991, -3.544529894782999957 ) ) ;
#2632 = PLANE ( 'NONE',  #4053 ) ;
#2633 = DIRECTION ( 'NONE',  ( 0.000000000000000000, -1.000000000000000000, 0.000000000000000000 ) ) ;
#2634 = CARTESIAN_POINT ( 'NONE',  ( 2.253893242280999853, -2.087388703947000046, -4.036995132987000190 ) ) ;
#2635 = CARTESIAN_POINT ( 'NONE',  ( 0.000000000000000000, 0.000000000000000000, 2.259920353756999845 ) ) ;
#2636 = CARTESIAN_POINT ( 'NONE',  ( -2.063187188137999950, 1.910770905142000098, -3.249311687902999957 ) ) ;
#2637 = CARTESIAN_POINT ( 'NONE',  ( -3.500000000000000000, -6.099999999999999645, -15.19999999999999929 ) ) ;
#2638 = CARTESIAN_POINT ( 'NONE',  ( 1.932654795978000051, 2.543260618536000273, -2.988414956415999857 ) ) ;
#2639 = FACE_OUTER_BOUND ( 'NONE', #2199, .T. ) ;
#2640 = CARTESIAN_POINT ( 'NONE',  ( 2.439206963470999856, -1.408276796968999989, -2.919115453298999796 ) ) ;
#2641 = DIRECTION ( 'NONE',  ( 0.000000000000000000, 1.000000000000000000, 0.000000000000000000 ) ) ;
#2642 = CARTESIAN_POINT ( 'NONE',  ( 2.778486331853999847, 0.3525636569632999984, -2.865197638165000171 ) ) ;
#2643 = CARTESIAN_POINT ( 'NONE',  ( 2.063187188137999950, -1.910770905142000098, -2.762940677506999787 ) ) ;
#2644 = CARTESIAN_POINT ( 'NONE',  ( -0.5482886576127999900, 3.013677102173000222, -0.9322610170991999512 ) ) ;
#2645 = CARTESIAN_POINT ( 'NONE',  ( -2.031708135064000812E-14, 2.827072777928000047, -3.395486110148006720 ) ) ;
#2646 = CARTESIAN_POINT ( 'NONE',  ( -2.727051950630720256, -0.6199203283246460527, -1.078442714890202492 ) ) ;
#2647 = CARTESIAN_POINT ( 'NONE',  ( 2.970347764340490304, 1.122085660840876242, -3.840677354589748127 ) ) ;
#2648 = CARTESIAN_POINT ( 'NONE',  ( -2.727048775545999781, -0.6199368324617999804, -0.9568492915517999853 ) ) ;
#2649 = CARTESIAN_POINT ( 'NONE',  ( 2.439199487657000454, 1.408272480806000093, -4.048250579882999745 ) ) ;
#2650 = EDGE_CURVE ( 'NONE', #3312, #599, #5456, .T. ) ;
#2651 = CARTESIAN_POINT ( 'NONE',  ( -2.600507046704402470, 0.6988668512392782750, 0.000000000000000000 ) ) ;
#2652 = CARTESIAN_POINT ( 'NONE',  ( -1.147009456481088652, -2.961508744661713433, -2.688487293239425480 ) ) ;
#2653 = CARTESIAN_POINT ( 'NONE',  ( 0.6208618634615999943, 2.731946370599999785, -1.134650071705999963 ) ) ;
#2654 = CARTESIAN_POINT ( 'NONE',  ( 2.527470791831517793, 1.924401422151851504, -2.395868361719568629 ) ) ;
#2655 = CARTESIAN_POINT ( 'NONE',  ( 2.686369738734000201, -0.8313870651189000371, -4.133623655360981530 ) ) ;
#2656 = CONICAL_SURFACE ( 'NONE', #4960, 4.958445938276144993, 1.221730476390614495 ) ;
#2657 = ORIENTED_EDGE ( 'NONE', *, *, #1072, .T. ) ;
#2658 = CARTESIAN_POINT ( 'NONE',  ( 1.529622085458000047, 2.649383168392999810, -2.897770635524000049 ) ) ;
#2659 = CARTESIAN_POINT ( 'NONE',  ( -3.500000000000000000, -7.400000000000000355, -13.75000000000000000 ) ) ;
#2660 = ORIENTED_EDGE ( 'NONE', *, *, #5527, .F. ) ;
#2661 = CARTESIAN_POINT ( 'NONE',  ( -2.049999999999999822, -6.099999999999999645, -8.199999999999999289 ) ) ;
#2662 = CARTESIAN_POINT ( 'NONE',  ( -3.063834454273000052, 0.9482061602394000754, -1.437590902204000098 ) ) ;
#2663 = CYLINDRICAL_SURFACE ( 'NONE', #201, 0.6399999999999999023 ) ;
#2664 = CIRCLE ( 'NONE', #3863, 2.669999999909578037 ) ;
#2665 = CARTESIAN_POINT ( 'NONE',  ( 2.800417116365000236, 0.000000000000000000, -2.811523307190999965 ) ) ;
#2666 = CARTESIAN_POINT ( 'NONE',  ( -0.6807850240499999650, 2.995623157207000453, -3.043825778971000151 ) ) ;
#2667 = CARTESIAN_POINT ( 'NONE',  ( 2.353059077759999784, 2.179228743622999787, -2.302319105183999959 ) ) ;
#2668 = CARTESIAN_POINT ( 'NONE',  ( -3.174985043158461195, -2.622548841329106306E-07, -1.411120332078945161 ) ) ;
#2669 = CARTESIAN_POINT ( 'NONE',  ( -2.055510326824999900, -1.903661165743000039, -3.128086331846000157 ) ) ;
#2670 = CARTESIAN_POINT ( 'NONE',  ( 1.588803445041262474, -2.756756128929815475, -2.498967327304675301 ) ) ;
#2671 = VECTOR ( 'NONE', #2781, 1000.000000000000000 ) ;
#2672 = SURFACE_STYLE_USAGE ( .BOTH. , #604 ) ;
#2673 = CARTESIAN_POINT ( 'NONE',  ( 0.6231825505962000911, 2.742157970261000166, -4.139256452359999727 ) ) ;
#2674 = CARTESIAN_POINT ( 'NONE',  ( 0.000000000000000000, -2.827072777928000047, -2.148763407905999845 ) ) ;
#2675 = CARTESIAN_POINT ( 'NONE',  ( 1.462313979973999922, 2.532802109932999812, -3.911923110522999902 ) ) ;
#2676 = CARTESIAN_POINT ( 'NONE',  ( -2.924620642837000073, 0.000000000000000000, -3.290618970336999904 ) ) ;
#2677 = CARTESIAN_POINT ( 'NONE',  ( 2.778486331853999847, 0.3525636569632001338, -3.558752713702006520 ) ) ;
#2678 = CARTESIAN_POINT ( 'NONE',  ( 2.855302563775349523, 1.403351449863093015, -3.829543575215332840 ) ) ;
#2679 = CARTESIAN_POINT ( 'NONE',  ( 2.800417116365000236, 0.000000000000000000, -2.744726690882000053 ) ) ;
#2680 = CARTESIAN_POINT ( 'NONE',  ( 1.688261783756999979, -2.221653715575000021, -3.505961627881000187 ) ) ;
#2681 = CARTESIAN_POINT ( 'NONE',  ( -3.075150792629967711, -0.7974019468286142054, -2.794636184651451138 ) ) ;
#2682 = CARTESIAN_POINT ( 'NONE',  ( -2.531602146959461397, 1.916663459140393488, -2.895522336872519364 ) ) ;
#2683 = CARTESIAN_POINT ( 'NONE',  ( 2.245521055501819685, 2.244606984168930897, -2.380233173613590658 ) ) ;
#2684 = CARTESIAN_POINT ( 'NONE',  ( 2.669999999999999929, 0.000000000000000000, -4.599999999999999645 ) ) ;
#2685 = AXIS2_PLACEMENT_3D ( 'NONE', #1541, #161, #3675 ) ;
#2686 = ORIENTED_EDGE ( 'NONE', *, *, #1629, .F. ) ;
#2687 = CARTESIAN_POINT ( 'NONE',  ( 1.184094262037999945, 2.821209751675000543, -2.884648350188999899 ) ) ;
#2688 = CARTESIAN_POINT ( 'NONE',  ( 0.000000000000000000, -4.799999999999999822, -8.199999999999999289 ) ) ;
#2689 = ORIENTED_EDGE ( 'NONE', *, *, #3543, .T. ) ;
#2690 = CARTESIAN_POINT ( 'NONE',  ( 0.7901744029140598258, -2.372492821296374288, -1.800000000000000711 ) ) ;
#2691 = CARTESIAN_POINT ( 'NONE',  ( 2.353087849929000441, 2.179255390271000348, -1.672776087389000077 ) ) ;
#2692 = CARTESIAN_POINT ( 'NONE',  ( 2.245043404872860471, 2.245084667073528273, -3.085764353417160599 ) ) ;
#2693 = DIRECTION ( 'NONE',  ( 0.000000000000000000, -1.000000000000000000, 0.000000000000000000 ) ) ;
#2694 = ADVANCED_FACE ( 'NONE', ( #230, #1983 ), #3745, .F. ) ;
#2695 = CARTESIAN_POINT ( 'NONE',  ( -2.448316844033000095, 1.413536388964000023, -2.517541825709999959 ) ) ;
#2696 = CARTESIAN_POINT ( 'NONE',  ( -3.035309448962999923, 0.3851520833747000272, -3.612329037609999904 ) ) ;
#2697 = CARTESIAN_POINT ( 'NONE',  ( -3.168855702086000203, 0.4020978407949000188, -2.753229771231000544 ) ) ;
#2698 = CARTESIAN_POINT ( 'NONE',  ( -2.649735778977046152, -1.749597622129890118, -1.345254933539299147 ) ) ;
#2699 = CARTESIAN_POINT ( 'NONE',  ( 1.079880973899999930, -2.572912336362000119, -3.696589590484999910 ) ) ;
#2700 = CARTESIAN_POINT ( 'NONE',  ( 3.500000000000000000, 3.167949725853265175, -14.05138339902427980 ) ) ;
#2701 = CARTESIAN_POINT ( 'NONE',  ( -2.201731128504456958, 1.718550849030924255, -4.528915488133866241 ) ) ;
#2702 = CARTESIAN_POINT ( 'NONE',  ( 1.083914082544999991, 2.582521575934999980, -3.453160601128000273 ) ) ;
#2703 = CARTESIAN_POINT ( 'NONE',  ( -0.6231825505962000911, 2.742157970261000166, -3.180882434602000153 ) ) ;
#2704 = CARTESIAN_POINT ( 'NONE',  ( 3.035309448962999923, -0.3851520833747000272, -1.142884593165000018 ) ) ;
#2705 = CARTESIAN_POINT ( 'NONE',  ( 1.462310321417999992, 2.532795773129000061, -3.525804155523000194 ) ) ;
#2706 = EDGE_CURVE ( 'NONE', #4950, #297, #344, .T. ) ;
#2707 = CARTESIAN_POINT ( 'NONE',  ( -1.083914082544999991, -2.582521575934999980, -3.793937898887006721 ) ) ;
#2708 = CARTESIAN_POINT ( 'NONE',  ( 1.227396972774702943, 2.928161914328948345, -3.749596271647627432 ) ) ;
#2709 = CARTESIAN_POINT ( 'NONE',  ( -1.400208558182000296, -2.425232363965000193, -2.979911876066999810 ) ) ;
#2710 = CARTESIAN_POINT ( 'NONE',  ( 0.6508234437558000351, 2.863784763902999853, -1.762674454197999951 ) ) ;
#2711 = CARTESIAN_POINT ( 'NONE',  ( -2.247119108380537966, -2.243007619032800548, -2.733092703011571256 ) ) ;
#2712 = CARTESIAN_POINT ( 'NONE',  ( 1.298936230367858435, 2.897338184783635029, -3.046536292799099321 ) ) ;
#2713 = CARTESIAN_POINT ( 'NONE',  ( 1.146667586972646813, 2.961640583267559634, -2.335696988315217659 ) ) ;
#2714 = CARTESIAN_POINT ( 'NONE',  ( -2.686369738734000201, -0.8313870651189000371, -4.421237453821814434 ) ) ;
#2715 = ORIENTED_EDGE ( 'NONE', *, *, #597, .T. ) ;
#2716 = CARTESIAN_POINT ( 'NONE',  ( -2.253876160782000149, -2.087372884330000122, -3.283130402959999916 ) ) ;
#2717 = LINE ( 'NONE', #4048, #275 ) ;
#2718 = ORIENTED_EDGE ( 'NONE', *, *, #1629, .T. ) ;
#2719 = CARTESIAN_POINT ( 'NONE',  ( 0.8832027952095186096, -2.338877794310527669, -1.799999999999999822 ) ) ;
#2720 = CARTESIAN_POINT ( 'NONE',  ( 3.063834454273000052, 0.9482061602394000754, -1.725204700664999979 ) ) ;
#2721 = CARTESIAN_POINT ( 'NONE',  ( -2.669999999999999929, 3.580933643756485942E-16, -4.599999999999999645 ) ) ;
#2722 = ADVANCED_FACE ( 'NONE', ( #5663 ), #750, .T. ) ;
#2723 = CARTESIAN_POINT ( 'NONE',  ( 1.400208558182000296, -2.425232363965000193, -2.223560344227999863 ) ) ;
#2724 = CARTESIAN_POINT ( 'NONE',  ( -1.529633678037999989, -2.649403247329999989, -2.776058604126999896 ) ) ;
#2725 = CARTESIAN_POINT ( 'NONE',  ( 2.353059077759999784, -2.179228743622999787, -3.177895866607999942 ) ) ;
#2726 = CARTESIAN_POINT ( 'NONE',  ( 1.344662677590301891, -2.333009656905868479, 0.000000000000000000 ) ) ;
#2727 = CARTESIAN_POINT ( 'NONE',  ( 1.079880973899999930, -2.572912336362000119, -2.991034034930000196 ) ) ;
#2728 = DIRECTION ( 'NONE',  ( 0.000000000000000000, -0.000000000000000000, -1.000000000000000000 ) ) ;
#2729 = CARTESIAN_POINT ( 'NONE',  ( -2.402554775525815867, 1.875226739428008882, -4.381909278483362868 ) ) ;
#2730 = CARTESIAN_POINT ( 'NONE',  ( 1.400208558182000296, -2.425232363965000193, -4.407023627204001315 ) ) ;
#2731 = CARTESIAN_POINT ( 'NONE',  ( -1.400208558182000296, 2.425232363965000193, -3.148300444943000098 ) ) ;
#2732 = CARTESIAN_POINT ( 'NONE',  ( -1.851206213005000212, -2.436079049462000157, -1.378069778351000085 ) ) ;
#2733 = CARTESIAN_POINT ( 'NONE',  ( -2.901717188661999902, -0.3682004880784000012, -2.571941129447000041 ) ) ;
#2734 = CARTESIAN_POINT ( 'NONE',  ( -2.434931691670789711, -0.6543697108982003963, -0.000000000000000000 ) ) ;
#2735 = CARTESIAN_POINT ( 'NONE',  ( 2.942831606229817432, 1.191829361244262309, -3.837937348675752425 ) ) ;
#2736 = CARTESIAN_POINT ( 'NONE',  ( -2.063187188137999950, 1.910770905142000098, -3.182515071594000045 ) ) ;
#2737 = CARTESIAN_POINT ( 'NONE',  ( 2.924627959947999845, 0.000000000000000000, -1.912849036449000062 ) ) ;
#2738 = CARTESIAN_POINT ( 'NONE',  ( 2.244601978391714603, -2.245525988471355650, -2.558694490499319407 ) ) ;
#2739 = CARTESIAN_POINT ( 'NONE',  ( -2.434568519578569568, 2.039456990569251893, -2.901252556264707572 ) ) ;
#2740 = CARTESIAN_POINT ( 'NONE',  ( 1.015508374516904677, 3.015392095347070089, -2.330758480350164419 ) ) ;
#2741 = CARTESIAN_POINT ( 'NONE',  ( -2.686369738734000201, 0.8313870651188000060, -4.486401433138813566 ) ) ;
#2742 = EDGE_LOOP ( 'NONE', ( #3463, #290, #5487, #4161 ) ) ;
#2743 = CARTESIAN_POINT ( 'NONE',  ( 1.529622085458000047, 2.649383168392999810, -3.603326191079999852 ) ) ;
#2744 = CARTESIAN_POINT ( 'NONE',  ( -2.518154879594260098, 1.945514482411240031, -1.485648888533261047 ) ) ;
#2745 = CARTESIAN_POINT ( 'NONE',  ( 0.7266571251561786404, 3.062541447425738195, -4.328569810975791299 ) ) ;
#2746 = CARTESIAN_POINT ( 'NONE',  ( -1.932678427628000017, -2.543291716405000180, -2.006094160842999852 ) ) ;
#2747 = FACE_OUTER_BOUND ( 'NONE', #4450, .T. ) ;
#2748 = CARTESIAN_POINT ( 'NONE',  ( -3.035309448962999923, -0.3851520833747000272, -2.880528911384999891 ) ) ;
#2749 = VECTOR ( 'NONE', #1555, 1000.000000000000000 ) ;
#2750 = CARTESIAN_POINT ( 'NONE',  ( 1.063038546078999962E-14, -3.224268404651000175, -3.974829708117999960 ) ) ;
#2751 = CARTESIAN_POINT ( 'NONE',  ( -3.154435668132522519, 0.4161977554470125962, -2.747761424798347729 ) ) ;
#2752 = CARTESIAN_POINT ( 'NONE',  ( -1.371125435412000012E-14, -2.816553593939000066, -3.036708045890999852 ) ) ;
#2753 = CARTESIAN_POINT ( 'NONE',  ( -2.097477165568540691, -2.392562796591023222, -2.637295231283058428 ) ) ;
#2754 = DIRECTION ( 'NONE',  ( 0.000000000000000000, 0.000000000000000000, 1.000000000000000000 ) ) ;
#2755 = CARTESIAN_POINT ( 'NONE',  ( -2.778486331853999847, 0.3525636569632000228, -3.949775542168000531 ) ) ;
#2756 = AXIS2_PLACEMENT_3D ( 'NONE', #3222, #4987, #121 ) ;
#2757 = ADVANCED_FACE ( 'NONE', ( #4687 ), #1177, .F. ) ;
#2758 = CARTESIAN_POINT ( 'NONE',  ( -1.400208558182000296, 2.425232363965000193, -2.442744889387999940 ) ) ;
#2759 = CARTESIAN_POINT ( 'NONE',  ( -2.674621489245000205, -1.544193436795999963, -1.423743789311999963 ) ) ;
#2760 = CARTESIAN_POINT ( 'NONE',  ( -1.462310321417999992, 2.532795773129000061, -2.702656007373999802 ) ) ;
#2761 = CARTESIAN_POINT ( 'NONE',  ( 1.259047450927249345, -2.184465970885644648, -0.000000000000000000 ) ) ;
#2762 = CARTESIAN_POINT ( 'NONE',  ( -2.591406022507080298, 1.834731764436643209, -3.597362224060149050 ) ) ;
#2763 = CARTESIAN_POINT ( 'NONE',  ( 0.000000000000000000, -2.827072777928000047, -2.921115579771000004 ) ) ;
#2764 = CARTESIAN_POINT ( 'NONE',  ( -1.131990450089999989, 2.697067791798000158, -1.690786136599000011 ) ) ;
#2765 = DIRECTION ( 'NONE',  ( -0.000000000000000000, -1.000000000000000000, -0.000000000000000000 ) ) ;
#2766 = CARTESIAN_POINT ( 'NONE',  ( 0.03702138280104719237, 3.174814811849556939, -2.999980797232542962 ) ) ;
#2767 = CARTESIAN_POINT ( 'NONE',  ( -2.536373492771605509, 1.954049805206076185, -3.514111893437111167 ) ) ;
#2768 = CARTESIAN_POINT ( 'NONE',  ( 1.083914082544999991, -2.582521575934999980, -2.820645432518813056 ) ) ;
#2769 = ORIENTED_EDGE ( 'NONE', *, *, #2582, .T. ) ;
#2770 = CARTESIAN_POINT ( 'NONE',  ( -3.059244170917000183, 0.000000000000000000, -4.073696561450000253 ) ) ;
#2771 = CARTESIAN_POINT ( 'NONE',  ( -2.990495090264947642, 1.071779431066780308, -1.448913283984234690 ) ) ;
#2772 = VERTEX_POINT ( 'NONE', #3800 ) ;
#2773 = CARTESIAN_POINT ( 'NONE',  ( 1.879879765694439930, 2.476114334236867442, -4.350938635524979503 ) ) ;
#2774 = CARTESIAN_POINT ( 'NONE',  ( 1.932678427628000017, -2.543291716405000180, -1.862256997581000162 ) ) ;
#2775 = FACE_BOUND ( 'NONE', #4765, .T. ) ;
#2776 = CARTESIAN_POINT ( 'NONE',  ( 2.674621489245000205, -1.544193436795999963, -2.599669715237999945 ) ) ;
#2777 = VERTEX_POINT ( 'NONE', #2925 ) ;
#2778 = CARTESIAN_POINT ( 'NONE',  ( -1.596933849498999969, -2.765970563658000092, -4.033626004413999766 ) ) ;
#2779 = LINE ( 'NONE', #4591, #4425 ) ;
#2780 = CARTESIAN_POINT ( 'NONE',  ( -1.688266958050000044, 2.221660524640999945, -4.023122797593999600 ) ) ;
#2781 = DIRECTION ( 'NONE',  ( -0.000000000000000000, -1.000000000000000000, 0.000000000000000000 ) ) ;
#2782 = CARTESIAN_POINT ( 'NONE',  ( -3.499999997927210948, 2.872335074938021204, -8.200000000131380418 ) ) ;
#2783 = CARTESIAN_POINT ( 'NONE',  ( -2.448316844033000095, 1.413536388964000023, -3.995449553129999831 ) ) ;
#2784 = CARTESIAN_POINT ( 'NONE',  ( 1.529633678037999989, 2.649403247329999989, -1.717725270794000059 ) ) ;
#2785 = CARTESIAN_POINT ( 'NONE',  ( -1.640839742333022988, 2.135110469203141292, -0.000000000000000000 ) ) ;
#2786 = CARTESIAN_POINT ( 'NONE',  ( 0.6508218154640000863, -2.863777599015000064, -3.793571330365999916 ) ) ;
#2787 = CARTESIAN_POINT ( 'NONE',  ( -1.750883169041836940, -2.176172285514347937, -4.528931546091580884 ) ) ;
#2788 = CARTESIAN_POINT ( 'NONE',  ( -2.636522724278899332, 1.769006167068329916, -3.594441264106069234 ) ) ;
#2789 = CARTESIAN_POINT ( 'NONE',  ( -1.400208558182000296, 2.425232363965000193, -3.920652616807999813 ) ) ;
#2790 = CARTESIAN_POINT ( 'NONE',  ( 1.462313979973999922, -2.532802109932999812, -1.324886073485999960 ) ) ;
#2791 = CARTESIAN_POINT ( 'NONE',  ( 2.240061633813029474, -2.250055890787928892, -2.558905549856689277 ) ) ;
#2792 = CARTESIAN_POINT ( 'NONE',  ( -1.591053833019105967, 2.755420907864520430, -2.939334733717243520 ) ) ;
#2793 = CARTESIAN_POINT ( 'NONE',  ( 2.753529722705080562, 1.594299150565875900, -3.733404868459557324 ) ) ;
#2794 = CARTESIAN_POINT ( 'NONE',  ( 2.448316844033000095, -1.413536388964000023, -3.454282406443813791 ) ) ;
#2795 = ORIENTED_EDGE ( 'NONE', *, *, #3481, .T. ) ;
#2796 = CARTESIAN_POINT ( 'NONE',  ( 2.674601219188000201, -1.544181733873000173, -3.779715079968000602 ) ) ;
#2797 = CARTESIAN_POINT ( 'NONE',  ( -2.751488088934207710, 1.584518992748046307, -1.469778869334478877 ) ) ;
#2798 = ORIENTED_EDGE ( 'NONE', *, *, #2027, .F. ) ;
#2799 = CARTESIAN_POINT ( 'NONE',  ( 3.010906761687811350, -2.767016198561166060E-12, -4.403177389428011956 ) ) ;
#2800 = CARTESIAN_POINT ( 'NONE',  ( -3.168894449455999851, 0.4021027574698000651, -2.829242308991000154 ) ) ;
#2801 = CARTESIAN_POINT ( 'NONE',  ( 3.154435686245286252, -0.4161976325417079958, -1.689428087189027261 ) ) ;
#2802 = B_SPLINE_CURVE_WITH_KNOTS ( 'NONE', 3,
 ( #2950, #4288, #5590, #1206, #375, #3419, #1636, #3384, #307, #2062, #3822, #805, #4713, #2983, #773, #4322, #2526, #338, #5186, #2556, #3854, #5624, #1239, #4746, #2263, #938, #2692, #560, #4957, #1391, #2334, #3658, #5426, #1930, #3112, #3170, #2712, #4473, #2254, #4500, #530, #4098, #3143, #2283, #5376, #4931, #3632, #1013, #1822, #5401, #4042, #2766, #4072, #3224, #1043, #4528, #2310, #1445, #2792, #4553, #1418, #587, #1472, #984, #147, #4124, #615, #1901, #3578, #94, #5315, #3607, #2360, #2739, #4988, #2682, #172, #1361, #4875, #930, #122, #4446, #1875, #504, #957, #4013, #64, #5347, #4903, #1850, #3195, #5042, #2502, #4233 ),
 .UNSPECIFIED., .F., .F.,
 ( 4, 2, 2, 1, 1, 1, 1, 1, 2, 2, 2, 2, 2, 2, 1, 1, 1, 1, 2, 2, 2, 2, 1, 1, 1, 1, 2, 2, 2, 2, 2, 1, 1, 1, 2, 2, 2, 2, 2, 1, 1, 1, 1, 1, 2, 2, 2, 2, 2, 1, 1, 1, 2, 2, 2, 1, 1, 2, 2, 4 ),
 ( 0.000000000000000000, 0.06250000000011698975, 0.09375000000017549850, 0.1093750000002047945, 0.1171875000002194772, 0.1210937500002268186, 0.1230468750002305101, 0.1240234375002323142, 0.1245117187502332301, 0.1250000000002341460, 0.1562500000002916278, 0.1875000000003491374, 0.2187500000004066192, 0.2343750000004353740, 0.2421875000004496126, 0.2460937500004567458, 0.2480468750004607703, 0.2490234375004614920, 0.2495117187504610201, 0.2500000000004605205, 0.3125000000003955170, 0.3437500000003630429, 0.3593750000003468337, 0.3671875000003387290, 0.3710937500003345657, 0.3730468750003325118, 0.3740234375003314571, 0.3750000000003304024, 0.4375000000002604583, 0.4687500000002255418, 0.4843750000002080558, 0.4921875000001993405, 0.4960937500001949552, 0.4980468750001927902, 0.4990234375001916800, 0.5000000000001905143, 0.6250000000000509592, 0.6874999999999811262, 0.7187499999999461542, 0.7343749999999287237, 0.7421874999999199529, 0.7460937499999156231, 0.7480468749999134026, 0.7490234374999122924, 0.7495117187499117373, 0.7499999999999111822, 0.7812499999999197309, 0.7968749999999239497, 0.8046874999999260591, 0.8085937499999271694, 0.8105468749999277245, 0.8115234374999279465, 0.8120117187499281686, 0.8124999999999282796, 0.8437499999999403810, 0.8593749999999463762, 0.8671874999999494849, 0.8710937499999510392, 0.8749999999999524825, 1.000000000000000000 ),
 .UNSPECIFIED. ) ;
#2803 = CARTESIAN_POINT ( 'NONE',  ( -2.676365890446999796, 0.8282910393011000405, -2.375739976949000187 ) ) ;
#2804 = ORIENTED_EDGE ( 'NONE', *, *, #3223, .T. ) ;
#2805 = CARTESIAN_POINT ( 'NONE',  ( 1.932654795978000051, 2.543260618536000273, -4.399526067526999817 ) ) ;
#2806 = CARTESIAN_POINT ( 'NONE',  ( 2.097476834967785031, 2.392563086248569615, -2.990072993772794341 ) ) ;
#2807 = CARTESIAN_POINT ( 'NONE',  ( -2.773341944295238282, 1.600499975050311496, -2.087313549400271917 ) ) ;
#2808 = CARTESIAN_POINT ( 'NONE',  ( -0.3948060549890436977, -3.151105665089817709, -1.954872056399396651 ) ) ;
#2809 = CARTESIAN_POINT ( 'NONE',  ( 1.694572249308000211, -2.229957918970999931, -1.504882503337999999 ) ) ;
#2810 = CARTESIAN_POINT ( 'NONE',  ( -2.253893242280999853, 2.087388703947000046, -1.567550688542999948 ) ) ;
#2811 = ORIENTED_EDGE ( 'NONE', *, *, #3711, .F. ) ;
#2812 = CARTESIAN_POINT ( 'NONE',  ( -0.6508218154640000863, 2.863777599015000064, -4.146349108144000262 ) ) ;
#2813 = CARTESIAN_POINT ( 'NONE',  ( 2.448316844033000095, -1.413536388964000023, -4.336226850888839301 ) ) ;
#2814 = CARTESIAN_POINT ( 'NONE',  ( 2.686369738734000201, -0.8313870651189000371, -3.482864236095999821 ) ) ;
#2815 = CARTESIAN_POINT ( 'NONE',  ( 0.000000000000000000, 2.952465917602000278, -1.736460147560000111 ) ) ;
#2816 = LINE ( 'NONE', #639, #3302 ) ;
#2817 = EDGE_CURVE ( 'NONE', #871, #4659, #5261, .T. ) ;
#2818 = CARTESIAN_POINT ( 'NONE',  ( -2.524269869361713159, 1.936985640301095435, -1.397182349600900597 ) ) ;
#2819 = CARTESIAN_POINT ( 'NONE',  ( -3.174999836422518484, 0.4671612695784990721, -2.132007946383171149 ) ) ;
#2820 = CARTESIAN_POINT ( 'NONE',  ( 1.400208558182000296, 2.425232363965000193, -3.277893517554812952 ) ) ;
#2821 = EDGE_CURVE ( 'NONE', #4238, #3150, #3427, .T. ) ;
#2822 = CARTESIAN_POINT ( 'NONE',  ( 1.083914082544999991, -2.582521575934999980, -4.353349296229000132 ) ) ;
#2823 = ORIENTED_EDGE ( 'NONE', *, *, #4522, .T. ) ;
#2824 = CARTESIAN_POINT ( 'NONE',  ( -1.184094262037999945, -2.821209751675000543, -4.648537239078000205 ) ) ;
#2825 = ORIENTED_EDGE ( 'NONE', *, *, #2960, .F. ) ;
#2826 = CARTESIAN_POINT ( 'NONE',  ( -3.063834454273000052, -0.9482061602393000443, -2.783538033998000039 ) ) ;
#2827 = CARTESIAN_POINT ( 'NONE',  ( 3.012072691443274941, -1.025252787262818543, -1.711697001754053593 ) ) ;
#2828 = CARTESIAN_POINT ( 'NONE',  ( 2.055504026985000010, -1.903655331299000109, -2.075390812446000322 ) ) ;
#2829 = EDGE_LOOP ( 'NONE', ( #3364, #4245, #3434, #2105 ) ) ;
#2830 = CARTESIAN_POINT ( 'NONE',  ( -1.236200906108000153, 2.945358459331000045, -3.576377919378999959 ) ) ;
#2831 = DIRECTION ( 'NONE',  ( 1.000000000000000000, 0.000000000000000000, 0.000000000000000000 ) ) ;
#2832 = CARTESIAN_POINT ( 'NONE',  ( -3.012072665976078589, 1.025252862668809328, -2.064474782448246337 ) ) ;
#2833 = CARTESIAN_POINT ( 'NONE',  ( 0.4132720963870504249, -3.175321803518893038, -1.924986770529014457 ) ) ;
#2834 = CARTESIAN_POINT ( 'NONE',  ( -1.694572249308000211, 2.229957918970999931, -1.857660281115999901 ) ) ;
#2835 = CARTESIAN_POINT ( 'NONE',  ( 2.049999999999999822, -6.099999999999999645, -7.599999999999999645 ) ) ;
#2836 = CARTESIAN_POINT ( 'NONE',  ( -1.769729570693000076, 2.328860555939999966, -4.100644833150999702 ) ) ;
#2837 = COLOUR_RGB ( '',0.6470588235294117974, 0.5176470588235293491, 0.000000000000000000 ) ;
#2838 = CARTESIAN_POINT ( 'NONE',  ( -1.400208558182000296, -2.425232363965000193, -1.702393997573999895 ) ) ;
#2839 = CARTESIAN_POINT ( 'NONE',  ( 2.778486331853999847, 0.3525636569632999984, -4.142715516657999864 ) ) ;
#2840 = CARTESIAN_POINT ( 'NONE',  ( -2.556910488450999885, -1.476232958801000139, -2.912386073486000093 ) ) ;
#2841 = CARTESIAN_POINT ( 'NONE',  ( 2.244587665504203855, -2.245540295378654516, -3.264250773446121912 ) ) ;
#2842 = CARTESIAN_POINT ( 'NONE',  ( 2.063187188137999950, 1.910770905142000098, -2.075753284991006531 ) ) ;
#2843 = CARTESIAN_POINT ( 'NONE',  ( 2.212317086793037735, -2.277404932528830361, -2.560188804739269131 ) ) ;
#2844 = FACE_OUTER_BOUND ( 'NONE', #727, .T. ) ;
#2845 = CARTESIAN_POINT ( 'NONE',  ( 1.407681001913258623, 2.853563250043664290, -3.668051702058122920 ) ) ;
#2846 = CARTESIAN_POINT ( 'NONE',  ( -2.686369738734000201, 0.8313870651189000371, -3.075290322027813605 ) ) ;
#2847 = CARTESIAN_POINT ( 'NONE',  ( 1.400208558182000296, -2.425232363965000193, -3.634671455338999824 ) ) ;
#2848 = ORIENTED_EDGE ( 'NONE', *, *, #2161, .T. ) ;
#2849 = CARTESIAN_POINT ( 'NONE',  ( 2.934656025390999901, -0.9082275700565000109, -3.753500773331000406 ) ) ;
#2850 = CARTESIAN_POINT ( 'NONE',  ( 2.643708060444879937, 1.759310461262713066, -1.697627642229551981 ) ) ;
#2851 = ORIENTED_EDGE ( 'NONE', *, *, #1354, .T. ) ;
#2852 = CARTESIAN_POINT ( 'NONE',  ( -1.932678427628000017, 2.543291716405000180, -2.920590330915000088 ) ) ;
#2853 = CYLINDRICAL_SURFACE ( 'NONE', #2951, 3.100000000000000533 ) ;
#2854 = ORIENTED_EDGE ( 'NONE', *, *, #5527, .T. ) ;
#2855 = CARTESIAN_POINT ( 'NONE',  ( -1.932654795978000051, -2.543260618536000273, -4.046748289748999916 ) ) ;
#2856 = CARTESIAN_POINT ( 'NONE',  ( -1.406380739056460660, 2.854058538861851346, -2.858333517503637733 ) ) ;
#2857 = CARTESIAN_POINT ( 'NONE',  ( 2.055510326824999900, -1.903661165743000039, -4.356440871048000041 ) ) ;
#2858 = DIRECTION ( 'NONE',  ( 0.000000000000000000, 0.000000000000000000, 1.000000000000000000 ) ) ;
#2859 = CARTESIAN_POINT ( 'NONE',  ( -0.03956233521724487195, -3.174784144486494153, -1.941741282947176295 ) ) ;
#2860 = CARTESIAN_POINT ( 'NONE',  ( 0.6231825505962000911, -2.742157970261000166, -1.550586778330999893 ) ) ;
#2861 = CIRCLE ( 'NONE', #4359, 3.299999999999998934 ) ;
#2862 = PRODUCT_CONTEXT ( 'NONE', #1091, 'mechanical' ) ;
#2863 = CARTESIAN_POINT ( 'NONE',  ( 2.096312690280948576, -2.393616796528348356, -3.977343205634752632 ) ) ;
#2864 = CARTESIAN_POINT ( 'NONE',  ( -2.154693243804000069, -1.995517025035999703, -3.911163922959000505 ) ) ;
#2865 = CARTESIAN_POINT ( 'NONE',  ( -2.448316844033000095, 1.413536388964000023, -1.173227330907999910 ) ) ;
#2866 = CARTESIAN_POINT ( 'NONE',  ( -2.686369738734000201, -0.8313870651189000371, -3.770478034557000147 ) ) ;
#2867 = ADVANCED_FACE ( 'NONE', ( #1675 ), #1584, .T. ) ;
#2868 = CARTESIAN_POINT ( 'NONE',  ( 1.769733998381000095, 2.328866382518000044, -3.219489840302999895 ) ) ;
#2869 = CARTESIAN_POINT ( 'NONE',  ( 1.694572249308000211, 2.229957918970999931, -2.056293580668006271 ) ) ;
#2870 = CARTESIAN_POINT ( 'NONE',  ( -3.073166302607171385, -0.8246249213981281523, -4.116801888129797860 ) ) ;
#2871 = CARTESIAN_POINT ( 'NONE',  ( -3.500000000000000000, -4.799999999999999822, -8.199999999999999289 ) ) ;
#2872 = CARTESIAN_POINT ( 'NONE',  ( -2.929113455597528226, 1.225172890655015001, -2.160456457889345927 ) ) ;
#2873 = CARTESIAN_POINT ( 'NONE',  ( 0.6231825505962000911, 2.742157970261000166, -3.245311527895823556 ) ) ;
#2874 = CARTESIAN_POINT ( 'NONE',  ( 2.778486331853999847, -0.3525636569632000228, -4.235756703636999632 ) ) ;
#2875 = ORIENTED_EDGE ( 'NONE', *, *, #545, .F. ) ;
#2876 = CARTESIAN_POINT ( 'NONE',  ( -2.556904091329999851, 1.476229265421000303, -1.938304155523000061 ) ) ;
#2877 = DIRECTION ( 'NONE',  ( 0.000000000000000000, 0.000000000000000000, -1.000000000000000000 ) ) ;
#2878 = ORIENTED_EDGE ( 'NONE', *, *, #3223, .F. ) ;
#2879 = CARTESIAN_POINT ( 'NONE',  ( 2.353087849929000441, -2.179255390271000348, -2.548352848812999838 ) ) ;
#2880 = CARTESIAN_POINT ( 'NONE',  ( 2.097703737131598967, -2.392275704879895493, -1.772364512921631441 ) ) ;
#2881 = EDGE_LOOP ( 'NONE', ( #4019, #351, #158, #5541 ) ) ;
#2882 = CARTESIAN_POINT ( 'NONE',  ( 2.253876160782000149, 2.087372884330000122, -2.224797069626999857 ) ) ;
#2883 = CARTESIAN_POINT ( 'NONE',  ( -1.536366799937286531, 1.999167105995450777, 0.000000000000000000 ) ) ;
#2884 = CARTESIAN_POINT ( 'NONE',  ( 2.768147931949000107, 0.3512518117201999801, -4.258307982778999801 ) ) ;
#2885 = CARTESIAN_POINT ( 'NONE',  ( -1.301813391897048477, -2.896046784534242136, -1.988311259640421547 ) ) ;
#2886 = CARTESIAN_POINT ( 'NONE',  ( -2.448316844033000095, 1.413536388964000023, -1.106430714597999909 ) ) ;
#2887 = EDGE_CURVE ( 'NONE', #2777, #1960, #3457, .T. ) ;
#2888 = DIRECTION ( 'NONE',  ( 1.000000000000000000, 0.000000000000000000, 0.000000000000000000 ) ) ;
#2889 = CARTESIAN_POINT ( 'NONE',  ( -1.131987617969000048, -2.697061044018000064, -4.571015203521000103 ) ) ;
#2890 = CARTESIAN_POINT ( 'NONE',  ( 2.448316844033000095, -1.413536388964000023, -1.526005108684999945 ) ) ;
#2891 = CARTESIAN_POINT ( 'NONE',  ( 1.083914082544999991, -2.582521575934999980, -4.286552679919999775 ) ) ;
#2892 = CARTESIAN_POINT ( 'NONE',  ( 2.556910488450999885, -1.476232958801000139, -2.677200888300999893 ) ) ;
#2893 = CARTESIAN_POINT ( 'NONE',  ( 1.694572249308000211, 2.229957918970999931, -1.350738025112005802 ) ) ;
#2894 = CARTESIAN_POINT ( 'NONE',  ( -2.678019338777569480, -0.7934656189480667754, -1.071080214109877415 ) ) ;
#2895 = CARTESIAN_POINT ( 'NONE',  ( -1.597200814124890123, 2.774991487370860543, -1.440160469679111488 ) ) ;
#2896 = DIRECTION ( 'NONE',  ( 0.000000000000000000, 0.000000000000000000, 1.000000000000000000 ) ) ;
#2897 = CARTESIAN_POINT ( 'NONE',  ( 0.000000000000000000, -2.827072777928000047, -2.160763887924812998 ) ) ;
#2898 = CARTESIAN_POINT ( 'NONE',  ( -0.6231825505960999489, -2.742157970261000166, -4.425237613829000161 ) ) ;
#2899 = ORIENTED_EDGE ( 'NONE', *, *, #1387, .T. ) ;
#2900 = CARTESIAN_POINT ( 'NONE',  ( 0.6508218154640000863, 2.863777599015000064, -2.082111054753000179 ) ) ;
#2901 = DIRECTION ( 'NONE',  ( 0.000000000000000000, 1.000000000000000000, -0.000000000000000000 ) ) ;
#2902 = ORIENTED_EDGE ( 'NONE', *, *, #1707, .T. ) ;
#2903 = CARTESIAN_POINT ( 'NONE',  ( -2.232306720222000607, 1.688994620302000094, -4.515193333145000487 ) ) ;
#2904 = CARTESIAN_POINT ( 'NONE',  ( 1.932678427628000017, -2.543291716405000180, -3.273368108691999900 ) ) ;
#2905 = DIRECTION ( 'NONE',  ( 0.000000000000000000, 0.000000000000000000, -1.000000000000000000 ) ) ;
#2906 = ORIENTED_EDGE ( 'NONE', *, *, #5476, .F. ) ;
#2907 = CARTESIAN_POINT ( 'NONE',  ( 3.035286445374000053, 0.3851491644366000222, -1.591129831671000083 ) ) ;
#2908 = CARTESIAN_POINT ( 'NONE',  ( 2.184465970885645536, 1.259047450927248679, -0.000000000000000000 ) ) ;
#2909 = DIRECTION ( 'NONE',  ( -0.000000000000000000, -1.000000000000000000, -0.000000000000000000 ) ) ;
#2910 = EDGE_CURVE ( 'NONE', #4691, #5695, #2473, .T. ) ;
#2911 = CARTESIAN_POINT ( 'NONE',  ( -2.605660817553290709, -1.820657799312804581, -2.047842387484950955 ) ) ;
#2912 = CARTESIAN_POINT ( 'NONE',  ( -2.448316844033000095, -1.413536388964000023, -4.583412516093000377 ) ) ;
#2913 = CARTESIAN_POINT ( 'NONE',  ( 1.589066585862078940, -2.756497956077820444, -3.998281570118352946 ) ) ;
#2914 = CARTESIAN_POINT ( 'NONE',  ( -1.596933849498999969, -2.765970563658000092, -1.916959337748000092 ) ) ;
#2915 = CARTESIAN_POINT ( 'NONE',  ( -1.394998557377999937, 2.416208377863999779, -1.919578416261999987 ) ) ;
#2916 = CARTESIAN_POINT ( 'NONE',  ( -2.063187188137999950, -1.910770905142000098, -1.734975987232999950 ) ) ;
#2917 = AXIS2_PLACEMENT_3D ( 'NONE', #2008, #5097, #1125 ) ;
#2918 = CARTESIAN_POINT ( 'NONE',  ( 1.694572249308000211, -2.229957918970999931, -1.371289270719999953 ) ) ;
#2919 = CARTESIAN_POINT ( 'NONE',  ( -1.462313979973999922, 2.532802109932999812, -2.383219406819999886 ) ) ;
#2920 = AXIS2_PLACEMENT_3D ( 'NONE', #19, #5681, #1296 ) ;
#2921 = CARTESIAN_POINT ( 'NONE',  ( -2.448316844033000095, 1.413536388964000023, -1.161226850888836371 ) ) ;
#2922 = LINE ( 'NONE', #5156, #2927 ) ;
#2923 = ADVANCED_FACE ( 'NONE', ( #4719 ), #313, .T. ) ;
#2924 = CARTESIAN_POINT ( 'NONE',  ( 1.193183835505644996, 3.400000000045404924, -8.200000000000480682 ) ) ;
#2925 = CARTESIAN_POINT ( 'NONE',  ( -3.174999999999998490, 2.167323116120987127E-11, -4.233333333334046600 ) ) ;
#2926 = CARTESIAN_POINT ( 'NONE',  ( 2.063187188137999950, -1.910770905142000098, -2.069385601969823796 ) ) ;
#2927 = VECTOR ( 'NONE', #3425, 1000.000000000000000 ) ;
#2928 = CARTESIAN_POINT ( 'NONE',  ( 2.778486331853999847, -0.3525636569632999984, -3.530201148080999829 ) ) ;
#2929 = CARTESIAN_POINT ( 'NONE',  ( 2.768139447978999801, 0.3512507351845000070, -2.682813479732999884 ) ) ;
#2930 = ORIENTED_EDGE ( 'NONE', *, *, #4522, .F. ) ;
#2931 = CARTESIAN_POINT ( 'NONE',  ( 2.901717188661999902, -0.3682004880784000012, -1.539852366782999971 ) ) ;
#2932 = CARTESIAN_POINT ( 'NONE',  ( 0.000000000000000000, 0.000000000000000000, -1.175997295320030389 ) ) ;
#2933 = ORIENTED_EDGE ( 'NONE', *, *, #4801, .T. ) ;
#2934 = CARTESIAN_POINT ( 'NONE',  ( 2.063187188137999950, -1.910770905142000098, -4.174051788617999748 ) ) ;
#2935 = CARTESIAN_POINT ( 'NONE',  ( -0.3819822651081100084, -0.1217131053530289275, -2.799999999999999822 ) ) ;
#2936 = CARTESIAN_POINT ( 'NONE',  ( -0.3672345404958009540, -0.1590168331967623805, -1.800000000000000488 ) ) ;
#2937 = VERTEX_POINT ( 'NONE', #3020 ) ;
#2938 = CARTESIAN_POINT ( 'NONE',  ( -3.059244170917000183, 0.000000000000000000, -1.251474339228000110 ) ) ;
#2939 = CARTESIAN_POINT ( 'NONE',  ( -1.999167105995451221, 1.536366799937288086, -0.000000000000000000 ) ) ;
#2940 = CARTESIAN_POINT ( 'NONE',  ( -2.478058844082009049, -0.3930411523814191233, -1.800000000000000044 ) ) ;
#2941 = CARTESIAN_POINT ( 'NONE',  ( -1.851206213005000212, 2.436079049462000157, -3.703677059533000193 ) ) ;
#2942 = PLANE ( 'NONE',  #918 ) ;
#2943 = CARTESIAN_POINT ( 'NONE',  ( 2.448316844033000095, 1.413536388964000023, -2.047171455338999912 ) ) ;
#2944 = DIRECTION ( 'NONE',  ( 0.000000000000000000, 0.000000000000000000, 1.000000000000000000 ) ) ;
#2945 = CARTESIAN_POINT ( 'NONE',  ( 0.3215944374217135082, 0.2439865121982034979, -2.799999999999999822 ) ) ;
#2946 = CARTESIAN_POINT ( 'NONE',  ( 3.193867698996999849, 0.000000000000000000, -1.681774152563000113 ) ) ;
#2947 = CARTESIAN_POINT ( 'NONE',  ( 2.500000000000000000, 0.1588637460819050662, -1.800000000000000044 ) ) ;
#2948 = CARTESIAN_POINT ( 'NONE',  ( -2.676374093144000543, -0.8282935779004000354, -2.474959389566000034 ) ) ;
#2949 = CARTESIAN_POINT ( 'NONE',  ( -2.063187188137999950, 1.910770905142000098, -1.199441637545000106 ) ) ;
#2950 = CARTESIAN_POINT ( 'NONE',  ( 3.174999997512471861, -1.918156643496938471E-07, -3.175000031958635560 ) ) ;
#2951 = AXIS2_PLACEMENT_3D ( 'NONE', #4997, #3235, #596 ) ;
#2952 = UNCERTAINTY_MEASURE_WITH_UNIT (LENGTH_MEASURE( 1.000000000000000082E-05 ), #5303, 'distance_accuracy_value', 'NONE');
#2953 = CARTESIAN_POINT ( 'NONE',  ( 2.063187188137999950, 1.910770905142000098, -1.887363916083000026 ) ) ;
#2954 = CARTESIAN_POINT ( 'NONE',  ( -2.901724448471000084, 0.3682014092795999893, -2.278749099561999891 ) ) ;
#2955 = CARTESIAN_POINT ( 'NONE',  ( 0.6231825505962000911, 2.742157970261000166, -1.305033750119005687 ) ) ;
#2956 = DIRECTION ( 'NONE',  ( 1.000000000000000000, 0.000000000000000000, 0.000000000000000000 ) ) ;
#2957 = CARTESIAN_POINT ( 'NONE',  ( 1.590796292291660308, 2.755490693919827372, -1.558032695235608278 ) ) ;
#2958 = CARTESIAN_POINT ( 'NONE',  ( -3.044201616149061707, -0.9019078922375777241, -1.291568343339157376 ) ) ;
#2959 = CARTESIAN_POINT ( 'NONE',  ( -2.778486331853999847, 0.3525636569632999984, -1.644719506592813518 ) ) ;
#2960 = EDGE_CURVE ( 'NONE', #579, #4667, #779, .T. ) ;
#2961 = CARTESIAN_POINT ( 'NONE',  ( -2.448316844033000095, -1.413536388964000023, -1.627597061252000099 ) ) ;
#2962 = CARTESIAN_POINT ( 'NONE',  ( -0.6208618634615999943, -2.731946370599999785, -2.192983405039000022 ) ) ;
#2963 = EDGE_LOOP ( 'NONE', ( #1191, #2823, #2795, #4565 ) ) ;
#2964 = CARTESIAN_POINT ( 'NONE',  ( -2.805515059268000044, 0.8682605739783999521, -1.912089848885000221 ) ) ;
#2965 = CARTESIAN_POINT ( 'NONE',  ( -3.174990062294296145, 1.226093936061901406E-06, -3.527800780286786342 ) ) ;
#2966 = ORIENTED_EDGE ( 'NONE', *, *, #1138, .F. ) ;
#2967 = CARTESIAN_POINT ( 'NONE',  ( 2.778486331853999847, 0.3525636569632999984, -4.075918900349000396 ) ) ;
#2968 = CARTESIAN_POINT ( 'NONE',  ( 1.079877664222000044, 2.572904450759999850, -1.859665331585000025 ) ) ;
#2969 = CARTESIAN_POINT ( 'NONE',  ( -3.168894449455999851, -0.4021027574698999851, -4.214108849432999904 ) ) ;
#2970 = CARTESIAN_POINT ( 'NONE',  ( 0.2634668500010737269, -0.3022708126128264006, -1.800000000000000711 ) ) ;
#2971 = VERTEX_POINT ( 'NONE', #2989 ) ;
#2972 = CARTESIAN_POINT ( 'NONE',  ( 0.6807798646093000672, 2.995600454385999978, -1.454077534754000034 ) ) ;
#2973 = CARTESIAN_POINT ( 'NONE',  ( -2.184465970885645536, 1.259047450927248679, 0.000000000000000000 ) ) ;
#2974 = CARTESIAN_POINT ( 'NONE',  ( -2.338869636227257409, -0.8832234145495247990, -1.800000000000000488 ) ) ;
#2975 = PLANE ( 'NONE',  #2564 ) ;
#2976 = CARTESIAN_POINT ( 'NONE',  ( -1.851206213005000212, -2.436079049462000157, -4.200292000572999562 ) ) ;
#2977 = CARTESIAN_POINT ( 'NONE',  ( 2.697127324318733255, -1.678373859237225263, -1.826557338698201693 ) ) ;
#2978 = CARTESIAN_POINT ( 'NONE',  ( 3.500000000000000000, -4.799999999999999822, -7.599999999999999645 ) ) ;
#2979 = CARTESIAN_POINT ( 'NONE',  ( 1.596933849498999969, 2.765970563658000092, -1.564181559969999968 ) ) ;
#2980 = CARTESIAN_POINT ( 'NONE',  ( -0.3203326704019884286, -3.159737455436635756, -3.363230241600690285 ) ) ;
#2981 = CARTESIAN_POINT ( 'NONE',  ( -2.768147931949000107, -0.3512518117201999801, -1.788863538335000003 ) ) ;
#2982 = CARTESIAN_POINT ( 'NONE',  ( 0.6231825505962000911, 2.742157970261000166, -2.728145341249000211 ) ) ;
#2983 = CARTESIAN_POINT ( 'NONE',  ( 2.934510474371489597, 1.212140013939642991, -3.131577540207175492 ) ) ;
#2984 = CARTESIAN_POINT ( 'NONE',  ( -2.778486331853999847, 0.3525636569632999984, -1.632719026573999921 ) ) ;
#2985 = CARTESIAN_POINT ( 'NONE',  ( -2.556910488450999885, -1.476232958801000139, -3.617941629041999896 ) ) ;
#2986 = CARTESIAN_POINT ( 'NONE',  ( -2.686369738734000201, -0.8313870651189000371, -3.186515231600005382 ) ) ;
#2987 = LINE ( 'NONE', #888, #3680 ) ;
#2988 = CARTESIAN_POINT ( 'NONE',  ( 2.523183199901299911, 1.938293909870730580, -1.601563805976461419 ) ) ;
#2989 = CARTESIAN_POINT ( 'NONE',  ( 2.049999999999999822, -7.400000000000000355, -13.75000000000000000 ) ) ;
#2990 = CARTESIAN_POINT ( 'NONE',  ( 1.400208558182000296, 2.425232363965000193, -1.866782406443813436 ) ) ;
#2991 = CARTESIAN_POINT ( 'NONE',  ( -1.694572249308000211, 2.229957918970999931, -1.790863664805999900 ) ) ;
#2992 = CARTESIAN_POINT ( 'NONE',  ( -2.676365890446999796, -0.8282910393011000405, -2.310575997632000167 ) ) ;
#2993 = ORIENTED_EDGE ( 'NONE', *, *, #5041, .T. ) ;
#2994 = CARTESIAN_POINT ( 'NONE',  ( 0.000000000000000000, -2.952458530842999807, -1.703118970336999993 ) ) ;
#2995 = CARTESIAN_POINT ( 'NONE',  ( -3.101564616291124121, 0.6805803806606771644, -1.434306179237084145 ) ) ;
#2996 = VERTEX_POINT ( 'NONE', #5596 ) ;
#2997 = ADVANCED_FACE ( 'NONE', ( #3892, #4752 ), #1705, .F. ) ;
#2998 = CARTESIAN_POINT ( 'NONE',  ( -2.448316844033000095, -1.413536388964000023, -4.383022667165000108 ) ) ;
#2999 = CARTESIAN_POINT ( 'NONE',  ( -2.676365890446999796, -0.8282910393011000405, -1.605020442075999920 ) ) ;
#3000 = ADVANCED_FACE ( 'NONE', ( #5565 ), #4783, .F. ) ;
#3001 = CARTESIAN_POINT ( 'NONE',  ( 0.09923621893673154060, -0.3883483094515853828, -2.800000000000001155 ) ) ;
#3002 = CARTESIAN_POINT ( 'NONE',  ( 0.3517814310586940274, -0.1982874407681892992, -1.800000000000000266 ) ) ;
#3003 = EDGE_LOOP ( 'NONE', ( #3693, #234, #2597, #3461 ) ) ;
#3004 = CARTESIAN_POINT ( 'NONE',  ( -2.934656025390999901, 0.9082275700565000109, -1.284056328886000076 ) ) ;
#3005 = CARTESIAN_POINT ( 'NONE',  ( -2.434931691670789711, 0.6543697108982009514, -0.000000000000000000 ) ) ;
#3006 = DIRECTION ( 'NONE',  ( 1.000000000000000000, 0.000000000000000000, -0.000000000000000000 ) ) ;
#3007 = CARTESIAN_POINT ( 'NONE',  ( -3.174999999999998046, 5.561137481044435210E-15, -3.439583331406093958 ) ) ;
#3008 = CARTESIAN_POINT ( 'NONE',  ( -2.253893242280999853, -2.087388703947000046, -4.219751704896999911 ) ) ;
#3009 = DIRECTION ( 'NONE',  ( 0.000000000000000000, -1.000000000000000000, 0.000000000000000000 ) ) ;
#3010 = B_SPLINE_CURVE_WITH_KNOTS ( 'NONE', 3,
 ( #3594, #1837, #946, #3241, #1889, #4002, #5003, #1432, #5389, #2670, #135, #1375, #4891, #491, #2242, #162, #4945, #3645, #2299, #1028, #997, #4059, #2753, #109, #603, #2349, #5362, #4113, #4542, #4515 ),
 .UNSPECIFIED., .F., .F.,
 ( 4, 2, 2, 2, 2, 2, 2, 2, 2, 2, 2, 2, 2, 2, 4 ),
 ( -0.03982361083265406609, -0.03920136301512652105, -0.03857911519759896907, -0.03733461956254387898, -0.03671237174501632700, -0.03609012392748878195, -0.03546787610996123691, -0.03484562829243368492, -0.03422338047490613988, -0.03360113265737858790, -0.03297888483985104285, -0.03235663702232349781, -0.03173438920479594583, -0.03111214138726840078, -0.02986764575221330723 ),
 .UNSPECIFIED. ) ;
#3011 = CARTESIAN_POINT ( 'NONE',  ( -0.7107379137545000169, 3.127423309756999892, -1.479170957036000100 ) ) ;
#3012 = CARTESIAN_POINT ( 'NONE',  ( 2.824521743446611666, -1.451000334087721333, -3.228047608717408146 ) ) ;
#3013 = CARTESIAN_POINT ( 'NONE',  ( -2.768147931949000107, -0.3512518117201999801, -2.494419093889999939 ) ) ;
#3014 = CARTESIAN_POINT ( 'NONE',  ( -0.8460421177836265905, 2.352598385350612720, -1.800000000000000266 ) ) ;
#3015 = CARTESIAN_POINT ( 'NONE',  ( 0.000000000000000000, -2.827072777928000047, -3.054708812388999828 ) ) ;
#3016 = CARTESIAN_POINT ( 'NONE',  ( -1.083914082544999991, 2.582521575934999980, -1.750311619167000066 ) ) ;
#3017 = CARTESIAN_POINT ( 'NONE',  ( -1.769733998381000095, -2.328866382518000044, -3.572267618080000595 ) ) ;
#3018 = CARTESIAN_POINT ( 'NONE',  ( -1.694572249308000211, -2.229957918970999931, -2.409071358445006528 ) ) ;
#3019 = CARTESIAN_POINT ( 'NONE',  ( 2.753405289444995852, 1.594426559413270938, -1.616731828368365820 ) ) ;
#3020 = CARTESIAN_POINT ( 'NONE',  ( 3.175000000000001155, -2.772395129823463113E-08, -3.792361110091688747 ) ) ;
#3021 = CARTESIAN_POINT ( 'NONE',  ( 2.686369738734000201, -0.8313870651189000371, -2.016956988694813990 ) ) ;
#3022 = CARTESIAN_POINT ( 'NONE',  ( -2.493990027155999822, 1.301844352175999919, -4.629178976440000426 ) ) ;
#3023 = CARTESIAN_POINT ( 'NONE',  ( -2.055504026985000010, -1.903655331299000109, -4.374814051022999806 ) ) ;
#3025 = EDGE_LOOP ( 'NONE', ( #1594, #1933, #1132, #4016, #41 ) ) ;
#3024 = EDGE_CURVE ( 'NONE', #593, #3702, #721, .T. ) ;
#3026 = ORIENTED_EDGE ( 'NONE', *, *, #2706, .F. ) ;
#3027 = CARTESIAN_POINT ( 'NONE',  ( -2.800417116365000236, 1.079691891448000077E-14, -3.736263407906000200 ) ) ;
#3028 = CARTESIAN_POINT ( 'NONE',  ( -1.309749692415392408, -2.501851254542461600, -4.518721387728783512 ) ) ;
#3029 = CARTESIAN_POINT ( 'NONE',  ( -0.3882980501770719184, -0.09936365152809720214, -2.800000000000000266 ) ) ;
#3030 = CARTESIAN_POINT ( 'NONE',  ( 2.669999999909578037, 0.000000000000000000, -1.000000000033196557 ) ) ;
#3031 = VECTOR ( 'NONE', #3183, 1000.000000000000000 ) ;
#3032 = ORIENTED_EDGE ( 'NONE', *, *, #3771, .F. ) ;
#3033 = CARTESIAN_POINT ( 'NONE',  ( -2.674601219188000201, -1.544181733873000173, -2.603789154043000043 ) ) ;
#3034 = LINE ( 'NONE', #451, #5252 ) ;
#3035 = DIRECTION ( 'NONE',  ( 0.000000000000000000, 0.000000000000000000, 1.000000000000000000 ) ) ;
#3036 = CARTESIAN_POINT ( 'NONE',  ( -1.529633678037999989, -2.649403247329999989, -4.187169715238000300 ) ) ;
#3037 = CARTESIAN_POINT ( 'NONE',  ( 2.859308904798067097, -1.381921856005295712, -1.814069434960568383 ) ) ;
#3038 = CARTESIAN_POINT ( 'NONE',  ( 0.6231825505962000911, 2.742157970261000166, -2.661348724939999855 ) ) ;
#3039 = CARTESIAN_POINT ( 'NONE',  ( -2.854362772486119582, -1.405736756325266512, -4.182227165189676299 ) ) ;
#3040 = CARTESIAN_POINT ( 'NONE',  ( -1.932654795978000051, -2.543260618536000273, -3.341192734194000202 ) ) ;
#3041 = CARTESIAN_POINT ( 'NONE',  ( -0.02154537215740087025, -3.174931322002092049, -3.352186055670620224 ) ) ;
#3042 = CARTESIAN_POINT ( 'NONE',  ( -1.688266958050000044, 2.221660524640999945, -1.906456130927000059 ) ) ;
#3043 = EDGE_CURVE ( 'NONE', #4275, #4906, #4778, .T. ) ;
#3044 = CARTESIAN_POINT ( 'NONE',  ( 2.011543708704403688, 1.523885159940283174, -1.800000000000000488 ) ) ;
#3045 = CARTESIAN_POINT ( 'NONE',  ( 2.686369738734000201, -0.8313870651189000371, -2.910901913158999932 ) ) ;
#3046 = CARTESIAN_POINT ( 'NONE',  ( -2.493990027155999822, 1.301844352175999919, -4.562382360131000070 ) ) ;
#3047 = CARTESIAN_POINT ( 'NONE',  ( -2.604608988439999884, 1.359588086443000332, -4.436060312935000027 ) ) ;
#3048 = B_SPLINE_CURVE_WITH_KNOTS ( 'NONE', 3,
 ( #2264, #4968, #16, #3532, #4456, #512, #4023, #73, #680, #4134, #3290, #4107, #5052, #1160, #183, #266, #3783, #4190 ),
 .UNSPECIFIED., .F., .F.,
 ( 4, 2, 2, 2, 2, 2, 2, 2, 4 ),
 ( 0.009959836929869660127, 0.01053821424968575185, 0.01111659156950184357, 0.01169496888931793530, 0.01227334620913402702, 0.01285172352895011874, 0.01343010084876621046, 0.01400847816858230219, 0.01458685548839839217 ),
 .UNSPECIFIED. ) ;
#3049 = CARTESIAN_POINT ( 'NONE',  ( -1.400208558182000296, -2.425232363965000193, -3.101504628666006624 ) ) ;
#3050 = FACE_OUTER_BOUND ( 'NONE', #1775, .T. ) ;
#3051 = CARTESIAN_POINT ( 'NONE',  ( 2.244743373982958090, 2.245384642062930869, -3.791304678420557295 ) ) ;
#3052 = CARTESIAN_POINT ( 'NONE',  ( 0.000000000000000000, 2.827072777928000047, -1.157226690881999920 ) ) ;
#3053 = CARTESIAN_POINT ( 'NONE',  ( 1.394994281911000167, -2.416200972537000169, -3.519083913215999893 ) ) ;
#3054 = CARTESIAN_POINT ( 'NONE',  ( -2.669999999999999929, 0.3495021827118646729, -0.000000000000000000 ) ) ;
#3055 = ORIENTED_EDGE ( 'NONE', *, *, #614, .T. ) ;
#3056 = CARTESIAN_POINT ( 'NONE',  ( -2.287082420336464583, -2.202409630821429154, -2.735174593534885013 ) ) ;
#3057 = CARTESIAN_POINT ( 'NONE',  ( 2.676365890446999796, -0.8282910393011000405, -1.317406643615000039 ) ) ;
#3058 = CARTESIAN_POINT ( 'NONE',  ( 3.063834454273000052, -0.9482061602394000754, -3.907035346648000118 ) ) ;
#3059 = CARTESIAN_POINT ( 'NONE',  ( -2.800417116365000236, 1.079691891448000077E-14, -3.748263887924813798 ) ) ;
#3060 = VERTEX_POINT ( 'NONE', #1790 ) ;
#3061 = CARTESIAN_POINT ( 'NONE',  ( -3.059244170917000183, 0.000000000000000000, -3.368141005894000006 ) ) ;
#3062 = CARTESIAN_POINT ( 'NONE',  ( -3.100000000000000533, 3.796405077356795411E-16, -5.599999999999998757 ) ) ;
#3063 = CARTESIAN_POINT ( 'NONE',  ( -3.044201616149061707, -0.9019078922375777241, -1.291568343339157376 ) ) ;
#3064 = CARTESIAN_POINT ( 'NONE',  ( 0.6807850240499999650, 2.995623157207000453, -3.801809947802000433 ) ) ;
#3065 = CARTESIAN_POINT ( 'NONE',  ( 2.632302678684320441, -1.775279556588787111, -1.830829425370485986 ) ) ;
#3066 = CARTESIAN_POINT ( 'NONE',  ( -0.6231825505960999489, -2.742157970261000166, -3.014126502718000200 ) ) ;
#3067 = CARTESIAN_POINT ( 'NONE',  ( -2.392438389109257102, -2.097525315364467069, -4.151547962392932334 ) ) ;
#3068 = CARTESIAN_POINT ( 'NONE',  ( 1.596933849498999969, -2.765970563658000092, -3.210477856266000352 ) ) ;
#3069 = CARTESIAN_POINT ( 'NONE',  ( 3.174999997512471861, -1.918156643496938471E-07, -3.175000031958635560 ) ) ;
#3070 = CARTESIAN_POINT ( 'NONE',  ( -2.768147931949000107, 0.3512518117201999801, -3.226219220115000397 ) ) ;
#3071 = CARTESIAN_POINT ( 'NONE',  ( 1.645878575097352359, 1.889707849479411061, -1.800000000000000711 ) ) ;
#3072 = ADVANCED_FACE ( 'NONE', ( #3050 ), #4812, .T. ) ;
#3073 = CARTESIAN_POINT ( 'NONE',  ( 1.400208558182000296, 2.425232363965000193, -2.760727330907999821 ) ) ;
#3074 = EDGE_CURVE ( 'NONE', #3340, #2345, #3546, .T. ) ;
#3075 = CARTESIAN_POINT ( 'NONE',  ( -2.686369738734000201, 0.8313870651189000371, -2.357734286453999850 ) ) ;
#3076 = CARTESIAN_POINT ( 'NONE',  ( 2.901724448471000084, -0.3682014092795999893, -4.042637988451001085 ) ) ;
#3077 = CARTESIAN_POINT ( 'NONE',  ( 2.063187188137999950, -1.910770905142000098, -2.951330046415004738 ) ) ;
#3078 = CARTESIAN_POINT ( 'NONE',  ( -3.500000000000000000, -7.400000000000000355, -15.19999999999999929 ) ) ;
#3079 = CARTESIAN_POINT ( 'NONE',  ( 3.030018861783196016, 0.9500574395761365309, -3.847273250524092969 ) ) ;
#3080 = CARTESIAN_POINT ( 'NONE',  ( -2.625060003699999811, -0.9577989995874000018, -0.9423677983923000046 ) ) ;
#3081 = CARTESIAN_POINT ( 'NONE',  ( -2.789988563821000245, 0.000000000000000000, -4.459824653956999896 ) ) ;
#3082 = LINE ( 'NONE', #4546, #1654 ) ;
#3083 = CARTESIAN_POINT ( 'NONE',  ( -2.936112964935013725, -1.208250296801520296, -2.778953975030168166 ) ) ;
#3084 = CARTESIAN_POINT ( 'NONE',  ( -1.079877664222000044, 2.572904450759999850, -1.768317309661999959 ) ) ;
#3085 = CARTESIAN_POINT ( 'NONE',  ( -2.054286440730415997, 2.421410852630033972, -2.214496518703514827 ) ) ;
#3086 = CARTESIAN_POINT ( 'NONE',  ( 2.448316844033000095, -1.413536388964000023, -4.159837961998813505 ) ) ;
#3087 = VERTEX_POINT ( 'NONE', #866 ) ;
#3088 = CARTESIAN_POINT ( 'NONE',  ( -3.059244170917000183, 0.000000000000000000, -2.662585450338999848 ) ) ;
#3089 = FACE_OUTER_BOUND ( 'NONE', #1941, .T. ) ;
#3090 = EDGE_LOOP ( 'NONE', ( #4426, #5049 ) ) ;
#3091 = DIRECTION ( 'NONE',  ( 0.8660254037839322239, 0.000000000000000000, 0.5000000000008771872 ) ) ;
#3092 = CARTESIAN_POINT ( 'NONE',  ( 2.353087849929000441, 2.179255390271000348, -2.378331642945000102 ) ) ;
#3093 = CARTESIAN_POINT ( 'NONE',  ( 1.588804245152485528, -2.756755664675615947, -3.204522852638153285 ) ) ;
#3094 = CARTESIAN_POINT ( 'NONE',  ( -1.083914082544999991, -2.582521575934999980, -2.328030651485999858 ) ) ;
#3095 = CARTESIAN_POINT ( 'NONE',  ( 2.934678266330999818, 0.9082344532599000431, -2.508291429283000085 ) ) ;
#3096 = CARTESIAN_POINT ( 'NONE',  ( 1.932654795978000051, 2.543260618536000273, -2.282859400860000054 ) ) ;
#3097 = CARTESIAN_POINT ( 'NONE',  ( -3.500000000000000000, -7.400000000000000355, -8.199999999999999289 ) ) ;
#3098 = CARTESIAN_POINT ( 'NONE',  ( 2.676374093144000543, 0.8282935779004000354, -2.827737167343999936 ) ) ;
#3099 = CARTESIAN_POINT ( 'NONE',  ( -0.7901744029140598258, 2.372492821296374288, -1.800000000000000711 ) ) ;
#3100 =( NAMED_UNIT ( * ) PLANE_ANGLE_UNIT ( ) SI_UNIT ( $, .RADIAN. ) );
#3101 = CARTESIAN_POINT ( 'NONE',  ( 1.400208558182000296, 2.425232363965000193, -3.466282886462999979 ) ) ;
#3102 = CARTESIAN_POINT ( 'NONE',  ( -2.686369738734000201, -0.8313870651189000371, -2.998125862692000432 ) ) ;
#3103 = CARTESIAN_POINT ( 'NONE',  ( 1.462313979973999922, -2.532802109932999812, -4.147108295708999748 ) ) ;
#3104 = CARTESIAN_POINT ( 'NONE',  ( -2.556904091329999851, 1.476229265421000303, -2.643859711077999997 ) ) ;
#3105 = CARTESIAN_POINT ( 'NONE',  ( 2.686369738734000201, 0.8313870651189000371, -3.539293009378005728 ) ) ;
#3106 = CARTESIAN_POINT ( 'NONE',  ( -3.174999999999999822, 3.888253587292846081E-16, 2.259920353756999845 ) ) ;
#3107 = CARTESIAN_POINT ( 'NONE',  ( 1.015519251011448576, 3.015388390258864071, -3.741869985896114414 ) ) ;
#3108 = CARTESIAN_POINT ( 'NONE',  ( -1.400208558182000296, -2.425232363965000193, -2.274356320512000096 ) ) ;
#3109 = CARTESIAN_POINT ( 'NONE',  ( 1.079877664222000044, -2.572904450759999850, -3.532206198551000487 ) ) ;
#3110 = ADVANCED_FACE ( 'NONE', ( #5278 ), #4415, .T. ) ;
#3111 = CARTESIAN_POINT ( 'NONE',  ( -2.272573126366908003, -2.217261192419851312, -2.734414851781209688 ) ) ;
#3112 = CARTESIAN_POINT ( 'NONE',  ( 1.451091720635877325, 2.824473799636876947, -3.052006007863105719 ) ) ;
#3113 = CARTESIAN_POINT ( 'NONE',  ( 0.7140985853332619815, 3.095398786469027108, -2.319503327539309101 ) ) ;
#3114 = CARTESIAN_POINT ( 'NONE',  ( -1.083914082544999991, 2.582521575934999980, -3.878978765851982757 ) ) ;
#3115 = VERTEX_POINT ( 'NONE', #4388 ) ;
#3116 = CARTESIAN_POINT ( 'NONE',  ( 1.332267629549999942E-14, -3.088363467746999991, -2.486196561449999898 ) ) ;
#3117 = DIRECTION ( 'NONE',  ( 0.000000000000000000, 0.000000000000000000, -1.000000000000000000 ) ) ;
#3118 = CARTESIAN_POINT ( 'NONE',  ( -0.3175572163237600498, -2.499932630022029478, -1.800000000000000711 ) ) ;
#3119 = CIRCLE ( 'NONE', #5341, 3.500000000049840132 ) ;
#3120 = B_SPLINE_CURVE_WITH_KNOTS ( 'NONE', 3,
 ( #1915, #3705, #5496, #4112 ),
 .UNSPECIFIED., .F., .F.,
 ( 4, 4 ),
 ( 0.000000000000000000, 1.000000000000000000 ),
 .UNSPECIFIED. ) ;
#3121 = CARTESIAN_POINT ( 'NONE',  ( 1.932678427628000017, 2.543291716405000180, -2.358871938621000197 ) ) ;
#3122 = CARTESIAN_POINT ( 'NONE',  ( -2.853128148362715333, -1.408218331778623655, -3.388515709477875060 ) ) ;
#3123 = EDGE_CURVE ( 'NONE', #964, #150, #3494, .T. ) ;
#3124 = VECTOR ( 'NONE', #1184, 1000.000000000000000 ) ;
#3125 = CARTESIAN_POINT ( 'NONE',  ( 2.686369738734000201, 0.8313870651189000371, -2.778941317532999999 ) ) ;
#3126 = CARTESIAN_POINT ( 'NONE',  ( -3.059267356074999888, 1.303124275154000106E-14, -3.599206752275000198 ) ) ;
#3127 = CARTESIAN_POINT ( 'NONE',  ( 3.193867698996999849, 0.000000000000000000, -2.387329708118000049 ) ) ;
#3128 = CARTESIAN_POINT ( 'NONE',  ( 2.600507046704402025, -0.6988668512392798293, -0.000000000000000000 ) ) ;
#3129 = CARTESIAN_POINT ( 'NONE',  ( 2.439206963470999856, -1.408276796968999989, -3.624671008853999954 ) ) ;
#3130 = DIRECTION ( 'NONE',  ( 0.000000000000000000, 1.000000000000000000, 0.000000000000000000 ) ) ;
#3131 = AXIS2_PLACEMENT_3D ( 'NONE', #2588, #5184, #4356 ) ;
#3132 = SURFACE_STYLE_FILL_AREA ( #4087 ) ;
#3133 = CARTESIAN_POINT ( 'NONE',  ( 2.800417116365000236, 0.000000000000000000, -4.289431034610999838 ) ) ;
#3134 = CARTESIAN_POINT ( 'NONE',  ( 2.448316844033000095, -1.413536388964000023, -2.031170815314000233 ) ) ;
#3135 = CARTESIAN_POINT ( 'NONE',  ( -2.934678266330999818, 0.9082344532599000431, -2.220677630822999848 ) ) ;
#3136 = CARTESIAN_POINT ( 'NONE',  ( -1.462310321417999992, 2.532795773129000061, -3.408211562930000493 ) ) ;
#3137 = CARTESIAN_POINT ( 'NONE',  ( 1.694572249308000211, 2.229957918970999931, -4.172960247334005501 ) ) ;
#3138 = CARTESIAN_POINT ( 'NONE',  ( 0.2047627010313980700, 3.168624249426180928, -3.711736776324370268 ) ) ;
#3139 = CARTESIAN_POINT ( 'NONE',  ( 2.448316844033000095, -1.413536388964000023, -2.097967431623000145 ) ) ;
#3140 = CARTESIAN_POINT ( 'NONE',  ( -1.462313979973999922, -2.532802109932999812, -1.442478666079000105 ) ) ;
#3141 = CARTESIAN_POINT ( 'NONE',  ( -2.855433211697170570, -1.403091829062727891, -2.771220862453822598 ) ) ;
#3142 = EDGE_CURVE ( 'NONE', #4906, #4275, #1469, .T. ) ;
#3143 = CARTESIAN_POINT ( 'NONE',  ( 1.146711116603596814, 2.961623735147898895, -3.041254136347185444 ) ) ;
#3144 = CARTESIAN_POINT ( 'NONE',  ( 2.097795904930381372, 2.392277001824545835, -2.372772642948088428 ) ) ;
#3145 = CARTESIAN_POINT ( 'NONE',  ( -2.686369738734000201, -0.8313870651189000371, -3.715681898266813388 ) ) ;
#3146 = AXIS2_PLACEMENT_3D ( 'NONE', #5181, #3792, #1297 ) ;
#3147 = ORIENTED_EDGE ( 'NONE', *, *, #1271, .T. ) ;
#3148 = CARTESIAN_POINT ( 'NONE',  ( 0.6807798646093000672, -2.995600454385999978, -3.165537810368000304 ) ) ;
#3149 = CARTESIAN_POINT ( 'NONE',  ( -2.669999999999999929, 3.269806953723433465E-16, 2.259920353756999845 ) ) ;
#3150 = VERTEX_POINT ( 'NONE', #2619 ) ;
#3151 = CARTESIAN_POINT ( 'NONE',  ( 0.6589295104366342803, -2.414108017535913753, -1.800000000000000044 ) ) ;
#3152 = CARTESIAN_POINT ( 'NONE',  ( -3.063834454273000052, -0.9482061602394000754, -2.077982478442999881 ) ) ;
#3153 = CARTESIAN_POINT ( 'NONE',  ( 3.100000000000000533, 0.000000000000000000, -5.599999999999998757 ) ) ;
#3154 = CARTESIAN_POINT ( 'NONE',  ( -2.778486331853999847, 0.3525636569632999984, -2.471867814748000214 ) ) ;
#3155 = CARTESIAN_POINT ( 'NONE',  ( -1.851206213005000212, -2.436079049462000157, -3.494736445017000204 ) ) ;
#3156 = CARTESIAN_POINT ( 'NONE',  ( -0.7107379137546001591, 3.127423309756999892, -2.890282068147000505 ) ) ;
#3157 = CARTESIAN_POINT ( 'NONE',  ( 0.3495021827118640068, -2.670000000000000373, 0.000000000000000000 ) ) ;
#3158 = CARTESIAN_POINT ( 'NONE',  ( 0.6208637663186999944, 2.731954743643000061, -3.415700130307000038 ) ) ;
#3159 = DIRECTION ( 'NONE',  ( 1.000000000000000000, 0.000000000000000000, 0.000000000000000000 ) ) ;
#3160 = DIRECTION ( 'NONE',  ( 1.000000000000000000, 0.000000000000000000, -0.000000000000000000 ) ) ;
#3161 = CARTESIAN_POINT ( 'NONE',  ( 1.694572249308000211, -2.229957918970999931, -3.688345786314000119 ) ) ;
#3162 = CARTESIAN_POINT ( 'NONE',  ( 2.063187188137999950, -1.910770905142000098, -2.057385121950999984 ) ) ;
#3163 = CARTESIAN_POINT ( 'NONE',  ( 1.040834085586000006E-14, -3.088386873591999926, -2.011706752274999843 ) ) ;
#3164 = CARTESIAN_POINT ( 'NONE',  ( -1.462310321417999992, -2.532795773129000061, -2.467470822189000490 ) ) ;
#3165 = CARTESIAN_POINT ( 'NONE',  ( 2.063187188137999950, -1.910770905142000098, -4.362441157526005142 ) ) ;
#3166 = CARTESIAN_POINT ( 'NONE',  ( 2.245795329500714033, 2.244333078960996541, -3.791357796811273051 ) ) ;
#3167 = CARTESIAN_POINT ( 'NONE',  ( -0.6231825505962000911, 2.742157970261000166, -3.247679050911000065 ) ) ;
#3168 = CARTESIAN_POINT ( 'NONE',  ( -2.154698634633000154, -1.995522017622999744, -1.475060655737000070 ) ) ;
#3169 = CARTESIAN_POINT ( 'NONE',  ( -2.769267084943380031, -1.560597160873448130, -2.764663017556948432 ) ) ;
#3170 = CARTESIAN_POINT ( 'NONE',  ( 1.381525771851501272, 2.859497858638412104, -3.049466524222165908 ) ) ;
#3171 = CARTESIAN_POINT ( 'NONE',  ( 2.245021694555697778, 2.245106376799990144, -2.380207700919161784 ) ) ;
#3172 = CARTESIAN_POINT ( 'NONE',  ( -1.083914082544999991, -2.582521575934999980, -4.323104565552982059 ) ) ;
#3173 = EDGE_CURVE ( 'NONE', #5163, #1421, #5720, .T. ) ;
#3174 = VERTEX_POINT ( 'NONE', #2220 ) ;
#3175 = CARTESIAN_POINT ( 'NONE',  ( 1.851192183335000241, 2.436060587237999897, -4.322004031969999716 ) ) ;
#3176 = CARTESIAN_POINT ( 'NONE',  ( -1.959825482626623261, 2.507469472359107332, -1.513977532528777425 ) ) ;
#3177 = CARTESIAN_POINT ( 'NONE',  ( -1.645878575097352359, -1.889707849479411061, -1.800000000000000711 ) ) ;
#3178 = EDGE_CURVE ( 'NONE', #3954, #593, #1328, .T. ) ;
#3179 = CARTESIAN_POINT ( 'NONE',  ( 3.168894449455999851, -0.4021027574698999851, -1.770908975658000317 ) ) ;
#3180 = CARTESIAN_POINT ( 'NONE',  ( -3.091039711259614631, -0.8350298839946472818, -3.411326064022286442 ) ) ;
#3181 = CARTESIAN_POINT ( 'NONE',  ( 1.851206213005000212, -2.436079049462000157, -2.645343726200000578 ) ) ;
#3182 = CARTESIAN_POINT ( 'NONE',  ( 0.7107379137546001591, -3.127423309756999892, -4.654170957036000367 ) ) ;
#3183 = DIRECTION ( 'NONE',  ( 0.000000000000000000, 1.000000000000000000, -0.000000000000000000 ) ) ;
#3184 = CARTESIAN_POINT ( 'NONE',  ( -2.055510326824999900, 1.903661165743000039, -2.592551982159000179 ) ) ;
#3185 = FILL_AREA_STYLE_COLOUR ( '', #2837 ) ;
#3186 = CARTESIAN_POINT ( 'NONE',  ( 0.000000000000000000, -2.827072777928000047, -4.465819923499999788 ) ) ;
#3187 = CARTESIAN_POINT ( 'NONE',  ( -1.400208558182000296, -2.425232363965000193, -2.913115259757999898 ) ) ;
#3188 = CARTESIAN_POINT ( 'NONE',  ( 2.674621489245000205, 1.544193436795999963, -1.776521567090000087 ) ) ;
#3189 = CARTESIAN_POINT ( 'NONE',  ( 1.584843367652000123E-14, 2.952458530842999807, -3.467007859225999855 ) ) ;
#3190 = CARTESIAN_POINT ( 'NONE',  ( 0.3272492347489364128, -2.500000000000000888, -0.000000000000000000 ) ) ;
#3191 = CARTESIAN_POINT ( 'NONE',  ( -2.697771998054222298, 1.677334564181607535, -3.590401357938936222 ) ) ;
#3192 = CARTESIAN_POINT ( 'NONE',  ( 1.400208558182000296, 2.425232363965000193, -2.627134098288999908 ) ) ;
#3193 = CARTESIAN_POINT ( 'NONE',  ( 1.462313979973999922, -2.532802109932999812, -2.030441629041999985 ) ) ;
#3194 = CARTESIAN_POINT ( 'NONE',  ( 2.913032326460323507, -1.262947510903466020, -2.514765526537576790 ) ) ;
#3195 = CARTESIAN_POINT ( 'NONE',  ( -2.928916395710212672, 1.225647755362652802, -2.866031151559076839 ) ) ;
#3196 = CARTESIAN_POINT ( 'NONE',  ( -2.636536101690288625, 1.768986229281748424, -2.183329272975992108 ) ) ;
#3197 = CARTESIAN_POINT ( 'NONE',  ( -2.063187188137999950, -1.910770905142000098, -2.957697729435813550 ) ) ;
#3198 = ORIENTED_EDGE ( 'NONE', *, *, #1138, .T. ) ;
#3199 = CARTESIAN_POINT ( 'NONE',  ( 2.674601219188000201, 1.544181733873000173, -3.662122487376000102 ) ) ;
#3200 = CARTESIAN_POINT ( 'NONE',  ( 2.749017375586816136, 1.588863715834913037, -1.705037919000586655 ) ) ;
#3201 = CARTESIAN_POINT ( 'NONE',  ( 2.860487427137605287, -0.9220034622602832908, -1.191969617207831345 ) ) ;
#3202 = CARTESIAN_POINT ( 'NONE',  ( -2.353087849929000441, 2.179255390271000348, -1.490019515480000001 ) ) ;
#3203 = CARTESIAN_POINT ( 'NONE',  ( 0.000000000000000000, 3.400000000027603164, -11.70000000000000107 ) ) ;
#3204 = CARTESIAN_POINT ( 'NONE',  ( 0.000000000000000000, 3.088386873591999926, -3.070040085608999991 ) ) ;
#3205 = AXIS2_PLACEMENT_3D ( 'NONE', #3878, #456, #3939 ) ;
#3206 = CARTESIAN_POINT ( 'NONE',  ( -1.932654795978000051, 2.543260618536000273, -4.255688904264999906 ) ) ;
#3207 = CARTESIAN_POINT ( 'NONE',  ( 1.002438231117817713, 2.683364830489613162, -1.107413124007966321 ) ) ;
#3208 = CARTESIAN_POINT ( 'NONE',  ( -1.079880973899999930, 2.572912336362000119, -4.049367368262999811 ) ) ;
#3209 = LINE ( 'NONE', #50, #2671 ) ;
#3210 = CARTESIAN_POINT ( 'NONE',  ( 3.010906761687811350, -2.767016198561166060E-12, -4.403177389428011956 ) ) ;
#3211 = CARTESIAN_POINT ( 'NONE',  ( -1.400208558182000296, -2.425232363965000193, -4.524616219796000038 ) ) ;
#3212 = AXIS2_PLACEMENT_3D ( 'NONE', #923, #5690, #3948 ) ;
#3213 = CARTESIAN_POINT ( 'NONE',  ( 1.083914082544999991, 2.582521575934999980, -3.252770752201000093 ) ) ;
#3214 = CARTESIAN_POINT ( 'NONE',  ( -3.059267356074999888, 0.000000000000000000, -1.482540085609000302 ) ) ;
#3215 = CARTESIAN_POINT ( 'NONE',  ( -2.502926139018501139, 1.953525429044675965, -4.308357230147122685 ) ) ;
#3216 = CARTESIAN_POINT ( 'NONE',  ( 1.462310321417999992, 2.532795773129000061, -4.231359711078001240 ) ) ;
#3217 = VECTOR ( 'NONE', #430, 1000.000000000000000 ) ;
#3218 = CARTESIAN_POINT ( 'NONE',  ( -2.778486331853999847, 0.3525636569632001338, -3.937775062149005745 ) ) ;
#3219 = CARTESIAN_POINT ( 'NONE',  ( -3.174999875295980267, 0.4656025131308141329, -3.543057237858018294 ) ) ;
#3220 = CARTESIAN_POINT ( 'NONE',  ( 0.000000000000000000, -2.827072777928000047, -2.215560024215000201 ) ) ;
#3221 = CARTESIAN_POINT ( 'NONE',  ( 3.916311719364999883E-14, 2.952465917602000278, -1.030904592004000087 ) ) ;
#3222 = CARTESIAN_POINT ( 'NONE',  ( 0.000000000000000000, 0.000000000000000000, -4.401996453907486284 ) ) ;
#3223 = EDGE_CURVE ( 'NONE', #3723, #3087, #3736, .T. ) ;
#3224 = CARTESIAN_POINT ( 'NONE',  ( 0.01056314098502153520, 3.174986854505728484, -2.999001981185990484 ) ) ;
#3225 = CARTESIAN_POINT ( 'NONE',  ( 2.097476827121261600, 2.392563095051076338, -3.695628548892960552 ) ) ;
#3226 = CARTESIAN_POINT ( 'NONE',  ( -2.778486331853999847, 0.3525636569631999673, -3.055830617703823471 ) ) ;
#3227 = CIRCLE ( 'NONE', #1771, 3.299999999999998934 ) ;
#3228 = ORIENTED_EDGE ( 'NONE', *, *, #4650, .T. ) ;
#3229 = CARTESIAN_POINT ( 'NONE',  ( -3.035286445374000053, -0.3851491644366000222, -4.060574276115000991 ) ) ;
#3230 = CARTESIAN_POINT ( 'NONE',  ( -0.06462587886311230156, 3.174503799860214581, -1.585104979004551939 ) ) ;
#3231 = ORIENTED_EDGE ( 'NONE', *, *, #5545, .F. ) ;
#3232 = CARTESIAN_POINT ( 'NONE',  ( 3.000108224438756022, 0.4364356294654074819, -4.395608955392289019 ) ) ;
#3233 = CARTESIAN_POINT ( 'NONE',  ( 1.236216021826999967, 2.945394473874999974, -3.038182923507000588 ) ) ;
#3234 = VECTOR ( 'NONE', #764, 1000.000000000000000 ) ;
#3235 = DIRECTION ( 'NONE',  ( 0.000000000000000000, 0.000000000000000000, 1.000000000000000000 ) ) ;
#3236 = CARTESIAN_POINT ( 'NONE',  ( -0.6208618634615999943, 2.731946370599999785, -2.493332569540999799 ) ) ;
#3237 = ORIENTED_EDGE ( 'NONE', *, *, #960, .T. ) ;
#3238 = CARTESIAN_POINT ( 'NONE',  ( 3.193867698996999849, 0.000000000000000000, -4.503996374785000256 ) ) ;
#3239 = CARTESIAN_POINT ( 'NONE',  ( 2.410794768395948751, 1.652215345580795969, -1.140973323580980248 ) ) ;
#3240 = CARTESIAN_POINT ( 'NONE',  ( -2.768147931949000107, 0.3512518117201999801, -3.931774775671000199 ) ) ;
#3241 = CARTESIAN_POINT ( 'NONE',  ( 3.073430079364910306, -0.8232329659314915338, -2.409525697860123383 ) ) ;
#3242 = CARTESIAN_POINT ( 'NONE',  ( -1.230300997557612908, -2.926942942936733072, -1.985815103022198658 ) ) ;
#3243 = CARTESIAN_POINT ( 'NONE',  ( 2.686369738734000201, -0.8313870651189000371, -1.432994185737999970 ) ) ;
#3244 = CARTESIAN_POINT ( 'NONE',  ( 2.674621489245000205, -1.544193436795999963, -1.188558604126999985 ) ) ;
#3245 = CARTESIAN_POINT ( 'NONE',  ( -2.049999999999999822, -7.400000000000000355, -15.19999999999999929 ) ) ;
#3246 = CARTESIAN_POINT ( 'NONE',  ( 2.901717188661999902, -0.3682004880784000012, -4.362074589005000114 ) ) ;
#3247 = EDGE_CURVE ( 'NONE', #1421, #4101, #5333, .T. ) ;
#3248 = ADVANCED_FACE ( 'NONE', ( #1119 ), #3765, .F. ) ;
#3249 = CARTESIAN_POINT ( 'NONE',  ( -2.063187188137999950, 1.910770905142000098, -4.009663379748835688 ) ) ;
#3250 = CARTESIAN_POINT ( 'NONE',  ( -2.054270120003498512, 2.421424695545679739, -3.625608410470841925 ) ) ;
#3251 = CARTESIAN_POINT ( 'NONE',  ( 1.400208558182000296, 2.425232363965000193, -3.332689653845000155 ) ) ;
#3252 = CARTESIAN_POINT ( 'NONE',  ( 2.154698634633000154, -1.995522017622999744, -1.292304083827999994 ) ) ;
#3253 = CARTESIAN_POINT ( 'NONE',  ( 2.248250829226372982, -2.241878456729880842, -2.558524734214449037 ) ) ;
#3254 = CARTESIAN_POINT ( 'NONE',  ( 0.000000000000000000, -4.799999999999999822, -11.70000000000000107 ) ) ;
#3255 = CARTESIAN_POINT ( 'NONE',  ( -2.531660316200672334, 1.916586652876504981, -2.189963260107462339 ) ) ;
#3256 = CARTESIAN_POINT ( 'NONE',  ( 2.448316844033000095, 1.413536388964000023, -2.631134258295813488 ) ) ;
#3257 = CARTESIAN_POINT ( 'NONE',  ( 1.400208558182000296, -2.425232363965000193, -4.340227010895000070 ) ) ;
#3258 = ORIENTED_EDGE ( 'NONE', *, *, #787, .F. ) ;
#3259 = CARTESIAN_POINT ( 'NONE',  ( 2.253876160782000149, 2.087372884330000122, -4.341463736294000064 ) ) ;
#3260 = CARTESIAN_POINT ( 'NONE',  ( 2.679002497415419182, 1.705333524854625971, -1.700008265530533524 ) ) ;
#3261 = ORIENTED_EDGE ( 'NONE', *, *, #2091, .T. ) ;
#3262 = CARTESIAN_POINT ( 'NONE',  ( -0.1338557142426065605, 3.172648782680654644, -4.312514164704308151 ) ) ;
#3263 = CARTESIAN_POINT ( 'NONE',  ( -2.353087849929000441, 2.179255390271000348, -2.901130626591000183 ) ) ;
#3264 = CARTESIAN_POINT ( 'NONE',  ( -2.853128988546894007, -1.408216633598986967, -1.977404669060343956 ) ) ;
#3265 = CARTESIAN_POINT ( 'NONE',  ( 1.394994281911000167, 2.416200972537000169, -2.578343172474999889 ) ) ;
#3266 = ORIENTED_EDGE ( 'NONE', *, *, #188, .T. ) ;
#3267 = CARTESIAN_POINT ( 'NONE',  ( 1.596933849498999969, -2.765970563658000092, -3.916033411822000154 ) ) ;
#3268 = CARTESIAN_POINT ( 'NONE',  ( 0.000000000000000000, -4.799999999999999822, -8.400000000000000355 ) ) ;
#3269 = CARTESIAN_POINT ( 'NONE',  ( -2.768147931949000107, -0.3512518117201999801, -3.905530205000999899 ) ) ;
#3270 = CARTESIAN_POINT ( 'NONE',  ( -1.224313844232459481, -2.929452362920267117, -1.985607778725682726 ) ) ;
#3271 = CARTESIAN_POINT ( 'NONE',  ( -2.686369738734000201, 0.8313870651189000371, -1.080216407960999936 ) ) ;
#3272 = CARTESIAN_POINT ( 'NONE',  ( -1.462310321417999992, -2.532795773129000061, -4.584137488856000253 ) ) ;
#3273 = CARTESIAN_POINT ( 'NONE',  ( -2.686369738734000201, 0.8313870651189000371, -1.147013024270000292 ) ) ;
#3274 = CARTESIAN_POINT ( 'NONE',  ( -1.694572249308000211, 2.229957918970999931, -3.907530331473000107 ) ) ;
#3275 = CARTESIAN_POINT ( 'NONE',  ( 2.924627959947999845, 0.000000000000000000, -2.618404592005000087 ) ) ;
#3276 = CARTESIAN_POINT ( 'NONE',  ( 2.506080501772773417, -1.949783658307398859, -3.249831025389010808 ) ) ;
#3277 = CARTESIAN_POINT ( 'NONE',  ( 0.6231825505962000911, 2.742157970261000166, -2.010589305674836513 ) ) ;
#3278 = CARTESIAN_POINT ( 'NONE',  ( 2.897457147966441493, -1.298671784583202760, -2.516218142905771060 ) ) ;
#3279 = B_SPLINE_CURVE_WITH_KNOTS ( 'NONE', 3,
 ( #4646, #688, #5115, #2493, #1168, #3378, #2945, #2086, #2410, #4198, #5146, #4708, #3848, #1233, #1663, #3300, #3412, #5180, #4596, #2435, #712, #5061, #277, #661, #2028, #4172, #220, #1973 ),
 .UNSPECIFIED., .F., .F.,
 ( 4, 2, 2, 2, 1, 2, 2, 2, 2, 2, 2, 1, 2, 2, 4 ),
 ( 0.000000000000000000, 0.06249999999999994449, 0.1249999999999998890, 0.2499999999999997780, 0.3124999999999997224, 0.3437499999999997224, 0.3749999999999997780, 0.4999999999999998890, 0.5624999999999998890, 0.6250000000000000000, 0.7500000000000000000, 0.8124999999999998890, 0.8437499999999998890, 0.8749999999999998890, 1.000000000000000000 ),
 .UNSPECIFIED. ) ;
#3280 = CARTESIAN_POINT ( 'NONE',  ( -0.2087751001976842213, 3.174903697574133155, -1.491580703625150273 ) ) ;
#3281 = CARTESIAN_POINT ( 'NONE',  ( -2.859785547829724717, 1.380933690599360997, -2.166806872101525894 ) ) ;
#3282 = CARTESIAN_POINT ( 'NONE',  ( -2.778486331853999847, -0.3525636569632999984, -3.029586047034813490 ) ) ;
#3283 = CARTESIAN_POINT ( 'NONE',  ( -2.686369738734000201, 0.8313870651188000060, -4.607994185738000681 ) ) ;
#3284 = ADVANCED_FACE ( 'NONE', ( #1604 ), #4326, .T. ) ;
#3285 = ORIENTED_EDGE ( 'NONE', *, *, #3847, .F. ) ;
#3286 = CARTESIAN_POINT ( 'NONE',  ( 3.059244170917000183, -1.659783421814999987E-14, -3.720918783671999908 ) ) ;
#3287 = CARTESIAN_POINT ( 'NONE',  ( 0.4439168653007836141, 3.149728950595072074, -1.603897772959522960 ) ) ;
#3288 = ORIENTED_EDGE ( 'NONE', *, *, #5588, .T. ) ;
#3289 = CARTESIAN_POINT ( 'NONE',  ( -3.168894449455999851, -0.4021027574698999851, -3.508553293877000101 ) ) ;
#3290 = CARTESIAN_POINT ( 'NONE',  ( -2.095711168788986889, 2.392870051696727174, -4.241935705687377656 ) ) ;
#3291 = ORIENTED_EDGE ( 'NONE', *, *, #2706, .T. ) ;
#3292 = CARTESIAN_POINT ( 'NONE',  ( 1.932654795978000051, -2.543260618536000273, -3.902911126487000004 ) ) ;
#3293 = CARTESIAN_POINT ( 'NONE',  ( 2.741032762872679829, 1.078051879654528200, -1.154248454723724615 ) ) ;
#3294 = CARTESIAN_POINT ( 'NONE',  ( -2.676374093144000543, 0.8282935779004000354, -3.951234479994000015 ) ) ;
#3295 = CARTESIAN_POINT ( 'NONE',  ( -2.249365521827917380, -2.240754769733822815, -2.027650812261336366 ) ) ;
#3296 = CARTESIAN_POINT ( 'NONE',  ( -2.448316844033000095, -1.413536388964000023, -1.694393677561000233 ) ) ;
#3297 = EDGE_CURVE ( 'NONE', #4950, #1963, #294, .T. ) ;
#3298 = AXIS2_PLACEMENT_3D ( 'NONE', #838, #2896, #4656 ) ;
#3299 = DIRECTION ( 'NONE',  ( 0.000000000000000000, 0.000000000000000000, -1.000000000000000000 ) ) ;
#3300 = CARTESIAN_POINT ( 'NONE',  ( -0.05015692432848176119, 0.3977098693099279658, -2.800000000000000266 ) ) ;
#3301 = CARTESIAN_POINT ( 'NONE',  ( -2.615184120077000074, -0.9545466901456000075, -1.057946568590000025 ) ) ;
#3302 = VECTOR ( 'NONE', #4152, 1000.000000000000000 ) ;
#3303 = CARTESIAN_POINT ( 'NONE',  ( 1.083914082544999991, -2.582521575934999980, -1.597923690315999901 ) ) ;
#3304 = CARTESIAN_POINT ( 'NONE',  ( 2.063187188137999950, -1.910770905142000098, -4.240848404927000104 ) ) ;
#3305 = CARTESIAN_POINT ( 'NONE',  ( 2.901724448471000084, -0.3682014092795999893, -3.337082432894999950 ) ) ;
#3306 = CARTESIAN_POINT ( 'NONE',  ( -1.400208558182000296, 2.425232363965000193, -1.925578702740005754 ) ) ;
#3307 = FACE_OUTER_BOUND ( 'NONE', #3807, .T. ) ;
#3308 = CARTESIAN_POINT ( 'NONE',  ( 3.500000000000000000, -7.400000000000000355, -13.75000000000000000 ) ) ;
#3309 = CARTESIAN_POINT ( 'NONE',  ( -2.824738454846466684, 1.450578392021382834, -2.169696838703889075 ) ) ;
#3310 = CARTESIAN_POINT ( 'NONE',  ( 2.686369738734000201, 0.8313870651189000371, -2.657348564932823454 ) ) ;
#3311 = CARTESIAN_POINT ( 'NONE',  ( -2.778486331853999847, -0.3525636569632999984, -3.856734355189999963 ) ) ;
#3312 = VERTEX_POINT ( 'NONE', #2281 ) ;
#3313 = CARTESIAN_POINT ( 'NONE',  ( -0.6508218154640000863, 2.863777599015000064, -1.324126885921999897 ) ) ;
#3314 = CARTESIAN_POINT ( 'NONE',  ( -2.396375173571363870, -2.085381329849207876, -3.446592475715072545 ) ) ;
#3315 = ORIENTED_EDGE ( 'NONE', *, *, #4764, .F. ) ;
#3316 = ADVANCED_FACE ( 'NONE', ( #1849 ), #4902, .F. ) ;
#3317 = CARTESIAN_POINT ( 'NONE',  ( 2.206568261442000064E-14, 3.224307829582000018, -3.698064468101000202 ) ) ;
#3318 = CARTESIAN_POINT ( 'NONE',  ( 2.536372521758581300, -1.954051048106455912, -1.750223060665153652 ) ) ;
#3319 = ORIENTED_EDGE ( 'NONE', *, *, #1498, .T. ) ;
#3320 = CARTESIAN_POINT ( 'NONE',  ( -2.052135494083000111, -2.439168665825000026, -4.757856867040000104 ) ) ;
#3321 = CARTESIAN_POINT ( 'NONE',  ( 0.3272492347489370790, 2.500000000000000000, 0.000000000000000000 ) ) ;
#3322 = CARTESIAN_POINT ( 'NONE',  ( -2.055510326824999900, -1.903661165743000039, -3.833641887401999959 ) ) ;
#3323 = CARTESIAN_POINT ( 'NONE',  ( -2.609653305296666392, -1.016764702130674713, -4.529023056367901923 ) ) ;
#3324 = CARTESIAN_POINT ( 'NONE',  ( -2.288604273159365654, -2.200825698785139117, -2.029697543426225881 ) ) ;
#3325 = CARTESIAN_POINT ( 'NONE',  ( -2.800417116365000236, -1.899869150890000132E-14, -4.642208812388999739 ) ) ;
#3326 = CARTESIAN_POINT ( 'NONE',  ( 2.522087920800854199, -1.939776758219482478, -3.954753575405751675 ) ) ;
#3327 = CARTESIAN_POINT ( 'NONE',  ( 2.154693243804000069, -1.995517025035999703, -3.728407351049000340 ) ) ;
#3328 = CARTESIAN_POINT ( 'NONE',  ( 2.500000000000000000, -1.224646799147353207E-16, 0.000000000000000000 ) ) ;
#3329 = CARTESIAN_POINT ( 'NONE',  ( -1.083914082544999991, 2.582521575934999980, -3.933774902142999963 ) ) ;
#3330 = CARTESIAN_POINT ( 'NONE',  ( -1.131990450089999989, -2.697067791798000158, -2.840467491855000137 ) ) ;
#3331 = CARTESIAN_POINT ( 'NONE',  ( 0.6231825505962000911, -2.742157970261000166, -2.310938470176995274 ) ) ;
#3332 = CARTESIAN_POINT ( 'NONE',  ( 0.000000000000000000, -3.600000000000000533, -8.400000000000000355 ) ) ;
#3333 = PLANE ( 'NONE',  #2378 ) ;
#3334 = DIRECTION ( 'NONE',  ( 0.000000000000000000, 0.000000000000000000, 1.000000000000000000 ) ) ;
#3335 = CARTESIAN_POINT ( 'NONE',  ( 1.694572249308000211, 2.229957918970999931, -1.879904691777982473 ) ) ;
#3336 = CARTESIAN_POINT ( 'NONE',  ( 2.063187188137999950, -1.910770905142000098, -3.602089465680999858 ) ) ;
#3337 = ORIENTED_EDGE ( 'NONE', *, *, #966, .T. ) ;
#3338 = CARTESIAN_POINT ( 'NONE',  ( 1.131987617969000048, 2.697061044018000064, -1.396015203521000059 ) ) ;
#3339 = CARTESIAN_POINT ( 'NONE',  ( -3.175000048867713698, -0.1824548750954470555, -3.521838190789731371 ) ) ;
#3340 = VERTEX_POINT ( 'NONE', #1767 ) ;
#3341 = CARTESIAN_POINT ( 'NONE',  ( -1.083914082544999991, 2.582521575934999980, -3.866978285832999962 ) ) ;
#3342 = CARTESIAN_POINT ( 'NONE',  ( -3.168894449455999851, -0.4021027574698999851, -2.802997738321999943 ) ) ;
#3343 = CARTESIAN_POINT ( 'NONE',  ( -0.8217933173422514725, -3.073759132044686204, -1.882515353824894211 ) ) ;
#3344 = EDGE_LOOP ( 'NONE', ( #4269, #5318, #4336, #3261 ) ) ;
#3345 = CARTESIAN_POINT ( 'NONE',  ( -2.148955382774000000, -2.353669370077999812, -4.762388444593000258 ) ) ;
#3346 = CARTESIAN_POINT ( 'NONE',  ( 3.500000000000000000, 3.399999999999999911, -8.199999999999999289 ) ) ;
#3347 = CARTESIAN_POINT ( 'NONE',  ( 1.021098604711089930, 3.013593646466044440, -2.242744457655283075 ) ) ;
#3348 = CARTESIAN_POINT ( 'NONE',  ( -0.02371245748364513364, -3.174915873920125975, -1.941155030442045293 ) ) ;
#3349 = CARTESIAN_POINT ( 'NONE',  ( -0.6231825505962000911, 2.742157970261000166, -1.197809000553000214 ) ) ;
#3350 = LINE ( 'NONE', #2409, #2497 ) ;
#3351 = CARTESIAN_POINT ( 'NONE',  ( 2.852863217921350447, -1.408789796488073121, -3.931646557306885281 ) ) ;
#3352 = CARTESIAN_POINT ( 'NONE',  ( -3.037101179067000167, -0.9681003353078999618, -1.295298631307999937 ) ) ;
#3353 = CARTESIAN_POINT ( 'NONE',  ( 2.439206963470999856, 1.408276796968999989, -1.390411749595000135 ) ) ;
#3354 = CARTESIAN_POINT ( 'NONE',  ( -1.400208558182000296, 2.425232363965000193, -1.232023627203999938 ) ) ;
#3355 = CARTESIAN_POINT ( 'NONE',  ( -2.448316844033000095, 1.413536388964000023, -3.861856320512000007 ) ) ;
#3356 = CARTESIAN_POINT ( 'NONE',  ( 1.131990450089999989, 2.697067791798000158, -2.487689714077999881 ) ) ;
#3357 = CARTESIAN_POINT ( 'NONE',  ( 2.686369738734000201, 0.8313870651189000371, -1.422626342711836411 ) ) ;
#3358 = CARTESIAN_POINT ( 'NONE',  ( -3.175000000001087397, -0.2067708252508049238, -4.138368632113959222 ) ) ;
#3359 = CARTESIAN_POINT ( 'NONE',  ( -3.174999999999998046, 1.740349402790675993E-15, -2.028472220295093997 ) ) ;
#3360 = DIRECTION ( 'NONE',  ( -0.000000000000000000, -0.000000000000000000, -1.000000000000000000 ) ) ;
#3361 = CARTESIAN_POINT ( 'NONE',  ( -1.400208558182000296, -2.425232363965000193, -1.514004628665813312 ) ) ;
#3362 = CARTESIAN_POINT ( 'NONE',  ( 2.063187188137999950, 1.910770905142000098, -4.137623815368000280 ) ) ;
#3363 = CARTESIAN_POINT ( 'NONE',  ( -1.688261783756999979, -2.221653715575000021, -2.238687680032000582 ) ) ;
#3364 = ORIENTED_EDGE ( 'NONE', *, *, #5171, .F. ) ;
#3365 = CARTESIAN_POINT ( 'NONE',  ( 2.805515059268000044, 0.8682605739783999521, -1.494148091790000077 ) ) ;
#3366 = DIRECTION ( 'NONE',  ( -1.000000000000000000, 0.000000000000000000, 0.000000000000000000 ) ) ;
#3367 = ORIENTED_EDGE ( 'NONE', *, *, #1011, .F. ) ;
#3368 = CARTESIAN_POINT ( 'NONE',  ( 1.149080830486999943E-14, 2.827072777928000047, -3.912652296795000151 ) ) ;
#3369 = CARTESIAN_POINT ( 'NONE',  ( 1.236216021826999967, -2.945394473874999974, -4.005168234916999914 ) ) ;
#3370 = CARTESIAN_POINT ( 'NONE',  ( 0.4000000000000000222, 2.939152317953647352E-17, -1.800000000000000044 ) ) ;
#3371 = EDGE_LOOP ( 'NONE', ( #2875, #4075 ) ) ;
#3372 = CARTESIAN_POINT ( 'NONE',  ( 3.035286445374000053, -0.3851491644366000222, -2.322929957896000097 ) ) ;
#3373 = CARTESIAN_POINT ( 'NONE',  ( 0.3610797180614187529, 0.1726605131134797133, -1.800000000000000266 ) ) ;
#3374 = DIRECTION ( 'NONE',  ( -0.000000000000000000, -1.000000000000000000, -0.000000000000000000 ) ) ;
#3375 = CARTESIAN_POINT ( 'NONE',  ( -1.529633678037999989, 2.649403247329999989, -3.716799344867999899 ) ) ;
#3376 = CARTESIAN_POINT ( 'NONE',  ( 2.049999999999999822, -7.400000000000000355, -8.199999999999999289 ) ) ;
#3377 = CARTESIAN_POINT ( 'NONE',  ( 2.778486331853999847, 0.3525636569632999984, -2.092845466301000101 ) ) ;
#3378 = CARTESIAN_POINT ( 'NONE',  ( 0.3517814310586968030, 0.1982874407681894935, -2.800000000000000711 ) ) ;
#3379 = CARTESIAN_POINT ( 'NONE',  ( 0.7107379137545000169, 3.127423309756999892, -2.237155125866999938 ) ) ;
#3380 = CARTESIAN_POINT ( 'NONE',  ( -1.257662285434512528, -2.915339651032260004, -3.397870492156298994 ) ) ;
#3381 = CARTESIAN_POINT ( 'NONE',  ( -1.688266958050000044, -2.221660524640999945, -2.403071071967000094 ) ) ;
#3382 = EDGE_CURVE ( 'NONE', #3661, #3060, #101, .T. ) ;
#3383 = CARTESIAN_POINT ( 'NONE',  ( 2.184465970885644204, -1.259047450927250011, 0.000000000000000000 ) ) ;
#3384 = CARTESIAN_POINT ( 'NONE',  ( 2.970353951294840034, 1.122069347953271512, -3.135122439190829891 ) ) ;
#3385 = VECTOR ( 'NONE', #4772, 1000.000000000000000 ) ;
#3386 = CARTESIAN_POINT ( 'NONE',  ( -2.063187188137999950, 1.910770905142000098, -1.704607344173999950 ) ) ;
#3387 = CARTESIAN_POINT ( 'NONE',  ( -2.556910488450999885, 1.476232958801000139, -3.029978666078999794 ) ) ;
#3388 = VECTOR ( 'NONE', #5267, 1000.000000000000000 ) ;
#3389 = CARTESIAN_POINT ( 'NONE',  ( -1.694572249308000211, 2.229957918970999931, -1.206900861850005668 ) ) ;
#3390 = CARTESIAN_POINT ( 'NONE',  ( 0.000000000000000000, 2.869169090132572819, -11.70000000000000107 ) ) ;
#3391 = CARTESIAN_POINT ( 'NONE',  ( 2.601880708195877023, -1.422766655678736170, -4.431198241977127417 ) ) ;
#3392 = DIRECTION ( 'NONE',  ( 1.000000000000000000, 0.000000000000000000, 0.000000000000000000 ) ) ;
#3393 = FACE_OUTER_BOUND ( 'NONE', #97, .T. ) ;
#3394 = CLOSED_SHELL ( 'NONE', ( #840, #1208, #1427, #3422, #3110, #2867, #4140, #1975, #1210, #5700, #1454, #2544, #2368, #3072, #1001, #1559, #3000, #3248, #4744, #1482, #2126, #548, #2997, #1606, #2046, #4556, #5660, #5093, #5157, #3602, #4872, #1848, #4499, #1687, #3316, #4683, #790, #887, #1240, #2757, #1087, #184, #5512, #4940, #2158, #5012, #4082, #5230, #117, #5194, #364, #3284, #5045, #4421, #4319, #3739, #2524, #213, #2923, #2694, #4615, #4332, #1874, #2722 ) ) ;
#3395 = CARTESIAN_POINT ( 'NONE',  ( 1.083914082544999991, 2.582521575934999980, -1.908456257399000044 ) ) ;
#3396 = CARTESIAN_POINT ( 'NONE',  ( 2.789988563821000245, 0.000000000000000000, -2.695935765068000478 ) ) ;
#3397 = ORIENTED_EDGE ( 'NONE', *, *, #5329, .F. ) ;
#3398 = CARTESIAN_POINT ( 'NONE',  ( -2.805515059268000044, 0.8682605739783999521, -1.206534293328999974 ) ) ;
#3399 = CARTESIAN_POINT ( 'NONE',  ( 0.000000000000000000, 0.000000000000000000, -1.000000000033196557 ) ) ;
#3400 = ORIENTED_EDGE ( 'NONE', *, *, #2451, .F. ) ;
#3401 = AXIS2_PLACEMENT_3D ( 'NONE', #1489, #3567, #5330 ) ;
#3402 = CARTESIAN_POINT ( 'NONE',  ( 0.6231825505960999489, -2.742157970261000166, -3.533660212378999965 ) ) ;
#3403 = CARTESIAN_POINT ( 'NONE',  ( 3.063834454273000052, 0.9482061602394000754, -3.841871367331000098 ) ) ;
#3404 = CARTESIAN_POINT ( 'NONE',  ( -3.174999999999998046, 1.740349402790675993E-15, -2.028472220295093997 ) ) ;
#3405 = VERTEX_POINT ( 'NONE', #2387 ) ;
#3406 = CARTESIAN_POINT ( 'NONE',  ( 1.851192183335000241, 2.436060587237999897, -1.499781809748000239 ) ) ;
#3407 = CARTESIAN_POINT ( 'NONE',  ( -1.259047450927248679, 2.184465970885645092, -0.000000000000000000 ) ) ;
#3408 = LINE ( 'NONE', #4768, #5271 ) ;
#3409 = CARTESIAN_POINT ( 'NONE',  ( 2.351383441164939914, 3.167949717639096274, -15.19999999999999929 ) ) ;
#3410 = CARTESIAN_POINT ( 'NONE',  ( -2.253893242280999853, 2.087388703947000046, -3.684217355208999845 ) ) ;
#3411 = CARTESIAN_POINT ( 'NONE',  ( -3.174999999999999822, 3.888253587292846081E-16, 2.259920353756999845 ) ) ;
#3412 = CARTESIAN_POINT ( 'NONE',  ( -0.09923621893673154060, 0.3883483094515853828, -2.800000000000001155 ) ) ;
#3413 = CARTESIAN_POINT ( 'NONE',  ( -2.792298347047000640, -1.612134202325000265, -1.975755634044000120 ) ) ;
#3414 = AXIS2_PLACEMENT_3D ( 'NONE', #3817, #1545, #3299 ) ;
#3415 = CARTESIAN_POINT ( 'NONE',  ( 2.913028139910078362, -1.262957168370061556, -3.220321469066646181 ) ) ;
#3416 = CARTESIAN_POINT ( 'NONE',  ( -1.688266958050000044, -2.221660524640999945, -1.697515516411000069 ) ) ;
#3417 = CYLINDRICAL_SURFACE ( 'NONE', #3131, 3.299999999999998934 ) ;
#3418 = CARTESIAN_POINT ( 'NONE',  ( 2.063187188137999950, -1.910770905142000098, -2.257774970878999810 ) ) ;
#3419 = CARTESIAN_POINT ( 'NONE',  ( 3.030026364828285690, 0.9500335930638114101, -3.141718613645761771 ) ) ;
#3420 = VECTOR ( 'NONE', #5575, 1000.000000000000000 ) ;
#3421 = CARTESIAN_POINT ( 'NONE',  ( 1.083914082544999991, -2.582521575934999980, -1.397533841388999942 ) ) ;
#3422 = ADVANCED_FACE ( 'NONE', ( #3307 ), #1099, .T. ) ;
#3423 = CARTESIAN_POINT ( 'NONE',  ( -0.6508234437558000351, 2.863784763902999853, -3.826912507588999812 ) ) ;
#3424 = CARTESIAN_POINT ( 'NONE',  ( -2.778486331853999847, -0.3525636569632999984, -3.205974935924006619 ) ) ;
#3425 = DIRECTION ( 'NONE',  ( 0.000000000000000000, -1.000000000000000000, -0.000000000000000000 ) ) ;
#3426 = CARTESIAN_POINT ( 'NONE',  ( 1.020418537526662339, 3.013777151420255151, -1.537163330627743241 ) ) ;
#3427 = LINE ( 'NONE', #1246, #1180 ) ;
#3428 = CARTESIAN_POINT ( 'NONE',  ( -1.400208558182000296, 2.425232363965000193, -1.749189813850813513 ) ) ;
#3429 = CARTESIAN_POINT ( 'NONE',  ( 1.694572249308000211, 2.229957918970999931, -1.934700828068999900 ) ) ;
#3430 = CARTESIAN_POINT ( 'NONE',  ( 1.688261783756999979, -2.221653715575000021, -2.800406072326000473 ) ) ;
#3431 = ORIENTED_EDGE ( 'NONE', *, *, #4201, .F. ) ;
#3432 = CARTESIAN_POINT ( 'NONE',  ( 1.769729570691999987, 2.328860555939999966, -1.422259774190999915 ) ) ;
#3433 = CARTESIAN_POINT ( 'NONE',  ( -2.527640651731956734, -1.924178265937148691, -3.454211841578109787 ) ) ;
#3434 = ORIENTED_EDGE ( 'NONE', *, *, #3024, .F. ) ;
#3435 = CARTESIAN_POINT ( 'NONE',  ( 2.063187188137999950, 1.910770905142000098, -4.004030582749999567 ) ) ;
#3436 = CARTESIAN_POINT ( 'NONE',  ( -0.007827253524611858457, -2.871000296153373821, -4.491515912711116165 ) ) ;
#3437 = CARTESIAN_POINT ( 'NONE',  ( 0.3022708126128264006, -0.2634668500010737824, -2.799999999999999822 ) ) ;
#3438 = DIRECTION ( 'NONE',  ( -0.000000000000000000, -1.000000000000000000, 0.000000000000000000 ) ) ;
#3439 = ORIENTED_EDGE ( 'NONE', *, *, #3652, .T. ) ;
#3440 = CARTESIAN_POINT ( 'NONE',  ( 2.674601219188000201, -1.544181733873000173, -1.663048413302000039 ) ) ;
#3441 = CARTESIAN_POINT ( 'NONE',  ( 0.3279759637102767633, 0.2319843495646778941, -1.800000000000000488 ) ) ;
#3442 = CARTESIAN_POINT ( 'NONE',  ( 2.391306972103790951, 2.098908802961693354, -2.299456249358366566 ) ) ;
#3443 = FACE_OUTER_BOUND ( 'NONE', #4589, .T. ) ;
#3444 = CARTESIAN_POINT ( 'NONE',  ( 1.851206213005000212, 2.436079049462000157, -3.847514222795000105 ) ) ;
#3445 = LINE ( 'NONE', #2550, #5615 ) ;
#3446 = CARTESIAN_POINT ( 'NONE',  ( -3.175000000001421796, -0.2079447578622182768, -4.226524640650257680 ) ) ;
#3447 = CARTESIAN_POINT ( 'NONE',  ( -0.4000000000000000222, -1.959434878635765107E-17, -1.800000000000000044 ) ) ;
#3448 = CARTESIAN_POINT ( 'NONE',  ( -0.2051748898585118996, -3.168597555122071086, -3.358974091563661002 ) ) ;
#3449 = CARTESIAN_POINT ( 'NONE',  ( 1.688266958050000044, -2.221660524640999945, -2.259233908705000182 ) ) ;
#3450 = CYLINDRICAL_SURFACE ( 'NONE', #5153, 3.174999999999999822 ) ;
#3451 = CARTESIAN_POINT ( 'NONE',  ( -1.083914082544999991, -2.582521575934999980, -2.394827267795000214 ) ) ;
#3452 = EDGE_CURVE ( 'NONE', #3555, #4241, #613, .T. ) ;
#3453 = CARTESIAN_POINT ( 'NONE',  ( -1.694572249308000211, -2.229957918970999931, -1.515126433982000087 ) ) ;
#3454 = CARTESIAN_POINT ( 'NONE',  ( 0.6807850240499999650, 2.995623157207000453, -0.9795877255796998639 ) ) ;
#3455 = CARTESIAN_POINT ( 'NONE',  ( -2.686369738734000201, 0.8313870651189000371, -2.546123655362005245 ) ) ;
#3456 = CARTESIAN_POINT ( 'NONE',  ( 1.787598596853648525, -2.325789870326407272, -4.455136528844874988 ) ) ;
#3457 = LINE ( 'NONE', #5192, #4413 ) ;
#3458 = CARTESIAN_POINT ( 'NONE',  ( 2.448316844033000095, 1.413536388964000023, -1.925578702739813464 ) ) ;
#3459 = CARTESIAN_POINT ( 'NONE',  ( -2.063187188137999950, -1.910770905142000098, -1.601382754614999904 ) ) ;
#3460 = CARTESIAN_POINT ( 'NONE',  ( 1.079877664222000044, 2.572904450759999850, -3.976331998251999789 ) ) ;
#3461 = ORIENTED_EDGE ( 'NONE', *, *, #5446, .T. ) ;
#3462 = CARTESIAN_POINT ( 'NONE',  ( -2.154693243804000069, -1.995517025035999703, -2.500052811848000101 ) ) ;
#3463 = ORIENTED_EDGE ( 'NONE', *, *, #120, .T. ) ;
#3464 = CARTESIAN_POINT ( 'NONE',  ( 1.400208558182000296, 2.425232363965000193, -3.971448593090999957 ) ) ;
#3465 = CARTESIAN_POINT ( 'NONE',  ( 2.439199487657000454, -1.408272480806000093, -2.049176505809000570 ) ) ;
#3466 = CARTESIAN_POINT ( 'NONE',  ( 3.168894449455999851, 0.4021027574698999851, -3.861331071655000002 ) ) ;
#3467 = CARTESIAN_POINT ( 'NONE',  ( 0.000000000000000000, -3.600000000000000533, -8.400000000000000355 ) ) ;
#3468 = EDGE_CURVE ( 'NONE', #1878, #3954, #2001, .T. ) ;
#3469 = ORIENTED_EDGE ( 'NONE', *, *, #3775, .T. ) ;
#3470 = CARTESIAN_POINT ( 'NONE',  ( -3.035286445374000053, 0.3851491644366000222, -2.675707735673999998 ) ) ;
#3471 = DIRECTION ( 'NONE',  ( 0.000000000000000000, 0.000000000000000000, 1.000000000000000000 ) ) ;
#3472 = CARTESIAN_POINT ( 'NONE',  ( 1.934297641564884040, 2.526242494600072330, -2.277236024796543745 ) ) ;
#3473 = CARTESIAN_POINT ( 'NONE',  ( -2.674621489245000205, -1.544193436795999963, -4.245966011533999662 ) ) ;
#3474 = DIRECTION ( 'NONE',  ( -0.000000000000000000, -0.000000000000000000, -1.000000000000000000 ) ) ;
#3475 = CARTESIAN_POINT ( 'NONE',  ( -2.686369738734000201, -0.8313870651189000371, -3.131719095309999812 ) ) ;
#3476 = DIRECTION ( 'NONE',  ( -1.000000000000000000, 0.000000000000000000, 0.000000000000000000 ) ) ;
#3477 = CARTESIAN_POINT ( 'NONE',  ( -3.063796991514999846, 0.9481945661345000387, -1.361578364443000178 ) ) ;
#3478 = CARTESIAN_POINT ( 'NONE',  ( 2.248237295106031652, -2.241892031621681269, -3.264080981299421147 ) ) ;
#3479 = CARTESIAN_POINT ( 'NONE',  ( -2.439206963470999856, -1.408276796968999989, -1.743189527373000036 ) ) ;
#3480 = CARTESIAN_POINT ( 'NONE',  ( -2.500000000000000000, 1.836970198721029688E-16, -1.800000000000000266 ) ) ;
#3481 = EDGE_CURVE ( 'NONE', #1073, #3671, #4050, .T. ) ;
#3482 = CARTESIAN_POINT ( 'NONE',  ( 1.083914082544999991, -2.582521575934999980, -3.009034801427000083 ) ) ;
#3483 = CARTESIAN_POINT ( 'NONE',  ( -1.400208558182000296, 2.425232363965000193, -1.737189333831999916 ) ) ;
#3484 = CARTESIAN_POINT ( 'NONE',  ( 0.000000000000000000, -2.952465917602000278, -4.205904592005000886 ) ) ;
#3485 = CARTESIAN_POINT ( 'NONE',  ( -1.400208558182000296, 2.425232363965000193, -3.336689813851837272 ) ) ;
#3486 = CARTESIAN_POINT ( 'NONE',  ( 0.000000000000000000, 0.000000000000000000, -4.599999999999999645 ) ) ;
#3487 = CARTESIAN_POINT ( 'NONE',  ( 2.286904082151013373, 2.202594954359939461, -3.793498722724895078 ) ) ;
#3488 = CARTESIAN_POINT ( 'NONE',  ( -1.400208558182000296, 2.425232363965000193, -1.803985950141000050 ) ) ;
#3489 = AXIS2_PLACEMENT_3D ( 'NONE', #810, #4363, #2561 ) ;
#3490 = CARTESIAN_POINT ( 'NONE',  ( 0.000000000000000000, -2.816544961612000186, -3.577880209512000143 ) ) ;
#3491 = FACE_OUTER_BOUND ( 'NONE', #5131, .T. ) ;
#3492 = ORIENTED_EDGE ( 'NONE', *, *, #3771, .T. ) ;
#3493 = CARTESIAN_POINT ( 'NONE',  ( -1.227744211962430221, -2.928016337869033592, -2.691275818204211578 ) ) ;
#3494 = CIRCLE ( 'NONE', #3212, 2.669999999999999929 ) ;
#3495 = CARTESIAN_POINT ( 'NONE',  ( 0.8014479339322470031, -2.776258315148634193, -4.475038259769164029 ) ) ;
#3496 = DIRECTION ( 'NONE',  ( 1.000000000000000000, 0.000000000000000000, 0.000000000000000000 ) ) ;
#3497 = CARTESIAN_POINT ( 'NONE',  ( 0.2319843495646809473, -0.3279759637102760417, -1.800000000000000266 ) ) ;
#3498 = VECTOR ( 'NONE', #5291, 1000.000000000000000 ) ;
#3499 = EDGE_CURVE ( 'NONE', #964, #4906, #5454, .T. ) ;
#3500 = EDGE_LOOP ( 'NONE', ( #3337, #1622, #2393, #1655 ) ) ;
#3501 = CARTESIAN_POINT ( 'NONE',  ( 3.035286445374000053, -0.3851491644366000222, -3.028485513451000255 ) ) ;
#3502 = DIRECTION ( 'NONE',  ( 0.000000000000000000, -0.000000000000000000, -1.000000000000000000 ) ) ;
#3503 = CARTESIAN_POINT ( 'NONE',  ( 2.974836257351398672, 3.643123700552882185E-16, -1.175997295320030389 ) ) ;
#3504 = CARTESIAN_POINT ( 'NONE',  ( -3.059267356074999888, 0.000000000000000000, -4.304762307831000001 ) ) ;
#3505 = CARTESIAN_POINT ( 'NONE',  ( 2.247510089649749077, -2.242621189032415696, -1.853007019648984066 ) ) ;
#3506 = CARTESIAN_POINT ( 'NONE',  ( 1.400208558182000296, -2.425232363965000193, -2.929115899784000110 ) ) ;
#3507 = CARTESIAN_POINT ( 'NONE',  ( -3.174999999999998490, 2.167323116120987127E-11, -4.233333333334046600 ) ) ;
#3508 = CARTESIAN_POINT ( 'NONE',  ( -3.063796991514999846, 0.9481945661345000387, -3.478245031110000163 ) ) ;
#3509 = CARTESIAN_POINT ( 'NONE',  ( -2.951118657878986085, -1.173232005384878596, -1.369297070555743012 ) ) ;
#3510 = CARTESIAN_POINT ( 'NONE',  ( -2.768147931949000107, -0.3512518117201999801, -3.199974649446000630 ) ) ;
#3511 = CARTESIAN_POINT ( 'NONE',  ( 1.192851806847666785, 2.200367281571156131, -1.800000000000000266 ) ) ;
#3512 = CARTESIAN_POINT ( 'NONE',  ( -2.448316844033000095, 1.413536388964000023, -2.584338442018999871 ) ) ;
#3513 = CARTESIAN_POINT ( 'NONE',  ( 2.063187188137999950, 1.910770905142000098, -1.181808360528000090 ) ) ;
#3514 = CARTESIAN_POINT ( 'NONE',  ( -2.154698634633000154, -1.995522017622999744, -4.297282877959999858 ) ) ;
#3515 = CARTESIAN_POINT ( 'NONE',  ( 0.6231825505962000911, -2.742157970261000166, -3.016494025732005202 ) ) ;
#3516 = DIRECTION ( 'NONE',  ( 0.000000000000000000, 0.000000000000000000, 1.000000000000000000 ) ) ;
#3517 = CARTESIAN_POINT ( 'NONE',  ( 2.272383432298616501, 2.217455715184821319, -3.792738467865721219 ) ) ;
#3518 = CARTESIAN_POINT ( 'NONE',  ( -1.400208558182000296, 2.425232363965000193, -1.098430394586000114 ) ) ;
#3519 = CARTESIAN_POINT ( 'NONE',  ( -1.394994281911000167, -2.416200972537000169, -4.342232061364000195 ) ) ;
#3520 = FACE_OUTER_BOUND ( 'NONE', #4373, .T. ) ;
#3521 = ORIENTED_EDGE ( 'NONE', *, *, #498, .F. ) ;
#3522 = CARTESIAN_POINT ( 'NONE',  ( -2.396329943055007128, -2.085433262819956557, -2.741034450144431034 ) ) ;
#3523 = CARTESIAN_POINT ( 'NONE',  ( -2.439199487657000454, 1.408272480806000093, -1.696398728031000003 ) ) ;
#3524 = CARTESIAN_POINT ( 'NONE',  ( -0.8311061706720185294, 3.092341926808564345, -2.262720183754792558 ) ) ;
#3525 = CARTESIAN_POINT ( 'NONE',  ( 0.000000000000000000, 2.669999999999999929, -5.599999999999999645 ) ) ;
#3526 = VERTEX_POINT ( 'NONE', #1900 ) ;
#3527 = CARTESIAN_POINT ( 'NONE',  ( 2.934656025390999901, 0.9082275700565000109, -2.982781238458000139 ) ) ;
#3528 = LINE ( 'NONE', #935, #1300 ) ;
#3529 = EDGE_LOOP ( 'NONE', ( #2825, #4759, #4476, #393 ) ) ;
#3530 = CARTESIAN_POINT ( 'NONE',  ( 3.500000000000000000, -7.400000000000000355, -8.199999999999999289 ) ) ;
#3531 = CARTESIAN_POINT ( 'NONE',  ( 0.7107466043442001169, -3.127461550510000077, -1.907961272574000056 ) ) ;
#3532 = CARTESIAN_POINT ( 'NONE',  ( -3.086958718651951816, 0.7674628687714767361, -4.171378659713927739 ) ) ;
#3533 = CARTESIAN_POINT ( 'NONE',  ( -0.6231825505962000911, -2.742157970261000166, -2.308570947161999953 ) ) ;
#3534 = CARTESIAN_POINT ( 'NONE',  ( -1.529633678037999989, -2.649403247329999989, -3.481614159683000587 ) ) ;
#3535 = CARTESIAN_POINT ( 'NONE',  ( -3.193867698996999849, 0.000000000000000000, -3.445663041451000108 ) ) ;
#3536 = PLANE ( 'NONE',  #559 ) ;
#3537 = CARTESIAN_POINT ( 'NONE',  ( 2.055510326824999900, 1.903661165743000039, -3.480864109624000058 ) ) ;
#3538 = CARTESIAN_POINT ( 'NONE',  ( -1.240878199727570852, 2.197608328450030069, -1.800000000000000488 ) ) ;
#3539 = CARTESIAN_POINT ( 'NONE',  ( -2.393356115152169838, -2.096578251481363786, -4.063459842505419140 ) ) ;
#3540 = CARTESIAN_POINT ( 'NONE',  ( -2.778486331853999847, -0.3525636569632999984, -2.512419860387999915 ) ) ;
#3541 = B_SPLINE_CURVE_WITH_KNOTS ( 'NONE', 3,
 ( #4958, #3773, #1014, #4578, #204, #641, #2767, #4529, #1044, #173, #5016, #2390, #588, #5043, #4099, #148, #1902, #1097, #3659, #2845, #5427, #1473, #3225, #4989, #672, #2793, #4554, #616, #2361, #3690 ),
 .UNSPECIFIED., .F., .F.,
 ( 4, 2, 2, 2, 2, 2, 2, 2, 2, 2, 2, 2, 2, 2, 4 ),
 ( -0.009955842646264196141, -0.009333602480872683557, -0.008711362315481170973, -0.007466881984698145805, -0.006844641819306634088, -0.006222401653915122371, -0.005600161488523610655, -0.004977921323132098071, -0.004355681157740585487, -0.003733440992349073770, -0.003111200826957560318, -0.002488960661566047734, -0.001866720496174536018, -0.001244480330783023433, 0.000000000000000000 ),
 .UNSPECIFIED. ) ;
#3542 = CARTESIAN_POINT ( 'NONE',  ( 2.686369738734000201, -0.8313870651189000371, -2.710512064231000107 ) ) ;
#3543 = EDGE_CURVE ( 'NONE', #754, #2173, #2816, .T. ) ;
#3544 = CARTESIAN_POINT ( 'NONE',  ( -2.901724448471000084, -0.3682014092795999893, -4.369171195558999798 ) ) ;
#3545 = CARTESIAN_POINT ( 'NONE',  ( 1.400208558182000296, 2.425232363965000193, -3.454282406444006526 ) ) ;
#3546 = LINE ( 'NONE', #3106, #1187 ) ;
#3547 = CARTESIAN_POINT ( 'NONE',  ( 0.5961301171014096179, 3.121555870892625872, -3.726221943294171446 ) ) ;
#3548 = CARTESIAN_POINT ( 'NONE',  ( -1.400208558182000296, 2.425232363965000193, -2.509541505696999852 ) ) ;
#3549 = CARTESIAN_POINT ( 'NONE',  ( 1.688261783756999979, 2.221653715575000021, -4.002576568921000444 ) ) ;
#3550 = CARTESIAN_POINT ( 'NONE',  ( -0.02150511177187704875, -3.174931595000442641, -2.646629012127092118 ) ) ;
#3551 = EDGE_CURVE ( 'NONE', #2937, #1960, #4079, .T. ) ;
#3552 = CARTESIAN_POINT ( 'NONE',  ( -0.8211842074216000320, 2.660218322562999838, -1.073727013425999965 ) ) ;
#3553 = CARTESIAN_POINT ( 'NONE',  ( 2.934661431332768800, 1.211771643299746293, -2.426036571797487884 ) ) ;
#3554 = CARTESIAN_POINT ( 'NONE',  ( -2.800417116365000236, -1.899869150890000132E-14, -4.453819443480813156 ) ) ;
#3555 = VERTEX_POINT ( 'NONE', #4206 ) ;
#3556 = CARTESIAN_POINT ( 'NONE',  ( 1.851192183335000241, -2.436060587237999897, -2.414277979818999942 ) ) ;
#3557 = CARTESIAN_POINT ( 'NONE',  ( 3.055637096759541649, 0.8635019212195585991, -1.733970222633503866 ) ) ;
#3558 = ORIENTED_EDGE ( 'NONE', *, *, #4357, .F. ) ;
#3559 = CARTESIAN_POINT ( 'NONE',  ( 0.000000000000000000, -7.400000000000000355, -7.599999999999999645 ) ) ;
#3560 = CARTESIAN_POINT ( 'NONE',  ( -2.353087849929000441, -2.179255390271000348, -1.319998309610999954 ) ) ;
#3561 = CARTESIAN_POINT ( 'NONE',  ( 0.8212728671717594020, -3.073929769703612980, -3.232782915656648104 ) ) ;
#3562 = CARTESIAN_POINT ( 'NONE',  ( -2.448316844033000095, -1.413536388964000023, -2.399949233116999814 ) ) ;
#3563 = CARTESIAN_POINT ( 'NONE',  ( 2.934678266330999818, 0.9082344532599000431, -3.213846984838999887 ) ) ;
#3564 = CARTESIAN_POINT ( 'NONE',  ( 3.168855702086000203, 0.4020978407948000433, -2.374207422783000343 ) ) ;
#3565 = FACE_OUTER_BOUND ( 'NONE', #1853, .T. ) ;
#3566 = CARTESIAN_POINT ( 'NONE',  ( 1.688266958050000044, 2.221660524640999945, -3.461404405300000153 ) ) ;
#3567 = DIRECTION ( 'NONE',  ( 0.000000000000000000, 0.000000000000000000, 1.000000000000000000 ) ) ;
#3568 = CARTESIAN_POINT ( 'NONE',  ( -3.499999966765584336, 2.872335082924145855, -15.19999999999999929 ) ) ;
#3569 = CARTESIAN_POINT ( 'NONE',  ( -1.694572249308000211, 2.229957918970999931, -4.041123564091000375 ) ) ;
#3570 = CARTESIAN_POINT ( 'NONE',  ( -1.694572249308000211, 2.229957918970999931, -3.135178159609000037 ) ) ;
#3571 = CARTESIAN_POINT ( 'NONE',  ( -1.184103235959000022, 2.821231132837000111, -1.613254963536000064 ) ) ;
#3572 = CARTESIAN_POINT ( 'NONE',  ( 2.805515059268000044, 0.8682605739783999521, -2.905259202901000037 ) ) ;
#3573 = CARTESIAN_POINT ( 'NONE',  ( 1.694572249308000211, -2.229957918970999931, -4.381900861850005491 ) ) ;
#3574 = CARTESIAN_POINT ( 'NONE',  ( 0.01051572303824651819, 3.174987012017584043, -3.704555783087164045 ) ) ;
#3575 = CARTESIAN_POINT ( 'NONE',  ( -0.6231825505962000911, -2.742157970261000166, -2.241774330853000041 ) ) ;
#3576 = CARTESIAN_POINT ( 'NONE',  ( 1.688261783756999979, -2.221653715575000021, -4.211517183437000433 ) ) ;
#3577 = CARTESIAN_POINT ( 'NONE',  ( -1.221757987544636270, -2.930519227834226026, -2.691068642952672008 ) ) ;
#3578 = CARTESIAN_POINT ( 'NONE',  ( -2.242615395713065674, 2.247510583267831041, -2.911563570274652069 ) ) ;
#3579 = CARTESIAN_POINT ( 'NONE',  ( 2.942832071064739097, 1.191828227944026208, -2.426826282479809027 ) ) ;
#3580 = CARTESIAN_POINT ( 'NONE',  ( -1.694572249308000211, -2.229957918970999931, -4.349349136222812717 ) ) ;
#3581 = ORIENTED_EDGE ( 'NONE', *, *, #513, .F. ) ;
#3582 = CARTESIAN_POINT ( 'NONE',  ( -0.6807798646093000672, -2.995600454385999978, -3.217966423642999896 ) ) ;
#3583 = CARTESIAN_POINT ( 'NONE',  ( 3.100000000000000533, 0.000000000000000000, -8.199999999999999289 ) ) ;
#3584 = CARTESIAN_POINT ( 'NONE',  ( 0.3928921610213749749, -2.478117792812733811, -1.800000000000000266 ) ) ;
#3585 = AXIS2_PLACEMENT_3D ( 'NONE', #5651, #3009, #400 ) ;
#3586 = CARTESIAN_POINT ( 'NONE',  ( -3.168894449455999851, -0.4021027574698999851, -2.097442182766000585 ) ) ;
#3587 = CARTESIAN_POINT ( 'NONE',  ( 2.097704487804003648, -2.392275043865411011, -3.183475588458628103 ) ) ;
#3588 = VECTOR ( 'NONE', #4856, 1000.000000000000000 ) ;
#3589 = CARTESIAN_POINT ( 'NONE',  ( -1.083914082544999991, -2.582521575934999980, -3.033586207042000105 ) ) ;
#3590 = CARTESIAN_POINT ( 'NONE',  ( 3.035309448962999923, -0.3851520833747000272, -2.553995704276999845 ) ) ;
#3591 = CARTESIAN_POINT ( 'NONE',  ( 2.792298347047000640, 1.612134202325000265, -2.328533411821999799 ) ) ;
#3592 = CARTESIAN_POINT ( 'NONE',  ( -2.201731128504456958, 1.718550849030924255, -4.528915488133866241 ) ) ;
#3593 = CARTESIAN_POINT ( 'NONE',  ( -1.688266958050000044, 2.221660524640999945, -2.612011686483000084 ) ) ;
#3594 = CARTESIAN_POINT ( 'NONE',  ( 3.174999999999975397, 3.855184539619612101E-07, -2.381249985449975348 ) ) ;
#3595 = CARTESIAN_POINT ( 'NONE',  ( -3.077861172770600895, -0.7871382890283228351, -2.089479121501379932 ) ) ;
#3596 = CARTESIAN_POINT ( 'NONE',  ( -1.083914082544999991, -2.582521575934999980, -3.805938378906000175 ) ) ;
#3597 = CARTESIAN_POINT ( 'NONE',  ( -2.063187188137999950, -1.910770905142000098, -2.945697249416999952 ) ) ;
#3598 = CARTESIAN_POINT ( 'NONE',  ( -2.253893242280999853, 2.087388703947000046, -2.273106244097999884 ) ) ;
#3599 = CARTESIAN_POINT ( 'NONE',  ( -2.556904091329999851, -1.476229265421000303, -3.231822674041000099 ) ) ;
#3600 = CARTESIAN_POINT ( 'NONE',  ( -2.500000000000000000, 1.836970198721029688E-16, 0.000000000000000000 ) ) ;
#3601 = DIRECTION ( 'NONE',  ( 0.000000000000000000, 0.000000000000000000, -1.000000000000000000 ) ) ;
#3602 = ADVANCED_FACE ( 'NONE', ( #1672 ), #2206, .T. ) ;
#3603 = CARTESIAN_POINT ( 'NONE',  ( -1.400208558182000296, 2.425232363965000193, -3.215097061252000010 ) ) ;
#3604 = CARTESIAN_POINT ( 'NONE',  ( 1.462313979973999922, 2.532802109932999812, -1.795256443857000006 ) ) ;
#3605 = EDGE_CURVE ( 'NONE', #5639, #325, #4260, .T. ) ;
#3606 = CARTESIAN_POINT ( 'NONE',  ( -2.245270155023769032, -2.244857898010704123, -2.732998032316575010 ) ) ;
#3607 = CARTESIAN_POINT ( 'NONE',  ( -2.287897605736699980, 2.203850649044797549, -2.909306739650316054 ) ) ;
#3608 = CARTESIAN_POINT ( 'NONE',  ( -2.179913985308823854, 2.308631758882619511, -2.208894539831991910 ) ) ;
#3609 = CARTESIAN_POINT ( 'NONE',  ( -1.400208558182000296, -2.425232363965000193, -4.336226850887813455 ) ) ;
#3610 = VECTOR ( 'NONE', #3873, 1000.000000000000000 ) ;
#3611 = ORIENTED_EDGE ( 'NONE', *, *, #5545, .T. ) ;
#3612 = CARTESIAN_POINT ( 'NONE',  ( 0.6807798646093000672, -2.995600454385999978, -4.576648921479001153 ) ) ;
#3613 = CARTESIAN_POINT ( 'NONE',  ( -0.8127434399053973246, 3.069229325547729204, -1.557399270074778297 ) ) ;
#3614 = CARTESIAN_POINT ( 'NONE',  ( -1.448521019312878355, -2.050751496825407472, -1.800000000000000266 ) ) ;
#3615 = CARTESIAN_POINT ( 'NONE',  ( 1.236216021826999967, 2.945394473874999974, -1.627071812395999961 ) ) ;
#3616 = CARTESIAN_POINT ( 'NONE',  ( 2.773342403426995784, -1.600499161810039039, -3.145646848826662012 ) ) ;
#3617 = CARTESIAN_POINT ( 'NONE',  ( -2.674621489245000205, -1.544193436795999963, -2.834854900423000590 ) ) ;
#3618 = CARTESIAN_POINT ( 'NONE',  ( -0.7107379137546001591, -3.127423309756999892, -3.295488459199999998 ) ) ;
#3619 = CARTESIAN_POINT ( 'NONE',  ( -2.333009656905869367, -1.344662677590301447, 0.000000000000000000 ) ) ;
#3620 = CARTESIAN_POINT ( 'NONE',  ( 1.394998557377999937, 2.416208377863999779, -2.742726564410000289 ) ) ;
#3621 = LINE ( 'NONE', #4436, #5145 ) ;
#3622 = CARTESIAN_POINT ( 'NONE',  ( 2.448316844033000095, 1.413536388964000023, -3.525079182758999785 ) ) ;
#3623 = CARTESIAN_POINT ( 'NONE',  ( 2.778486331853999847, -0.3525636569632999984, -1.985496804352000266 ) ) ;
#3624 = CARTESIAN_POINT ( 'NONE',  ( 2.934678266330999818, 0.9082344532599999631, -1.802735873727999927 ) ) ;
#3625 = CARTESIAN_POINT ( 'NONE',  ( -2.669999999999999929, 3.269806953723433465E-16, -5.599999999999998757 ) ) ;
#3626 = CARTESIAN_POINT ( 'NONE',  ( -1.769729570691999987, 2.328860555939999966, -2.689533722040000185 ) ) ;
#3627 = CARTESIAN_POINT ( 'NONE',  ( -1.400208558182000296, -2.425232363965000193, -4.512615739777005253 ) ) ;
#3628 = CARTESIAN_POINT ( 'NONE',  ( -2.615550820389609399, 1.799940135264725294, -3.595810655222285046 ) ) ;
#3629 = CARTESIAN_POINT ( 'NONE',  ( -2.778486331853999847, 0.3525636569632999984, -2.405071198438999858 ) ) ;
#3630 = CARTESIAN_POINT ( 'NONE',  ( 1.769733998381000095, -2.328866382518000044, -2.017319343706999835 ) ) ;
#3631 = CARTESIAN_POINT ( 'NONE',  ( -1.071565947897260408E-16, 3.400000000036673242, -15.20000000002491980 ) ) ;
#3632 = CARTESIAN_POINT ( 'NONE',  ( 0.3923663744876588200, 3.151410448676096543, -3.013116697020556956 ) ) ;
#3633 = CARTESIAN_POINT ( 'NONE',  ( 1.451052922974154225, 2.824493743885087227, -2.346448943845004020 ) ) ;
#3634 = CARTESIAN_POINT ( 'NONE',  ( -2.201711811152650355, 1.718498331885647934, -4.528915819260389775 ) ) ;
#3635 = ORIENTED_EDGE ( 'NONE', *, *, #1947, .F. ) ;
#3636 = CARTESIAN_POINT ( 'NONE',  ( 2.674601219188000201, 1.544181733873000173, -4.367678042930999815 ) ) ;
#3637 = CARTESIAN_POINT ( 'NONE',  ( -2.865887237622791517, 1.371922721261553679, -1.460832229318880460 ) ) ;
#3638 = CARTESIAN_POINT ( 'NONE',  ( 2.195589565730189374, 2.182066378125553818, -4.358686842630527636 ) ) ;
#3639 = CARTESIAN_POINT ( 'NONE',  ( 3.168894449455999851, 0.4021027574698999851, -1.744664404989000106 ) ) ;
#3640 = CARTESIAN_POINT ( 'NONE',  ( 0.4149124462386690193, -3.154580956859227570, -3.247947853588673439 ) ) ;
#3641 = CARTESIAN_POINT ( 'NONE',  ( -1.184103235959000022, -2.821231132837000111, -2.762936318792000190 ) ) ;
#3642 = CARTESIAN_POINT ( 'NONE',  ( 2.792298347047000640, -1.612134202325000265, -3.857237115525000259 ) ) ;
#3643 = CARTESIAN_POINT ( 'NONE',  ( -0.3107126715517323223, 2.800475451153795259, -1.080237316619413024 ) ) ;
#3644 = CARTESIAN_POINT ( 'NONE',  ( 2.439206963470999856, -1.408276796968999989, -4.330226564410000201 ) ) ;
#3645 = CARTESIAN_POINT ( 'NONE',  ( -0.8217932158869996062, -3.073759159587667877, -2.588070905661954857 ) ) ;
#3646 = CARTESIAN_POINT ( 'NONE',  ( -2.396557461416593426, 1.442615513046438425, -1.071098056576202495 ) ) ;
#3647 = CARTESIAN_POINT ( 'NONE',  ( 1.083914082544999991, -2.582521575934999980, -4.420145912538999688 ) ) ;
#3648 = CARTESIAN_POINT ( 'NONE',  ( 1.400208558182000296, 2.425232363965000193, -3.265893037535999799 ) ) ;
#3649 = CARTESIAN_POINT ( 'NONE',  ( -0.6807850240499999650, -2.995623157207000453, -1.332365503357000103 ) ) ;
#3650 = LINE ( 'NONE', #473, #1105 ) ;
#3651 = CARTESIAN_POINT ( 'NONE',  ( 2.556904091329999851, -1.476229265421000303, -2.996637488855999898 ) ) ;
#3652 = EDGE_CURVE ( 'NONE', #4191, #3961, #3798, .T. ) ;
#3653 = CARTESIAN_POINT ( 'NONE',  ( -2.500000000000000444, -0.3272492347489365794, 0.000000000000000000 ) ) ;
#3654 = CARTESIAN_POINT ( 'NONE',  ( -3.073238230824277828, 0.8771147858332620784, -3.557501153016496609 ) ) ;
#3655 = CARTESIAN_POINT ( 'NONE',  ( 1.694572249308000211, 2.229957918970999931, -2.640256383624000502 ) ) ;
#3656 = CARTESIAN_POINT ( 'NONE',  ( -2.805522078389000029, -0.8682627462805000418, -1.527489269012999973 ) ) ;
#3657 = CARTESIAN_POINT ( 'NONE',  ( 3.174999998168581250, -0.2097378543163194442, -3.799228512842581118 ) ) ;
#3658 = CARTESIAN_POINT ( 'NONE',  ( 1.936535841257450929, 2.524591998725323805, -3.071111737482562276 ) ) ;
#3659 = CARTESIAN_POINT ( 'NONE',  ( 1.021098124841529398, 3.013593808825666631, -3.653855550923364781 ) ) ;
#3660 = CARTESIAN_POINT ( 'NONE',  ( -0.6231825505962000911, 2.742157970261000166, -2.487327359064813059 ) ) ;
#3661 = VERTEX_POINT ( 'NONE', #5096 ) ;
#3662 = CARTESIAN_POINT ( 'NONE',  ( -3.035286445374000053, 0.3851491644366000222, -4.086818846785000403 ) ) ;
#3663 = CARTESIAN_POINT ( 'NONE',  ( -0.8031315169918611385, 3.071759568463603429, -1.557755623446237525 ) ) ;
#3664 = EDGE_LOOP ( 'NONE', ( #622, #4339, #1484, #3231 ) ) ;
#3665 = CARTESIAN_POINT ( 'NONE',  ( 2.859041649730555523, 1.069975515275480848, -4.383526323081776255 ) ) ;
#3666 = AXIS2_PLACEMENT_3D ( 'NONE', #778, #4751, #380 ) ;
#3667 = CARTESIAN_POINT ( 'NONE',  ( 0.7107466043442001169, -3.127461550510000077, -3.319072383686000105 ) ) ;
#3668 = DIRECTION ( 'NONE',  ( 1.000000000000000000, 0.000000000000000000, 0.000000000000000000 ) ) ;
#3669 = EDGE_CURVE ( 'NONE', #1101, #5521, #3826, .T. ) ;
#3670 = CARTESIAN_POINT ( 'NONE',  ( -0.6208618634615999943, -2.731946370599999785, -2.898538960594999825 ) ) ;
#3671 = VERTEX_POINT ( 'NONE', #3332 ) ;
#3672 = CARTESIAN_POINT ( 'NONE',  ( 3.063796991514999846, 0.9481945661345000387, -4.471414385125999758 ) ) ;
#3673 = EDGE_CURVE ( 'NONE', #3115, #4109, #2922, .T. ) ;
#3674 = CARTESIAN_POINT ( 'NONE',  ( 2.522504590916627709, 1.939248891893715188, -3.012632037241318450 ) ) ;
#3675 = DIRECTION ( 'NONE',  ( 0.000000000000000000, 0.000000000000000000, 1.000000000000000000 ) ) ;
#3676 = B_SPLINE_CURVE_WITH_KNOTS ( 'NONE', 3,
 ( #1965, #5437, #2801, #1991, #2827, #3753, #3318, #2880, #1052, #3726, #651, #2453, #212, #4216, #2020, #4563, #4164, #3343, #5107, #2343, #1481, #1537, #625, #4586, #5465, #1513, #3264, #1079, #420, #3404 ),
 .UNSPECIFIED., .F., .F.,
 ( 4, 2, 2, 2, 2, 2, 2, 2, 2, 2, 2, 2, 2, 2, 4 ),
 ( -0.05973566406382814498, -0.05911341109001863603, -0.05849115811620912708, -0.05724665216859010919, -0.05662439919478060718, -0.05600214622097109823, -0.05537989324716158929, -0.05475764027335208034, -0.05413538729954257139, -0.05351313432573306939, -0.05289088135192356044, -0.05226862837811405149, -0.05164637540430454254, -0.05102412243049503360, -0.04977961648287602264 ),
 .UNSPECIFIED. ) ;
#3677 = DIRECTION ( 'NONE',  ( 0.000000000000000000, 1.000000000000000000, 0.000000000000000000 ) ) ;
#3678 = CARTESIAN_POINT ( 'NONE',  ( -0.7165552137829993562, -3.094832529604718108, -1.966814385772988061 ) ) ;
#3679 = CARTESIAN_POINT ( 'NONE',  ( 1.149080830486999943E-14, 2.827072777928000047, -4.113042145722000775 ) ) ;
#3680 = VECTOR ( 'NONE', #2641, 1000.000000000000000 ) ;
#3681 = CARTESIAN_POINT ( 'NONE',  ( -2.934678266330999818, -0.9082344532599999631, -1.449958095950000025 ) ) ;
#3682 = CARTESIAN_POINT ( 'NONE',  ( -3.160249612610984471, 0.3521608855870511090, -4.244888591396753341 ) ) ;
#3683 = CARTESIAN_POINT ( 'NONE',  ( -2.716901746545000051, -0.6176302384421999969, -1.072441753049000024 ) ) ;
#3684 = CARTESIAN_POINT ( 'NONE',  ( -2.686369738734000201, 0.8313870651189000371, -3.957234766473005205 ) ) ;
#3685 = CARTESIAN_POINT ( 'NONE',  ( -1.850257212733653178, 2.582240572695325032, -3.634313680934303736 ) ) ;
#3686 = CARTESIAN_POINT ( 'NONE',  ( 2.778486331853999847, 0.3525636569632000228, -3.437159961103000150 ) ) ;
#3687 = CARTESIAN_POINT ( 'NONE',  ( -1.131990450089999989, -2.697067791798000158, -1.429356380743999955 ) ) ;
#3688 = CARTESIAN_POINT ( 'NONE',  ( 2.636279173726869374, -1.769369099728700157, -2.536123950758881751 ) ) ;
#3689 = LINE ( 'NONE', #2389, #5429 ) ;
#3690 = CARTESIAN_POINT ( 'NONE',  ( 3.175000000000001155, -2.772395129823463113E-08, -3.792361110091688747 ) ) ;
#3691 = CARTESIAN_POINT ( 'NONE',  ( -1.083914082544999991, 2.582521575934999980, -3.173423210296813846 ) ) ;
#3692 = CARTESIAN_POINT ( 'NONE',  ( 2.448316844033000095, -1.413536388964000023, -4.281430714597999732 ) ) ;
#3693 = ORIENTED_EDGE ( 'NONE', *, *, #1554, .F. ) ;
#3694 = CARTESIAN_POINT ( 'NONE',  ( 1.851192183335000241, 2.436060587237999897, -3.616448476413999913 ) ) ;
#3695 = CARTESIAN_POINT ( 'NONE',  ( -0.8949122106183561298, 3.046360312734407216, -1.554356616368446353 ) ) ;
#3696 = ORIENTED_EDGE ( 'NONE', *, *, #3543, .F. ) ;
#3697 = CARTESIAN_POINT ( 'NONE',  ( 3.017444902094036596, 0.2186560181829880212, -4.399402592261915323 ) ) ;
#3698 = CARTESIAN_POINT ( 'NONE',  ( 0.7107466043442001169, -3.127461550510000077, -2.613516828130000302 ) ) ;
#3699 = VECTOR ( 'NONE', #1593, 1000.000000000000000 ) ;
#3700 = CARTESIAN_POINT ( 'NONE',  ( 4.041334437186265510E-16, -3.600000000000000533, -15.00000000000000000 ) ) ;
#3701 = CARTESIAN_POINT ( 'NONE',  ( 1.079877664222000044, 2.572904450759999850, -3.270776442695999986 ) ) ;
#3702 = VERTEX_POINT ( 'NONE', #5190 ) ;
#3703 = CARTESIAN_POINT ( 'NONE',  ( 0.7107379137545000169, -3.127423309756999892, -3.948615401480000120 ) ) ;
#3704 = CARTESIAN_POINT ( 'NONE',  ( 2.966262518669688042, 0.2230864985412545076, -1.171047244983593805 ) ) ;
#3705 = CARTESIAN_POINT ( 'NONE',  ( -2.793110705340495770, -0.2681833309691599720, -1.071077998937132625 ) ) ;
#3706 = CARTESIAN_POINT ( 'NONE',  ( -2.248095481277124996, -2.242028540807227355, -2.027585569074148442 ) ) ;
#3707 = CARTESIAN_POINT ( 'NONE',  ( -2.686369738734000201, 0.8313870651189000371, -1.785771963516000094 ) ) ;
#3708 = CARTESIAN_POINT ( 'NONE',  ( 1.184103235959000022, 2.821231132837000111, -2.410158541014999933 ) ) ;
#3709 = CARTESIAN_POINT ( 'NONE',  ( -1.394998557377999937, 2.416208377863999779, -1.214022860705999962 ) ) ;
#3710 = CARTESIAN_POINT ( 'NONE',  ( 2.686369738734000201, 0.8313870651189000371, -1.434626822730999951 ) ) ;
#3711 = EDGE_CURVE ( 'NONE', #210, #4662, #1244, .T. ) ;
#3712 = CARTESIAN_POINT ( 'NONE',  ( -2.448316844033000095, -1.413536388964000023, -4.449819283474999665 ) ) ;
#3713 = CARTESIAN_POINT ( 'NONE',  ( 1.131990450089999989, -2.697067791798000158, -1.338008358821000110 ) ) ;
#3714 = CARTESIAN_POINT ( 'NONE',  ( 2.928849503290272605, -1.225805747295799275, -3.218815117689179939 ) ) ;
#3715 = CARTESIAN_POINT ( 'NONE',  ( 2.669999999999999929, 0.000000000000000000, 2.259920353756999845 ) ) ;
#3716 = CARTESIAN_POINT ( 'NONE',  ( -2.852795169814117848, 1.408983066147278862, -1.374154651690776108 ) ) ;
#3717 = CARTESIAN_POINT ( 'NONE',  ( -2.434627973621289243, 2.039386085466962317, -2.195693630452018041 ) ) ;
#3718 = CARTESIAN_POINT ( 'NONE',  ( 2.063187188137999950, 1.910770905142000098, -3.310475507212824020 ) ) ;
#3719 = CARTESIAN_POINT ( 'NONE',  ( -2.778486331853999847, 0.3525636569632999984, -4.588534481415000421 ) ) ;
#3720 = ORIENTED_EDGE ( 'NONE', *, *, #614, .F. ) ;
#3721 = CARTESIAN_POINT ( 'NONE',  ( 2.253876160782000149, -2.087372884330000122, -4.511484942162000245 ) ) ;
#3722 = CARTESIAN_POINT ( 'NONE',  ( 2.338439178357097692, 2.152126672512344463, -1.679365159482280712 ) ) ;
#3723 = VERTEX_POINT ( 'NONE', #2894 ) ;
#3724 = EDGE_CURVE ( 'NONE', #4367, #675, #267, .T. ) ;
#3725 = CARTESIAN_POINT ( 'NONE',  ( 0.7107466043442001169, 3.127461550510000077, -3.018723219182999795 ) ) ;
#3726 = CARTESIAN_POINT ( 'NONE',  ( 1.588803297188797536, -2.756756213135501454, -1.793411777296514131 ) ) ;
#3727 = ORIENTED_EDGE ( 'NONE', *, *, #1813, .F. ) ;
#3728 = CARTESIAN_POINT ( 'NONE',  ( -2.353059077759999784, 2.179228743622999787, -4.236229199940999557 ) ) ;
#3729 = CARTESIAN_POINT ( 'NONE',  ( -2.536372523311198446, 1.954051036706869304, -2.808556393663214301 ) ) ;
#3730 = CARTESIAN_POINT ( 'NONE',  ( 1.079880973899999930, -2.572912336362000119, -4.402145146040999713 ) ) ;
#3731 = CARTESIAN_POINT ( 'NONE',  ( -2.274259085331657104, -2.215530320608594117, -2.028945645145747267 ) ) ;
#3732 = CARTESIAN_POINT ( 'NONE',  ( -2.778486331853999847, 0.3525636569632999984, -1.060756703637000031 ) ) ;
#3733 = CYLINDRICAL_SURFACE ( 'NONE', #1399, 3.174999999999999822 ) ;
#3734 = FACE_OUTER_BOUND ( 'NONE', #4479, .T. ) ;
#3735 = CARTESIAN_POINT ( 'NONE',  ( -1.462310321417999992, -2.532795773129000061, -3.878581933300000006 ) ) ;
#3736 = B_SPLINE_CURVE_WITH_KNOTS ( 'NONE', 3,
 ( #893, #3982, #2646, #29, #283, #5562, #4205, #2921, #4231, #3389, #1211, #4684, #718, #1608, #2955, #4716, #5535, #2893, #5039, #3742, #3357, #4292, #776, #747, #1980, #2500, #2096, #5121, #5506, #2529, #2034, #2006, #1552, #1174, #4259, #310, #3797, #2065, #1639, #5095, #2470, #341, #5481, #3825, #5593, #2416, #3306, #1123, #1526, #5155, #3277, #5067, #1094, #2869, #2842, #4602, #669, #4179, #227, #253, #1581, #4628, #1148, #694, #2441, #3769, #3331, #4653, #3947, #4865, #2592, #3018, #5249, #4749, #5219, #1703, #1243, #1671, #3455, #3858, #5629, #4441, #808, #379, #2187, #4328, #2559, #2162, #4362, #409, #837, #1760, #1789, #1327, #5277, #865, #892, #1304, #3077, #5719, #4810, #2618, #3515, #922, #3920, #4782, #3049, #2130, #1276, #5689, #2986, #3424, #1731, #5189, #3890, #1355, #4387, #4837, #3485, #2219, #437, #2645, #4414, #468, #3545, #3981, #28, #5309, #3105, #2677, #5661, #499, #1382, #4573, #4548, #4523, #167, #553, #609, #4119, #979, #2707, #4093, #4898, #2249, #1924, #57, #1844, #4952, #3218, #3684, #4008, #3249, #952, #5450, #1496, #4981, #87, #5369, #2305, #1869, #3137, #5009, #581, #2329, #1817, #1413, #1038, #1063, #2813, #3165, #3573, #5338, #4468, #525, #2277, #1466, #2355, #3627, #1896, #4037, #2787 ),
 .UNSPECIFIED., .F., .F.,
 ( 4, 1, 1, 1, 1, 1, 1, 1, 1, 1, 1, 1, 1, 1, 1, 1, 1, 1, 1, 1, 1, 1, 1, 1, 1, 1, 1, 1, 1, 1, 1, 1, 1, 1, 1, 1, 1, 1, 1, 1, 1, 1, 1, 1, 1, 1, 1, 1, 1, 1, 1, 1, 1, 1, 1, 1, 1, 1, 1, 1, 1, 1, 1, 1, 1, 1, 1, 1, 1, 1, 1, 1, 1, 1, 1, 1, 1, 1, 1, 1, 1, 1, 1, 1, 1, 1, 1, 1, 1, 1, 1, 1, 1, 1, 1, 1, 1, 1, 1, 1, 1, 1, 1, 1, 1, 1, 1, 1, 1, 1, 1, 1, 1, 1, 1, 1, 1, 1, 1, 1, 1, 1, 1, 1, 1, 1, 1, 1, 1, 1, 1, 1, 1, 1, 1, 1, 1, 1, 1, 1, 1, 1, 1, 1, 1, 1, 1, 1, 1, 1, 1, 1, 1, 1, 1, 1, 1, 1, 1, 1, 1, 1, 1, 1, 1, 1, 1, 1, 1, 1, 1, 1, 1, 1, 1, 1, 1, 1, 1, 4 ),
 ( 5.421010862427522170E-19, 8.601051275168765126E-05, 0.0004544475772420939353, 0.0008228846417325641873, 0.001191321706222942933, 0.001559758770713412859, 0.002296632899694353146, 0.003033507028675293433, 0.003401944093165763360, 0.003770381157656233287, 0.004138818222146704515, 0.004507255286637174008, 0.005244129415618113861, 0.005981003544598143852, 0.006349440609088614212, 0.006717877673579083705, 0.007086314738069554066, 0.007454751802560023559, 0.008191625931540963412, 0.008928500060521905868, 0.009296937125013284356, 0.009665374189498289470, 0.01003381125399240362, 0.01040224831848651603, 0.01113912244746563529, 0.01187599657644475455, 0.01224443364093886696, 0.01261287070542387208, 0.01298130776991798796, 0.01334974483440299134, 0.01408661896339121963, 0.01482349309237033716, 0.01519193015685534054, 0.01556036722134945469, 0.01592880428584356883, 0.01629724135032857221, 0.01703411547930769321, 0.01777098960829591803, 0.01813942667278092141, 0.01850786373727504250, 0.01887630080176004241, 0.01924473786625415656, 0.01998161199523327061, 0.02071848612421239508, 0.02108692318870650922, 0.02145536025320061990, 0.02182379731768562328, 0.02219223438217973743, 0.02292910851115886189, 0.02366598264013797595, 0.02403441970463209010, 0.02440285676911709001, 0.02477129383361120415, 0.02513973089810532177, 0.02587660502708443930, 0.02661347915606355682, 0.02698191622054856367, 0.02735035328504267435, 0.02771879034953679197, 0.02808722741402179535, 0.02882410154300090940, 0.02956097567198914464, 0.02992941273647414108, 0.03029784980096825869, 0.03066628686545326207, 0.03103472392994737622, 0.03177159805892649375, 0.03250847218790561127, 0.03287690925239972889, 0.03324534631689383957, 0.03361378338137884642, 0.03398222044587295709, 0.03471909457485208156, 0.03545596870383119908, 0.03582440576832530976, 0.03619284283281031661, 0.03656127989730442035, 0.03692971696179854491, 0.03766659109077766243, 0.03840346521975677302, 0.03877190228425089757, 0.03914033934873589748, 0.03950877641323001510, 0.03987721347771501501, 0.04061408760670324330, 0.04135096173568236083, 0.04171939880016736768, 0.04208783586466147836, 0.04245627292914648521, 0.04282470999364059588, 0.04356158412261972035, 0.04429845825159883094, 0.04466689531609294855, 0.04503533238058706617, 0.04540376944507207302, 0.04577220650956617676, 0.04650908063854529428, 0.04724595476752440487, 0.04761439183201852249, 0.04798282889650352934, 0.04835126596099764695, 0.04871970302549175763, 0.04945657715447087516, 0.05019345128344999962, 0.05056188834794411030, 0.05093032541242911021, 0.05129876247692322783, 0.05166719954140823468, 0.05240407367039646297, 0.05314094779937558050, 0.05350938486386058041, 0.05387782192835469108, 0.05424625899284880870, 0.05461469605733381555, 0.05535157018631293308, 0.05608844431530116137, 0.05645688137978616822, 0.05682531844428028583, 0.05719375550876528574, 0.05756219257325939642, 0.05829906670223851395, 0.05903594083121762454, 0.05940437789571174909, 0.05977281496019674900, 0.06014125202469086662, 0.06050968908918497036, 0.06124656321816410176, 0.06198343734714321929, 0.06235187441163732303, 0.06272031147612233681, 0.06308874854061645443, 0.06345718560510145434, 0.06419405973408967570, 0.06493093386306880710, 0.06529937092755380701, 0.06566780799204791075, 0.06603624505654202836, 0.06640468212102702827, 0.06714155625000615968, 0.06787843037899438103, 0.06824686744347938094, 0.06861530450797349856, 0.06898374157245851235, 0.06935217863695261609, 0.07008905276593173361, 0.07082592689491083726, 0.07119436395940496876, 0.07156280102389908637, 0.07193123808838408628, 0.07229967515287819002, 0.07303654928185732143, 0.07377342341083643895, 0.07414186047533054269, 0.07451029753981554260, 0.07487873460430967409, 0.07524717166879468788, 0.07598404579778289536, 0.07672091992676202676, 0.07708935699124704055, 0.07745779405574113041, 0.07782623112023524803, 0.07819466818472024794, 0.07893154231369936547, 0.07966841644268760070, 0.08003685350717260061, 0.08040529057166671822, 0.08077372763615171813, 0.08114216470064583575, 0.08187903882962495328, 0.08261591295860407080, 0.08298435002309818842, 0.08335278708759230604, 0.08372122415207730595, 0.08408966121657142356, 0.08482653534555054109, 0.08556340947452965862, 0.08593184653902377623, 0.08630028360350877614, 0.08666872066800289376, 0.08674580180179124189 ),
 .UNSPECIFIED. ) ;
#3737 = CARTESIAN_POINT ( 'NONE',  ( 1.083914082544999991, 2.582521575934999980, -2.042049490016999869 ) ) ;
#3738 = CARTESIAN_POINT ( 'NONE',  ( -2.778486331853999847, -0.3525636569632999984, -3.789937738881000051 ) ) ;
#3739 = ADVANCED_FACE ( 'NONE', ( #4717 ), #556, .T. ) ;
#3740 = CARTESIAN_POINT ( 'NONE',  ( 2.556910488450999885, 1.476232958801000139, -3.265163851263999995 ) ) ;
#3741 = CARTESIAN_POINT ( 'NONE',  ( 2.615296299498850452, -1.800309918629391603, -3.243049322392224987 ) ) ;
#3742 = CARTESIAN_POINT ( 'NONE',  ( 2.448316844033000095, 1.413536388964000023, -1.396412036074005547 ) ) ;
#3743 = CARTESIAN_POINT ( 'NONE',  ( 2.928853018060848079, -1.225797358855628794, -2.513259228526849576 ) ) ;
#3744 = DIRECTION ( 'NONE',  ( -1.000000000000000000, 0.000000000000000000, 0.000000000000000000 ) ) ;
#3745 = PLANE ( 'NONE',  #826 ) ;
#3746 = CARTESIAN_POINT ( 'NONE',  ( 2.063187188137999950, 1.910770905142000098, -2.604919951657813648 ) ) ;
#3747 = CARTESIAN_POINT ( 'NONE',  ( -1.400208558182000296, 2.425232363965000193, -3.987449233117000169 ) ) ;
#3748 = ORIENTED_EDGE ( 'NONE', *, *, #1810, .F. ) ;
#3749 = CARTESIAN_POINT ( 'NONE',  ( -1.769729570691999987, -2.328860555939999966, -1.775037551967999949 ) ) ;
#3750 = DIRECTION ( 'NONE',  ( -1.000000000000000000, 0.000000000000000000, 0.000000000000000000 ) ) ;
#3751 = ORIENTED_EDGE ( 'NONE', *, *, #2101, .T. ) ;
#3752 = CARTESIAN_POINT ( 'NONE',  ( -3.063834454273000052, 0.9482061602394000754, -2.848702013315000059 ) ) ;
#3753 = CARTESIAN_POINT ( 'NONE',  ( 2.773341988004152991, -1.600499897809174232, -1.734535768400637723 ) ) ;
#3754 = VERTEX_POINT ( 'NONE', #5630 ) ;
#3755 = CARTESIAN_POINT ( 'NONE',  ( -1.236200906108000153, -2.945358459331000045, -4.020503719079999705 ) ) ;
#3756 = DIRECTION ( 'NONE',  ( -1.000000000000000000, -0.000000000000000000, 0.000000000000000000 ) ) ;
#3757 = CARTESIAN_POINT ( 'NONE',  ( 2.768147931949000107, -0.3512518117201999801, -4.284552553448000012 ) ) ;
#3758 = CARTESIAN_POINT ( 'NONE',  ( 0.000000000000000000, 0.000000000000000000, 2.259920353756999845 ) ) ;
#3759 = CARTESIAN_POINT ( 'NONE',  ( -2.100563363052871058, -2.389856311146681733, -2.020125351483742282 ) ) ;
#3760 = CARTESIAN_POINT ( 'NONE',  ( -1.400208558182000296, 2.425232363965000193, -1.165227010895000026 ) ) ;
#3761 = VECTOR ( 'NONE', #4182, 1000.000000000000000 ) ;
#3762 = CARTESIAN_POINT ( 'NONE',  ( -1.026310126711554416, -3.011679293777368205, -4.094962113821299710 ) ) ;
#3763 = CARTESIAN_POINT ( 'NONE',  ( 2.154693243804000069, -1.995517025035999703, -4.433962906605000143 ) ) ;
#3764 = VECTOR ( 'NONE', #254, 1000.000000000000000 ) ;
#3765 = CYLINDRICAL_SURFACE ( 'NONE', #5718, 0.4000000000000000222 ) ;
#3766 = CARTESIAN_POINT ( 'NONE',  ( -2.778486331853999847, -0.3525636569632000228, -4.495493294435999765 ) ) ;
#3767 = AXIS2_PLACEMENT_3D ( 'NONE', #4701, #2516, #4277 ) ;
#3768 = CARTESIAN_POINT ( 'NONE',  ( 2.901724448471000084, 0.3682014092795999893, -2.605282306669999937 ) ) ;
#3769 = CARTESIAN_POINT ( 'NONE',  ( 1.083914082544999991, -2.582521575934999980, -2.291478765853006028 ) ) ;
#3770 = CARTESIAN_POINT ( 'NONE',  ( -3.012901533058083725, -1.022679764150581372, -4.109408213413010102 ) ) ;
#3771 = EDGE_CURVE ( 'NONE', #4136, #1101, #2987, .T. ) ;
#3772 = LINE ( 'NONE', #1502, #2203 ) ;
#3773 = CARTESIAN_POINT ( 'NONE',  ( -3.175000137764503183, 0.2096507557989750192, -3.446447884376858450 ) ) ;
#3774 = CARTESIAN_POINT ( 'NONE',  ( 1.694572249308000211, -2.229957918970999931, -1.383289750738813328 ) ) ;
#3775 = EDGE_CURVE ( 'NONE', #5430, #4667, #2301, .T. ) ;
#3776 = CARTESIAN_POINT ( 'NONE',  ( 1.694572249308000211, 2.229957918970999931, -4.118164111043999931 ) ) ;
#3777 = EDGE_LOOP ( 'NONE', ( #3469, #2851 ) ) ;
#3778 = CARTESIAN_POINT ( 'NONE',  ( -2.901717188661999902, 0.3682004880784000012, -1.187074589005000069 ) ) ;
#3779 = CARTESIAN_POINT ( 'NONE',  ( 0.000000000000000000, 0.000000000000000000, -1.000000000033196557 ) ) ;
#3780 = ORIENTED_EDGE ( 'NONE', *, *, #1271, .F. ) ;
#3781 = CARTESIAN_POINT ( 'NONE',  ( -2.063187188137999950, -1.910770905142000098, -3.651252804972000110 ) ) ;
#3782 = CARTESIAN_POINT ( 'NONE',  ( -0.7107466043442001169, 3.127461550510000077, -3.671850161462999917 ) ) ;
#3783 = CARTESIAN_POINT ( 'NONE',  ( -0.5455113412058042455, 3.133848798357599552, -4.301436846432261873 ) ) ;
#3784 = ORIENTED_EDGE ( 'NONE', *, *, #2274, .T. ) ;
#3785 = CARTESIAN_POINT ( 'NONE',  ( 1.851192183335000241, 2.436060587237999897, -2.205337365302999952 ) ) ;
#3786 = CARTESIAN_POINT ( 'NONE',  ( -0.3882980501770718629, 0.09936365152810201773, -1.800000000000000266 ) ) ;
#3787 = CARTESIAN_POINT ( 'NONE',  ( 3.500000000000000000, -7.400000000000000355, -9.650000000000000355 ) ) ;
#3788 = CARTESIAN_POINT ( 'NONE',  ( 2.235820116647356137, -2.254274133072042829, -1.853550328209459641 ) ) ;
#3789 = CARTESIAN_POINT ( 'NONE',  ( -1.083914082544999991, 2.582521575934999980, -1.178349296229000087 ) ) ;
#3790 =( NAMED_UNIT ( * ) PLANE_ANGLE_UNIT ( ) SI_UNIT ( $, .RADIAN. ) );
#3791 = CARTESIAN_POINT ( 'NONE',  ( -0.4171816812816168674, -3.154301980045738585, -4.072275182156793072 ) ) ;
#3792 = DIRECTION ( 'NONE',  ( 0.000000000000000000, -1.000000000000000000, 0.000000000000000000 ) ) ;
#3793 = CARTESIAN_POINT ( 'NONE',  ( -2.033844190747999825, -2.091004722974000085, -4.610925629219000399 ) ) ;
#3794 = CARTESIAN_POINT ( 'NONE',  ( -2.592804295980999818, -1.038334557450000029, -1.072346116529999893 ) ) ;
#3795 = CARTESIAN_POINT ( 'NONE',  ( 1.149080830486999943E-14, 2.827072777928000047, -3.979448913104000507 ) ) ;
#3796 = CARTESIAN_POINT ( 'NONE',  ( -2.901724448471000084, -0.3682014092795999893, -2.958060084447999838 ) ) ;
#3797 = CARTESIAN_POINT ( 'NONE',  ( -2.063187188137999950, -1.910770905142000098, -1.722975507214005386 ) ) ;
#3798 = LINE ( 'NONE', #2066, #3764 ) ;
#3799 = CARTESIAN_POINT ( 'NONE',  ( -0.8228625812244677595, 3.073573178403244732, -1.468834570523614991 ) ) ;
#3800 = CARTESIAN_POINT ( 'NONE',  ( 3.500000000000000000, -6.099999999999999645, -9.650000000000000355 ) ) ;
#3801 = CARTESIAN_POINT ( 'NONE',  ( 2.686369738734000201, 0.8313870651189000371, -1.246237453821813501 ) ) ;
#3802 = CARTESIAN_POINT ( 'NONE',  ( 1.694572249308000211, 2.229957918970999931, -3.412608555489000217 ) ) ;
#3803 = CARTESIAN_POINT ( 'NONE',  ( 2.768139447978999801, -0.3512507351845000070, -2.709058050403000184 ) ) ;
#3804 = ORIENTED_EDGE ( 'NONE', *, *, #4070, .F. ) ;
#3805 = CARTESIAN_POINT ( 'NONE',  ( 1.462310321417999992, -2.532795773129000061, -2.349878229596999990 ) ) ;
#3806 = CARTESIAN_POINT ( 'NONE',  ( -2.970899115025603443, -1.120638808165764111, -3.487956517357273523 ) ) ;
#3807 = EDGE_LOOP ( 'NONE', ( #4694, #5404, #2507, #2363, #1825, #3288, #5027 ) ) ;
#3808 = CARTESIAN_POINT ( 'NONE',  ( 2.800417116365000236, 1.286470929784000031E-14, -3.383485630127999855 ) ) ;
#3809 = CARTESIAN_POINT ( 'NONE',  ( 0.1217131053530312867, -0.3819822651081090092, -2.799999999999999822 ) ) ;
#3810 = DIRECTION ( 'NONE',  ( 0.000000000000000000, 1.000000000000000000, 0.000000000000000000 ) ) ;
#3811 = ORIENTED_EDGE ( 'NONE', *, *, #5171, .T. ) ;
#3812 = CARTESIAN_POINT ( 'NONE',  ( -2.253876160782000149, 2.087372884330000122, -1.336484942161999978 ) ) ;
#3813 = CARTESIAN_POINT ( 'NONE',  ( 0.6543697108982007293, 2.434931691670789267, -0.000000000000000000 ) ) ;
#3814 = CARTESIAN_POINT ( 'NONE',  ( 0.000000000000000000, -3.600000000000000533, -11.70000000000000107 ) ) ;
#3815 = DIRECTION ( 'NONE',  ( 1.000000000000000000, 0.000000000000000000, 0.000000000000000000 ) ) ;
#3816 = CARTESIAN_POINT ( 'NONE',  ( -2.625060003699999811, -0.9577989995874000018, -1.009164414700999934 ) ) ;
#3817 = CARTESIAN_POINT ( 'NONE',  ( 0.000000000000000000, 2.869169090217837947, -11.70000000000000107 ) ) ;
#3818 = CARTESIAN_POINT ( 'NONE',  ( 0.4143644181735898213, -3.154632570144630055, -4.041505496129336628 ) ) ;
#3819 = CARTESIAN_POINT ( 'NONE',  ( -1.932654795978000051, -2.543260618536000273, -1.930081623081999931 ) ) ;
#3820 = CARTESIAN_POINT ( 'NONE',  ( 1.204591981717999970E-14, -2.816553593939000066, -2.331152490336000138 ) ) ;
#3821 = CARTESIAN_POINT ( 'NONE',  ( -2.063187188137999950, 1.910770905142000098, -1.904997193100999908 ) ) ;
#3822 = CARTESIAN_POINT ( 'NONE',  ( 2.938087691946128732, 1.203448504561992705, -3.131922041628413922 ) ) ;
#3823 = CARTESIAN_POINT ( 'NONE',  ( -2.778486331853999847, -0.3525636569632999984, -0.9009189003491999692 ) ) ;
#3824 = CARTESIAN_POINT ( 'NONE',  ( -2.805522078389000029, -0.8682627462805000418, -2.938600380123999933 ) ) ;
#3825 = CARTESIAN_POINT ( 'NONE',  ( -2.448316844033000095, 1.413536388964000023, -1.866782406444005726 ) ) ;
#3826 = LINE ( 'NONE', #2471, #3956 ) ;
#3827 = CARTESIAN_POINT ( 'NONE',  ( 3.002707760964368866, -0.2742004206019882928, -4.407911084745611774 ) ) ;
#3828 = CARTESIAN_POINT ( 'NONE',  ( 2.669999999999999929, 0.000000000000000000, 2.259920353756999845 ) ) ;
#3829 = CARTESIAN_POINT ( 'NONE',  ( 3.174999999999975397, 3.855184539619612101E-07, -2.381249985449975348 ) ) ;
#3830 = CARTESIAN_POINT ( 'NONE',  ( -1.083914082544999991, 2.582521575934999980, -1.817108235475999978 ) ) ;
#3831 = CARTESIAN_POINT ( 'NONE',  ( 2.439199487657000454, 1.408272480806000093, -2.637139468771999784 ) ) ;
#3832 = ORIENTED_EDGE ( 'NONE', *, *, #5356, .F. ) ;
#3833 = CARTESIAN_POINT ( 'NONE',  ( 1.268429805633999956E-14, -2.952458530842999807, -2.408674525892999796 ) ) ;
#3834 = CARTESIAN_POINT ( 'NONE',  ( -3.052921697434347159, 0.8722340253258132892, -1.441352567259171380 ) ) ;
#3835 = ORIENTED_EDGE ( 'NONE', *, *, #54, .T. ) ;
#3836 = CARTESIAN_POINT ( 'NONE',  ( 2.778486331853999847, -0.3525636569632999984, -3.396607915463000005 ) ) ;
#3837 = CARTESIAN_POINT ( 'NONE',  ( 1.932678427628000017, -2.543291716405000180, -3.978923664248000147 ) ) ;
#3838 = CARTESIAN_POINT ( 'NONE',  ( -3.500000000000000000, -6.099999999999999645, -8.199999999999999289 ) ) ;
#3839 = ORIENTED_EDGE ( 'NONE', *, *, #5658, .F. ) ;
#3840 = CARTESIAN_POINT ( 'NONE',  ( -2.979094776518000032, -0.6772342869972001189, -1.227485824163000006 ) ) ;
#3841 = DIRECTION ( 'NONE',  ( 0.000000000000000000, -0.000000000000000000, -1.000000000000000000 ) ) ;
#3842 = CARTESIAN_POINT ( 'NONE',  ( 3.500000000000000000, -7.400000000000000355, -13.75000000000000000 ) ) ;
#3843 = CARTESIAN_POINT ( 'NONE',  ( -2.769266835971150531, -0.4185526225141171230, -4.528941081252856549 ) ) ;
#3844 = CARTESIAN_POINT ( 'NONE',  ( 3.168894449455999851, 0.4021027574698999851, -1.039108849433000081 ) ) ;
#3845 = DIRECTION ( 'NONE',  ( 0.000000000000000000, 0.000000000000000000, -1.000000000000000000 ) ) ;
#3846 = EDGE_CURVE ( 'NONE', #2140, #4101, #1890, .T. ) ;
#3847 = EDGE_CURVE ( 'NONE', #3526, #5226, #2486, .T. ) ;
#3848 = CARTESIAN_POINT ( 'NONE',  ( 0.1002930484135196171, 0.3905705023458004299, -2.799999999999999378 ) ) ;
#3849 = CARTESIAN_POINT ( 'NONE',  ( 2.353059077759999784, 2.179228743622999787, -1.596763549627999934 ) ) ;
#3850 = ADVANCED_BREP_SHAPE_REPRESENTATION ( 'CONSMA002-SMD-G', ( #3919, #5170 ), #849 ) ;
#3851 = CARTESIAN_POINT ( 'NONE',  ( 2.212302319618833391, -2.277419278613651787, -3.265745105420096994 ) ) ;
#3852 = CARTESIAN_POINT ( 'NONE',  ( -2.676374093144000543, -0.8282935779004000354, -1.769403834011000098 ) ) ;
#3853 = CARTESIAN_POINT ( 'NONE',  ( 1.400208558182000296, -2.425232363965000193, -2.290356960537000219 ) ) ;
#3854 = CARTESIAN_POINT ( 'NONE',  ( 2.286915666800803493, 2.202582913000777243, -3.087943764818368741 ) ) ;
#3855 = CARTESIAN_POINT ( 'NONE',  ( -2.778486331853999847, -0.3525636569632999984, -1.606474455905000154 ) ) ;
#3856 = CARTESIAN_POINT ( 'NONE',  ( 2.556910488450999885, 1.476232958801000139, -2.559608295708999837 ) ) ;
#3857 = MECHANICAL_DESIGN_GEOMETRIC_PRESENTATION_REPRESENTATION (  '', ( #1923 ), #1749 ) ;
#3858 = CARTESIAN_POINT ( 'NONE',  ( -2.448316844033000095, 1.413536388964000023, -2.572337961999995315 ) ) ;
#3859 = CARTESIAN_POINT ( 'NONE',  ( -1.936575584787291193, -2.524504154145464252, -4.041222047294490416 ) ) ;
#3860 = CARTESIAN_POINT ( 'NONE',  ( 0.8224489583686851457, 3.073613651955041437, -1.529761673019426338 ) ) ;
#3861 = DIRECTION ( 'NONE',  ( 1.000000000000000000, 0.000000000000000000, -0.000000000000000000 ) ) ;
#3862 = CARTESIAN_POINT ( 'NONE',  ( 1.400208558182000296, -2.425232363965000193, -2.101967591628813636 ) ) ;
#3863 = AXIS2_PLACEMENT_3D ( 'NONE', #3779, #2877, #4758 ) ;
#3864 = CARTESIAN_POINT ( 'NONE',  ( -1.694572249308000211, -2.229957918970999931, -1.581923050290999999 ) ) ;
#3865 = CARTESIAN_POINT ( 'NONE',  ( -2.439199487657000454, -1.408272480806000093, -2.284361690993999883 ) ) ;
#3866 = ORIENTED_EDGE ( 'NONE', *, *, #13, .F. ) ;
#3867 = CARTESIAN_POINT ( 'NONE',  ( -2.154693243804000069, 1.995517025035999703, -1.258962906605000098 ) ) ;
#3868 = CARTESIAN_POINT ( 'NONE',  ( -3.005300586896276993, -1.026858653654478593, -3.491589788353267831 ) ) ;
#3869 = ORIENTED_EDGE ( 'NONE', *, *, #2467, .F. ) ;
#3870 = CARTESIAN_POINT ( 'NONE',  ( -1.694572249308000211, 2.229957918970999931, -3.840733715164000195 ) ) ;
#3871 = CARTESIAN_POINT ( 'NONE',  ( 2.768139447978999801, 0.3512507351845000070, -1.977257924177999726 ) ) ;
#3872 = CARTESIAN_POINT ( 'NONE',  ( 3.174999993815826649, -4.768567076669595815E-07, -2.469444523894828603 ) ) ;
#3873 = DIRECTION ( 'NONE',  ( 0.000000000000000000, 0.000000000000000000, 1.000000000000000000 ) ) ;
#3874 = ORIENTED_EDGE ( 'NONE', *, *, #5375, .T. ) ;
#3875 = CARTESIAN_POINT ( 'NONE',  ( -3.035286445374000053, 0.3851491644366000222, -1.970152180118000196 ) ) ;
#3876 = CARTESIAN_POINT ( 'NONE',  ( -0.05051613423522573199, 0.3999329876339819401, -1.800000000000000488 ) ) ;
#3877 = DIRECTION ( 'NONE',  ( 0.000000000000000000, 0.000000000000000000, 1.000000000000000000 ) ) ;
#3878 = CARTESIAN_POINT ( 'NONE',  ( 3.500000000000000000, -6.099999999999999645, -15.19999999999999929 ) ) ;
#3879 = CARTESIAN_POINT ( 'NONE',  ( 1.596953376101000188, -2.766004384726000076, -1.169823727360000065 ) ) ;
#3880 = DIRECTION ( 'NONE',  ( 0.000000000000000000, 0.000000000000000000, 1.000000000000000000 ) ) ;
#3881 = CARTESIAN_POINT ( 'NONE',  ( 0.000000000000000000, -4.799999999999999822, -15.19999999999999929 ) ) ;
#3882 = CARTESIAN_POINT ( 'NONE',  ( -3.193867698996999849, 0.000000000000000000, -1.328996374784999990 ) ) ;
#3883 = CARTESIAN_POINT ( 'NONE',  ( 2.591148703428670430, -1.835095105249506586, -3.244600745681111675 ) ) ;
#3884 = CARTESIAN_POINT ( 'NONE',  ( 2.676374093144000543, -0.8282935779004000354, -1.481790035549999995 ) ) ;
#3885 = CARTESIAN_POINT ( 'NONE',  ( -1.523885159939882827, 2.011543708704802480, -1.799999999999999822 ) ) ;
#3886 = CARTESIAN_POINT ( 'NONE',  ( 2.063187188137999950, 1.910770905142000098, -2.087753765009999984 ) ) ;
#3887 = VECTOR ( 'NONE', #4372, 1000.000000000000000 ) ;
#3888 = CARTESIAN_POINT ( 'NONE',  ( -2.686369738734000201, 0.8313870651189000371, -0.9466231753425000672 ) ) ;
#3889 = CARTESIAN_POINT ( 'NONE',  ( 2.556910488450999885, -1.476232958801000139, -4.088311999412000297 ) ) ;
#3890 = CARTESIAN_POINT ( 'NONE',  ( -2.686369738734000201, 0.8313870651189000371, -3.251679210917005847 ) ) ;
#3891 = CARTESIAN_POINT ( 'NONE',  ( 2.190179151067297436, -1.964463234002563841, -4.444719791219502447 ) ) ;
#3892 = FACE_BOUND ( 'NONE', #2575, .T. ) ;
#3893 = CARTESIAN_POINT ( 'NONE',  ( 1.083914082544999991, 2.582521575934999980, -1.853660121108813508 ) ) ;
#3894 = CARTESIAN_POINT ( 'NONE',  ( 2.800417116365000236, 0.000000000000000000, -2.039171135325999806 ) ) ;
#3895 = CARTESIAN_POINT ( 'NONE',  ( 2.768139447978999801, -0.3512507351845000070, -3.414613605957999898 ) ) ;
#3896 = VERTEX_POINT ( 'NONE', #3210 ) ;
#3897 = CARTESIAN_POINT ( 'NONE',  ( -1.769729570691999987, -2.328860555939999966, -3.186148663078999910 ) ) ;
#3898 = CARTESIAN_POINT ( 'NONE',  ( -1.588760614123219339, -2.750862105479933373, -3.409913477680294847 ) ) ;
#3899 = VERTEX_POINT ( 'NONE', #2782 ) ;
#3900 = CARTESIAN_POINT ( 'NONE',  ( -2.063187188137999950, 1.910770905142000098, -3.821274010839999846 ) ) ;
#3901 = CARTESIAN_POINT ( 'NONE',  ( 2.768139447978999801, -0.3512507351845000070, -2.003502494846999937 ) ) ;
#3902 = CYLINDRICAL_SURFACE ( 'NONE', #4503, 3.174999999999999822 ) ;
#3903 = DIRECTION ( 'NONE',  ( 0.000000000000000000, 0.000000000000000000, 1.000000000000000000 ) ) ;
#3904 = EDGE_CURVE ( 'NONE', #1283, #1963, #1390, .T. ) ;
#3905 = ORIENTED_EDGE ( 'NONE', *, *, #3468, .T. ) ;
#3906 = CARTESIAN_POINT ( 'NONE',  ( -2.674601219188000201, 1.544181733873000173, -3.426937302190999901 ) ) ;
#3907 = CARTESIAN_POINT ( 'NONE',  ( 1.536366799937287864, 1.999167105995451665, -0.000000000000000000 ) ) ;
#3908 = CARTESIAN_POINT ( 'NONE',  ( 0.000000000000000000, -3.600000000000000533, -11.70000000000000107 ) ) ;
#3909 = CARTESIAN_POINT ( 'NONE',  ( -1.036069847025000046, 3.013886207436000220, -0.8375802863660000153 ) ) ;
#3910 = CARTESIAN_POINT ( 'NONE',  ( -2.049999999999999822, -6.099999999999999645, -13.75000000000000000 ) ) ;
#3911 = CARTESIAN_POINT ( 'NONE',  ( -3.012736615391684136, -1.023181680502926350, -4.197410399962778982 ) ) ;
#3912 = CARTESIAN_POINT ( 'NONE',  ( -2.353059077759999784, -2.179228743622999787, -1.949541327406000057 ) ) ;
#3913 = CARTESIAN_POINT ( 'NONE',  ( -0.07404797361211383488, -3.174256239433049576, -3.354127862550834838 ) ) ;
#3914 = CARTESIAN_POINT ( 'NONE',  ( -0.6208637663186999944, -2.731954743643000061, -1.651811241417999954 ) ) ;
#3915 = CARTESIAN_POINT ( 'NONE',  ( 0.000000000000000000, -7.400000000000000355, -7.599999999999999645 ) ) ;
#3916 = CARTESIAN_POINT ( 'NONE',  ( 2.686369738734000201, 0.8313870651189000371, -2.140182378286000109 ) ) ;
#3917 = CARTESIAN_POINT ( 'NONE',  ( -2.448316844033000095, 1.413536388964000023, -0.9728374819803000673 ) ) ;
#3918 = CARTESIAN_POINT ( 'NONE',  ( -2.805522078389000029, -0.8682627462805000418, -4.349711491235000338 ) ) ;
#3919 = MANIFOLD_SOLID_BREP ( 'Imported1', #3394 ) ;
#3920 = CARTESIAN_POINT ( 'NONE',  ( -0.6231825505960999489, -2.742157970261000166, -3.068922639008005326 ) ) ;
#3921 = CARTESIAN_POINT ( 'NONE',  ( -2.669999999999999929, 3.269806953723433465E-16, 2.259920353756999845 ) ) ;
#3922 = CARTESIAN_POINT ( 'NONE',  ( 2.936032692613067319, 1.208445389210782928, -3.837279570760909753 ) ) ;
#3923 = EDGE_CURVE ( 'NONE', #5433, #2996, #3621, .T. ) ;
#3924 = CARTESIAN_POINT ( 'NONE',  ( -2.778486331853999847, -0.3525636569632999984, -1.673271072214000066 ) ) ;
#3925 = CARTESIAN_POINT ( 'NONE',  ( -2.439199487657000454, 1.408272480806000093, -3.813065394696999899 ) ) ;
#3926 = CARTESIAN_POINT ( 'NONE',  ( -2.333009656905868034, 1.344662677590301225, -0.000000000000000000 ) ) ;
#3927 = ORIENTED_EDGE ( 'NONE', *, *, #2274, .F. ) ;
#3928 = CARTESIAN_POINT ( 'NONE',  ( -1.588713837174931420, -2.750889088067233423, -2.704356040698217889 ) ) ;
#3929 = CARTESIAN_POINT ( 'NONE',  ( 0.000000000000000000, -2.816544961612000186, -1.461213542846000024 ) ) ;
#3930 = CARTESIAN_POINT ( 'NONE',  ( -2.318776105312999825, 2.184236035240000096, -4.313050884377000571 ) ) ;
#3931 = LINE ( 'NONE', #323, #3420 ) ;
#3932 = ORIENTED_EDGE ( 'NONE', *, *, #5302, .T. ) ;
#3933 = CARTESIAN_POINT ( 'NONE',  ( -1.529622085458000047, -2.649383168392999810, -3.250548413301999950 ) ) ;
#3934 = CARTESIAN_POINT ( 'NONE',  ( -3.500000000000000000, -7.400000000000000355, -9.650000000000000355 ) ) ;
#3935 = CARTESIAN_POINT ( 'NONE',  ( 0.1587786081618794420, -2.500033684988985261, -1.800000000000000711 ) ) ;
#3936 = CARTESIAN_POINT ( 'NONE',  ( 2.253893242280999853, 2.087388703947000046, -3.866973927119000010 ) ) ;
#3937 = CARTESIAN_POINT ( 'NONE',  ( 2.433768181535667541, -2.040412612770694523, -1.842964627937329514 ) ) ;
#3938 = CARTESIAN_POINT ( 'NONE',  ( 2.778486331853999847, -0.3525636569632999984, -2.119090036970000313 ) ) ;
#3939 = DIRECTION ( 'NONE',  ( 0.000000000000000000, 0.000000000000000000, 1.000000000000000000 ) ) ;
#3940 = CARTESIAN_POINT ( 'NONE',  ( -3.168855702086000203, 0.4020978407949000188, -3.458785326785999814 ) ) ;
#3941 = CARTESIAN_POINT ( 'NONE',  ( 1.640839742333021878, -2.135110469203141292, -0.000000000000000000 ) ) ;
#3942 = CARTESIAN_POINT ( 'NONE',  ( 1.394998557377999937, 2.416208377863999779, -1.331615453299000107 ) ) ;
#3943 = DIRECTION ( 'NONE',  ( 0.000000000000000000, -1.000000000000000000, 0.000000000000000000 ) ) ;
#3944 = CARTESIAN_POINT ( 'NONE',  ( 2.778486331853999847, -0.3525636569632999984, -2.185886653278999781 ) ) ;
#3945 = CARTESIAN_POINT ( 'NONE',  ( -0.6231825505962000911, 2.742157970261000166, -1.064215767934999946 ) ) ;
#3946 = CARTESIAN_POINT ( 'NONE',  ( 1.131990450089999989, -2.697067791798000158, -4.160230581042999809 ) ) ;
#3947 = CARTESIAN_POINT ( 'NONE',  ( -0.6231825505962000911, -2.742157970261000166, -2.363367083452006412 ) ) ;
#3948 = DIRECTION ( 'NONE',  ( 1.000000000000000000, 0.000000000000000000, 0.000000000000000000 ) ) ;
#3949 = CARTESIAN_POINT ( 'NONE',  ( 1.221410318475280699, 2.930664149851565092, -3.749389095605528244 ) ) ;
#3950 = CARTESIAN_POINT ( 'NONE',  ( 2.063187188137999950, -1.910770905142000098, -1.418626182705000183 ) ) ;
#3951 = VECTOR ( 'NONE', #5070, 1000.000000000000000 ) ;
#3952 = CARTESIAN_POINT ( 'NONE',  ( -1.688261783756999979, 2.221653715575000021, -3.858739405659000088 ) ) ;
#3953 = CARTESIAN_POINT ( 'NONE',  ( -2.707336101596306221, 1.667771387403106154, -4.295510397544092029 ) ) ;
#3954 = VERTEX_POINT ( 'NONE', #3568 ) ;
#3955 = CARTESIAN_POINT ( 'NONE',  ( -2.342776454649296625, -2.143581162664293771, -2.738140868076301082 ) ) ;
#3956 = VECTOR ( 'NONE', #4409, 1000.000000000000000 ) ;
#3957 = CARTESIAN_POINT ( 'NONE',  ( 1.394994281911000167, 2.416200972537000169, -1.167232061363999929 ) ) ;
#3958 = CARTESIAN_POINT ( 'NONE',  ( 0.01050084915152244697, 3.174987061279010092, -2.293444121894588239 ) ) ;
#3959 = CARTESIAN_POINT ( 'NONE',  ( -2.063187188137999950, -1.910770905142000098, -3.663253284990814151 ) ) ;
#3960 = VECTOR ( 'NONE', #1979, 1000.000000000000000 ) ;
#3961 = VERTEX_POINT ( 'NONE', #492 ) ;
#3962 = CARTESIAN_POINT ( 'NONE',  ( -2.253876160782000149, 2.087372884330000122, -2.747596053272999939 ) ) ;
#3963 = CARTESIAN_POINT ( 'NONE',  ( 2.910231447846215236, 1.273564000376242511, -1.718109191335897901 ) ) ;
#3964 = CARTESIAN_POINT ( 'NONE',  ( -2.197608328449703219, -1.240878199727898812, -1.800000000000000711 ) ) ;
#3965 = CARTESIAN_POINT ( 'NONE',  ( 0.000000000000000000, 3.224307829582000018, -2.286953356990000241 ) ) ;
#3966 = CARTESIAN_POINT ( 'NONE',  ( -0.8217918913990231999, -3.073759511201774153, -3.293626412651383006 ) ) ;
#3967 = EDGE_CURVE ( 'NONE', #4191, #4214, #436, .T. ) ;
#3968 = CARTESIAN_POINT ( 'NONE',  ( -2.031708135063999866E-14, 2.827072777928000047, -3.340689973857999817 ) ) ;
#3969 = CARTESIAN_POINT ( 'NONE',  ( -1.184103235959000022, 2.821231132837000111, -3.024366074647000247 ) ) ;
#3970 = PLANE ( 'NONE',  #2920 ) ;
#3971 = CARTESIAN_POINT ( 'NONE',  ( -1.596933849498999969, -2.765970563658000092, -3.328070448859000052 ) ) ;
#3972 = CARTESIAN_POINT ( 'NONE',  ( -2.692526512649302539, -1.683001044691965875, -1.348186219518646478 ) ) ;
#3973 = CARTESIAN_POINT ( 'NONE',  ( 1.688266958050000044, 2.221660524640999945, -2.755848849744999995 ) ) ;
#3974 = FACE_OUTER_BOUND ( 'NONE', #4583, .T. ) ;
#3975 = CARTESIAN_POINT ( 'NONE',  ( -0.4185459150612753088, -3.154075553021094880, -3.984343357558332244 ) ) ;
#3976 = CARTESIAN_POINT ( 'NONE',  ( -1.694572249308000211, -2.229957918970999931, -2.421071838463999981 ) ) ;
#3977 = CONICAL_SURFACE ( 'NONE', #3414, 4.958445938276144993, 1.221730476390614495 ) ;
#3978 = CARTESIAN_POINT ( 'NONE',  ( -2.063187188137999950, -1.910770905142000098, -2.240141693861000149 ) ) ;
#3979 = CARTESIAN_POINT ( 'NONE',  ( -2.924627959947999845, 1.243449787580000040E-14, -3.676737925338000146 ) ) ;
#3980 = VECTOR ( 'NONE', #5552, 1000.000000000000000 ) ;
#3981 = CARTESIAN_POINT ( 'NONE',  ( 1.694572249308000211, 2.229957918970999931, -3.467404691779005343 ) ) ;
#3982 = CARTESIAN_POINT ( 'NONE',  ( -2.686180725254132984, -0.7659097946900812470, -1.072250424125363422 ) ) ;
#3983 = CARTESIAN_POINT ( 'NONE',  ( 1.216491986352448373, 2.932707554262253602, -3.749219151893117719 ) ) ;
#3984 = CARTESIAN_POINT ( 'NONE',  ( -2.778486331853999847, -0.3525636569632999984, -2.378826627769000002 ) ) ;
#3985 = CARTESIAN_POINT ( 'NONE',  ( -0.6208618634615999943, 2.731946370599999785, -3.904443680652000204 ) ) ;
#3986 = CARTESIAN_POINT ( 'NONE',  ( -2.952004331744824572, -1.169034764614371502, -2.780503116414178244 ) ) ;
#3987 = CARTESIAN_POINT ( 'NONE',  ( -1.079877664222000044, -2.572904450759999850, -1.506887553806999902 ) ) ;
#3988 = CARTESIAN_POINT ( 'NONE',  ( 2.934504513656758906, 1.212154444261678510, -2.426021412081191819 ) ) ;
#3989 = CARTESIAN_POINT ( 'NONE',  ( 1.694572249308000211, 2.229957918970999931, -3.996571358444812816 ) ) ;
#3990 = ORIENTED_EDGE ( 'NONE', *, *, #3173, .F. ) ;
#3991 = CARTESIAN_POINT ( 'NONE',  ( 1.851192183335000241, 2.436060587237999897, -2.910892920859000199 ) ) ;
#3992 = LINE ( 'NONE', #963, #1012 ) ;
#3993 = CARTESIAN_POINT ( 'NONE',  ( 1.889707849479611346, -1.645878575097152963, -1.800000000000000933 ) ) ;
#3994 = CARTESIAN_POINT ( 'NONE',  ( -2.353087849929000441, 2.179255390271000348, -2.195575071034999937 ) ) ;
#3995 = CARTESIAN_POINT ( 'NONE',  ( 2.536373070898926496, -1.954050321725634198, -3.161334139428511047 ) ) ;
#3996 = EDGE_CURVE ( 'NONE', #3899, #3754, #2218, .T. ) ;
#3997 = CARTESIAN_POINT ( 'NONE',  ( -2.063187188137999950, -1.910770905142000098, -2.373734926478999974 ) ) ;
#3998 = CARTESIAN_POINT ( 'NONE',  ( -2.253893242280999853, -2.087388703947000046, -2.808640593785999950 ) ) ;
#3999 = CARTESIAN_POINT ( 'NONE',  ( 1.236200906108000153, -2.945358459331000045, -2.518044586044999811 ) ) ;
#4000 = CARTESIAN_POINT ( 'NONE',  ( -3.043616054289423278, -0.9063029199340972841, -1.379586743438925067 ) ) ;
#4001 = CARTESIAN_POINT ( 'NONE',  ( -2.055510326824999900, 1.903661165743000039, -3.298107537713999893 ) ) ;
#4002 = CARTESIAN_POINT ( 'NONE',  ( 2.773342096289767245, -1.600499714922556826, -2.440091316263609755 ) ) ;
#4003 = CARTESIAN_POINT ( 'NONE',  ( 3.500000000000000000, 3.400000000045781956, -10.50681616585931977 ) ) ;
#4004 = CARTESIAN_POINT ( 'NONE',  ( -2.686369738734000201, 0.8313870651189000371, -3.969235246491999991 ) ) ;
#4005 = CARTESIAN_POINT ( 'NONE',  ( -2.448316844033000095, 1.413536388964000023, -3.089504148646999848 ) ) ;
#4006 = CARTESIAN_POINT ( 'NONE',  ( 1.529633678037999989, -2.649403247329999989, -1.952910455979000037 ) ) ;
#4007 = CARTESIAN_POINT ( 'NONE',  ( 1.769729570691999987, -2.328860555939999966, -3.042311499816999998 ) ) ;
#4008 = CARTESIAN_POINT ( 'NONE',  ( -2.448316844033000095, 1.413536388964000023, -3.983449073111005045 ) ) ;
#4009 = CARTESIAN_POINT ( 'NONE',  ( 0.03697428715077457489, 3.174815361420754822, -3.705534613685900425 ) ) ;
#4010 = CARTESIAN_POINT ( 'NONE',  ( -1.083914082544999991, -2.582521575934999980, -2.261234035177000390 ) ) ;
#4011 = CARTESIAN_POINT ( 'NONE',  ( 2.676365890446999796, -0.8282910393011000405, -4.139628865837000404 ) ) ;
#4012 = CARTESIAN_POINT ( 'NONE',  ( -0.003498064199460323639, -3.174999732810864561, -2.645962778148613026 ) ) ;
#4013 = CARTESIAN_POINT ( 'NONE',  ( -2.824690609004498310, 1.450671543737511282, -2.875256244631835933 ) ) ;
#4014 = CARTESIAN_POINT ( 'NONE',  ( 0.03695951315804227311, 3.174815533675477752, -2.294422957013527498 ) ) ;
#4015 = CARTESIAN_POINT ( 'NONE',  ( 0.000000000000000000, -2.827072777928000047, -4.277430554591813205 ) ) ;
#4016 = ORIENTED_EDGE ( 'NONE', *, *, #3024, .T. ) ;
#4017 = CARTESIAN_POINT ( 'NONE',  ( -2.934656025390999901, -0.9082275700565000109, -2.630003460679999794 ) ) ;
#4018 = DIRECTION ( 'NONE',  ( -1.000000000000000000, 0.000000000000000000, -0.000000000000000000 ) ) ;
#4019 = ORIENTED_EDGE ( 'NONE', *, *, #3123, .T. ) ;
#4020 = CARTESIAN_POINT ( 'NONE',  ( 1.240878199727570852, -2.197608328450030069, -1.800000000000000488 ) ) ;
#4021 = B_SPLINE_CURVE_WITH_KNOTS ( 'NONE', 3,
 ( #3872, #5203, #5316, #123, #4447, #5287, #531, #2627, #35, #3579, #4904, #1876, #3553, #3988, #505, #7, #476, #2654, #2196, #4396, #4423, #4820, #2311, #5348, #2284, #2683, #3171, #65, #4073, #1392, #3144, #4876, #1796, #1419, #3633, #5402, #1446, #1362, #958, #2227, #985, #4932, #2713, #2740, #3113, #4501, #561, #931, #2255, #875, #447, #4014, #1851, #3958, #1823, #1769, #3524, #1335, #4043, #4474, #95, #3085, #4845, #3608, #901, #5377, #697, #1957, #4605, #1069, #1556, #4154, #2444, #3717, #5484, #3255, #4125, #5509, #256, #4208, #2009, #3196, #1529, #2335, #5538, #3309, #3281, #1126, #1503, #5071, #2872, #1931, #2819, #4631 ),
 .UNSPECIFIED., .F., .F.,
 ( 4, 2, 2, 1, 1, 1, 1, 1, 2, 2, 2, 2, 2, 2, 1, 1, 1, 1, 2, 2, 2, 2, 1, 1, 1, 1, 2, 2, 2, 2, 2, 1, 1, 1, 2, 2, 2, 2, 2, 1, 1, 1, 1, 1, 2, 2, 2, 2, 2, 1, 1, 1, 2, 2, 2, 1, 1, 2, 2, 4 ),
 ( 0.000000000000000000, 0.06249999999992218724, 0.09374999999988328780, 0.1093749999998638311, 0.1171874999998540751, 0.1210937499998491762, 0.1230468749998467337, 0.1240234374998455125, 0.1245117187498448741, 0.1249999999998442357, 0.1562499999998031297, 0.1874999999997620237, 0.2187499999997208899, 0.2343749999997005173, 0.2421874999996899702, 0.2460937499996841693, 0.2480468749996803390, 0.2490234374996790623, 0.2495117187496792566, 0.2499999999996794509, 0.3124999999996929678, 0.3437499999996996847, 0.3593749999997030709, 0.3671874999997047917, 0.3710937499997056244, 0.3730468749997060685, 0.3740234374997062350, 0.3749999999997064015, 0.4374999999997234434, 0.4687499999997319367, 0.4843749999997361555, 0.4921874999997383204, 0.4960937499997394307, 0.4980468749997399303, 0.4990234374997402078, 0.4999999999997404299, 0.6249999999997742917, 0.6874999999997911670, 0.7187499999997996047, 0.7343749999998038236, 0.7421874999998058220, 0.7460937499998069322, 0.7480468749998074873, 0.7490234374998078204, 0.7495117187498079314, 0.7499999999998079314, 0.7812499999998293587, 0.7968749999998401279, 0.8046874999998454570, 0.8085937499998481215, 0.8105468749998495648, 0.8115234374998502309, 0.8120117187498505640, 0.8124999999998510081, 0.8437499999998763212, 0.8593749999998890887, 0.8671874999998954170, 0.8710937499998986366, 0.8749999999999017453, 1.000000000000000000 ),
 .UNSPECIFIED. ) ;
#4022 = CARTESIAN_POINT ( 'NONE',  ( -0.7107466043442001169, 3.127461550510000077, -1.555183494797000243 ) ) ;
#4023 = CARTESIAN_POINT ( 'NONE',  ( -2.811684856895493745, 1.487435507393294998, -4.199551775125596187 ) ) ;
#4024 = CARTESIAN_POINT ( 'NONE',  ( -1.400208558182000296, -2.425232363965000193, -2.341152936821000008 ) ) ;
#4025 = CARTESIAN_POINT ( 'NONE',  ( -2.934678266330999818, 0.9082344532599999631, -3.631788741933999809 ) ) ;
#4026 = CARTESIAN_POINT ( 'NONE',  ( -3.193867698996999849, 0.000000000000000000, -2.740107485895999950 ) ) ;
#4027 = CARTESIAN_POINT ( 'NONE',  ( -2.583221932076971150, 1.229715957075576460, -4.528996965501947969 ) ) ;
#4028 = CARTESIAN_POINT ( 'NONE',  ( -2.789997114755999874, 0.000000000000000000, -2.507541379225000089 ) ) ;
#4029 = DIRECTION ( 'NONE',  ( 0.000000000000000000, 0.000000000000000000, 1.000000000000000000 ) ) ;
#4030 = EDGE_CURVE ( 'NONE', #4994, #125, #5390, .T. ) ;
#4031 = DIRECTION ( 'NONE',  ( 0.000000000000000000, 1.000000000000000000, 0.000000000000000000 ) ) ;
#4032 = CARTESIAN_POINT ( 'NONE',  ( 1.400208558182000296, -2.425232363965000193, -3.701468071648000180 ) ) ;
#4033 = EDGE_CURVE ( 'NONE', #3340, #3555, #909, .T. ) ;
#4034 = CARTESIAN_POINT ( 'NONE',  ( -2.800417116365000236, 1.273980920756999994E-14, -3.030707852351000042 ) ) ;
#4035 = CARTESIAN_POINT ( 'NONE',  ( 2.674621489245000205, -1.544193436795999963, -1.894114159683000009 ) ) ;
#4036 = CARTESIAN_POINT ( 'NONE',  ( 2.901717188661999902, 0.3682004880784000012, -3.630274462780000100 ) ) ;
#4037 = CARTESIAN_POINT ( 'NONE',  ( -1.731265544970350678, -2.191971232301927142, -4.527927088303215442 ) ) ;
#4038 = CARTESIAN_POINT ( 'NONE',  ( 2.257083534069467934, 2.232991658802209400, -3.791941459634652567 ) ) ;
#4039 = CARTESIAN_POINT ( 'NONE',  ( -2.448316844033000095, 1.413536388964000023, -3.156300764956000204 ) ) ;
#4040 = CARTESIAN_POINT ( 'NONE',  ( 2.805522078389000029, -0.8682627462805000418, -1.239875470552000092 ) ) ;
#4041 = DIRECTION ( 'NONE',  ( 0.000000000000000000, 0.000000000000000000, 1.000000000000000000 ) ) ;
#4042 = CARTESIAN_POINT ( 'NONE',  ( 0.07367218585927541585, 3.174264998888363554, -3.001336236441614957 ) ) ;
#4043 = CARTESIAN_POINT ( 'NONE',  ( -1.591126274462063783, 2.755379273993778799, -2.233776059168363304 ) ) ;
#4044 = CARTESIAN_POINT ( 'NONE',  ( -0.6231825505962000911, -2.742157970261000166, -3.598089305673813687 ) ) ;
#4045 = CIRCLE ( 'NONE', #1746, 3.299999999999998934 ) ;
#4046 = ORIENTED_EDGE ( 'NONE', *, *, #5227, .T. ) ;
#4047 = CARTESIAN_POINT ( 'NONE',  ( -1.965636695026000025, -2.336356175665000201, -4.680334831483000002 ) ) ;
#4048 = CARTESIAN_POINT ( 'NONE',  ( 2.049999999999999822, -7.400000000000000355, -13.75000000000000000 ) ) ;
#4049 = DIRECTION ( 'NONE',  ( 0.000000000000000000, -0.000000000000000000, -1.000000000000000000 ) ) ;
#4050 = CIRCLE ( 'NONE', #5435, 3.299999999999998934 ) ;
#4051 = CARTESIAN_POINT ( 'NONE',  ( 1.932678427628000017, 2.543291716405000180, -1.653316383064999950 ) ) ;
#4052 = CARTESIAN_POINT ( 'NONE',  ( 1.935306607249398736, -2.525586874386322123, -3.190733652025862455 ) ) ;
#4053 = AXIS2_PLACEMENT_3D ( 'NONE', #2288, #2259, #4018 ) ;
#4054 = CARTESIAN_POINT ( 'NONE',  ( -1.694572249308000211, -2.229957918970999931, -3.059830777711000316 ) ) ;
#4055 = CARTESIAN_POINT ( 'NONE',  ( 0.6807850240499999650, -2.995623157207000453, -3.396603556747999964 ) ) ;
#4056 = CARTESIAN_POINT ( 'NONE',  ( -1.501576640806000062E-14, -3.224268404651000175, -3.269274152562999802 ) ) ;
#4057 = CARTESIAN_POINT ( 'NONE',  ( -2.669999999999999929, 1.961884172234059931E-16, 0.000000000000000000 ) ) ;
#4058 = CARTESIAN_POINT ( 'NONE',  ( 2.439206963470999856, 1.408276796968999989, -2.801522860706000095 ) ) ;
#4059 = CARTESIAN_POINT ( 'NONE',  ( -1.934297768386156413, -2.526242399584155418, -2.630013807927861880 ) ) ;
#4060 = CARTESIAN_POINT ( 'NONE',  ( 3.500000000000000000, 3.167949717649150010, -9.348616558834127233 ) ) ;
#4061 = CARTESIAN_POINT ( 'NONE',  ( 2.778486331853999847, -0.3525636569632999984, -3.596997764390000185 ) ) ;
#4062 = CARTESIAN_POINT ( 'NONE',  ( 1.694572249308000211, 2.229957918970999931, -2.573459767315000146 ) ) ;
#4063 = CARTESIAN_POINT ( 'NONE',  ( 1.184103235959000022, -2.821231132837000111, -1.260477185757999941 ) ) ;
#4064 = ORIENTED_EDGE ( 'NONE', *, *, #687, .F. ) ;
#4065 = CARTESIAN_POINT ( 'NONE',  ( -2.154693243804000069, 1.995517025035999703, -3.375629573270999995 ) ) ;
#4066 = CARTESIAN_POINT ( 'NONE',  ( -1.536366799937288086, -1.999167105995450333, -0.000000000000000000 ) ) ;
#4067 = CARTESIAN_POINT ( 'NONE',  ( -2.287944965333691183, 2.203801528963652334, -3.614859827868061704 ) ) ;
#4068 = CARTESIAN_POINT ( 'NONE',  ( 1.400208558182000296, -2.425232363965000193, -2.862319283475000198 ) ) ;
#4069 = CARTESIAN_POINT ( 'NONE',  ( 2.556910488450999885, 1.476232958801000139, -1.148497184597000009 ) ) ;
#4070 = EDGE_CURVE ( 'NONE', #1161, #1682, #829, .T. ) ;
#4071 = CARTESIAN_POINT ( 'NONE',  ( 1.406609222599340070, -2.853987828421018502, -2.593726300295986054 ) ) ;
#4072 = CARTESIAN_POINT ( 'NONE',  ( 0.02116607075136428540, 3.174933873906761406, -2.999394259029289245 ) ) ;
#4073 = CARTESIAN_POINT ( 'NONE',  ( 2.244738210885755869, 2.245389803674262108, -2.380193306474243986 ) ) ;
#4074 = CARTESIAN_POINT ( 'NONE',  ( -3.500000000000000000, -6.099999999999999645, -9.650000000000000355 ) ) ;
#4075 = ORIENTED_EDGE ( 'NONE', *, *, #3247, .F. ) ;
#4076 = CARTESIAN_POINT ( 'NONE',  ( -2.741372534738999889, -1.000605677972000063, -1.135468604146999905 ) ) ;
#4077 = CARTESIAN_POINT ( 'NONE',  ( -0.2226852358027903989, 3.168235246061493093, -1.579253232399979723 ) ) ;
#4078 = CARTESIAN_POINT ( 'NONE',  ( 1.707427253169719439, 2.605705824993289621, -4.347324516074808187 ) ) ;
#4079 = B_SPLINE_CURVE_WITH_KNOTS ( 'NONE', 3,
 ( #1955, #3657, #202, #1527, #4654, #4685, #1175, #1609, #2214, #748, #1582, #2530, #4629, #2035, #5594, #1212, #3975, #5563, #1785, #1640, #4750, #3859, #24, #3539, #1124, #284, #719, #3770, #2870, #695, #3358, #2442 ),
 .UNSPECIFIED., .F., .F.,
 ( 4, 2, 2, 2, 2, 2, 2, 2, 2, 2, 2, 2, 2, 2, 2, 4 ),
 ( 0.000000000000000000, 0.0006224898081168538664, 0.001244979616233707733, 0.002489959232467415465, 0.003112449040584268790, 0.003734938848701122114, 0.004357428656817975872, 0.004979918464934829196, 0.005602408273051682520, 0.006224898081168536712, 0.006847387889285390036, 0.007469877697402244228, 0.008092367505519098420, 0.008714857313635953479, 0.009337347121752806803, 0.009959836929869660127 ),
 .UNSPECIFIED. ) ;
#4080 = CARTESIAN_POINT ( 'NONE',  ( -1.236216021826999967, 2.945394473874999974, -2.241279346028000052 ) ) ;
#4081 = CARTESIAN_POINT ( 'NONE',  ( -0.4163763357036121548, -3.154357334313693695, -3.278707675564200397 ) ) ;
#4082 = ADVANCED_FACE ( 'NONE', ( #882 ), #2942, .F. ) ;
#4083 = CARTESIAN_POINT ( 'NONE',  ( -2.934678266330999818, 0.9082344532599000431, -2.926233186378000006 ) ) ;
#4084 = CARTESIAN_POINT ( 'NONE',  ( -3.168855702086000203, -0.4020978407949000188, -4.138096311672001093 ) ) ;
#4085 = CARTESIAN_POINT ( 'NONE',  ( 1.934297458497393540, 2.526242634258001551, -2.982791572549164272 ) ) ;
#4086 = CARTESIAN_POINT ( 'NONE',  ( 0.6208637663186999944, -2.731954743643000061, -4.421604850365000061 ) ) ;
#4087 = FILL_AREA_STYLE ('',( #3185 ) ) ;
#4088 = CARTESIAN_POINT ( 'NONE',  ( 1.694572249308000211, 2.229957918970999931, -4.184960727353000287 ) ) ;
#4089 = CARTESIAN_POINT ( 'NONE',  ( -0.6231825505962000911, 2.742157970261000166, -2.475326879045999906 ) ) ;
#4090 = CARTESIAN_POINT ( 'NONE',  ( -1.529633678037999989, -2.649403247329999989, -1.364947493015999935 ) ) ;
#4091 = CARTESIAN_POINT ( 'NONE',  ( 2.135110469203141292, 1.640839742333023654, -0.000000000000000000 ) ) ;
#4092 = CARTESIAN_POINT ( 'NONE',  ( 1.131987617969000048, 2.697061044018000064, -3.512681870188000044 ) ) ;
#4093 = CARTESIAN_POINT ( 'NONE',  ( -1.400208558182000296, -2.425232363965000193, -3.807060184222005095 ) ) ;
#4094 = CARTESIAN_POINT ( 'NONE',  ( -2.923439733934612317, 1.238666166468409990, -3.572113822490538215 ) ) ;
#4095 = CARTESIAN_POINT ( 'NONE',  ( -2.686369738734000201, 0.8313870651189000371, -3.130086458317999920 ) ) ;
#4096 = CARTESIAN_POINT ( 'NONE',  ( -1.769733998381000095, -2.328866382518000044, -2.161156506969000191 ) ) ;
#4097 = CARTESIAN_POINT ( 'NONE',  ( 2.859584517151365191, -1.381349926022501506, -2.519601642304728717 ) ) ;
#4098 = CARTESIAN_POINT ( 'NONE',  ( 1.216524913855600243, 2.932693895663403438, -3.043664815068547913 ) ) ;
#4099 = CARTESIAN_POINT ( 'NONE',  ( -0.2091816774757436770, 3.174942960205804354, -3.608231922942422454 ) ) ;
#4100 = CARTESIAN_POINT ( 'NONE',  ( 2.686369738734000201, -0.8313870651189000371, -2.722512544249823918 ) ) ;
#4101 = VERTEX_POINT ( 'NONE', #5680 ) ;
#4102 = CARTESIAN_POINT ( 'NONE',  ( -2.781069737319000090, -0.8864882618235999656, -1.140254560193999955 ) ) ;
#4103 = CARTESIAN_POINT ( 'NONE',  ( -0.3105660883672097805, 3.160273654400478804, -1.576002964006818718 ) ) ;
#4104 = ORIENTED_EDGE ( 'NONE', *, *, #85, .F. ) ;
#4105 = DIRECTION ( 'NONE',  ( 0.000000000000000000, 0.000000000000000000, 1.000000000000000000 ) ) ;
#4106 = CARTESIAN_POINT ( 'NONE',  ( 3.193906752202000376, 0.000000000000000000, -3.168897801433999906 ) ) ;
#4107 = CARTESIAN_POINT ( 'NONE',  ( -1.790616646186796501, 2.628977826778451821, -4.255056391378430725 ) ) ;
#4108 = CARTESIAN_POINT ( 'NONE',  ( -1.688261783756999979, 2.221653715575000021, -3.153183850103000285 ) ) ;
#4109 = VERTEX_POINT ( 'NONE', #4798 ) ;
#4110 = CARTESIAN_POINT ( 'NONE',  ( -0.7107379137545000169, 3.127423309756999892, -4.301393179257999577 ) ) ;
#4111 = CARTESIAN_POINT ( 'NONE',  ( -2.126958620319595816, -2.360238611101540762, -1.315989668177561356 ) ) ;
#4112 = CARTESIAN_POINT ( 'NONE',  ( -2.678019338777569480, -0.7934656189480667754, -1.071080214109877415 ) ) ;
#4113 = CARTESIAN_POINT ( 'NONE',  ( -3.091040234912101337, -0.8350279808736104092, -2.705770578075912702 ) ) ;
#4114 = CARTESIAN_POINT ( 'NONE',  ( -2.131746224765757258, 1.810800544318197813, -1.070997941024775413 ) ) ;
#4115 = CARTESIAN_POINT ( 'NONE',  ( 1.088018564133000193E-14, -2.827072777928000047, -3.760264367945000075 ) ) ;
#4116 = CARTESIAN_POINT ( 'NONE',  ( 1.851206213005000212, -2.436079049462000157, -1.939788170644000331 ) ) ;
#4117 = CARTESIAN_POINT ( 'NONE',  ( 1.344662677590301891, 2.333009656905868923, -0.000000000000000000 ) ) ;
#4118 = CARTESIAN_POINT ( 'NONE',  ( -2.055510326824999900, 1.903661165743000039, -1.181440871047999996 ) ) ;
#4119 = CARTESIAN_POINT ( 'NONE',  ( 1.088018564133000193E-14, -2.827072777928000047, -3.748263887925836091 ) ) ;
#4120 = CARTESIAN_POINT ( 'NONE',  ( -2.392396246355979805, 2.088005576210560932, -3.609159748807547086 ) ) ;
#4121 = CARTESIAN_POINT ( 'NONE',  ( 2.800417116365000236, 0.000000000000000000, -4.155837801993000014 ) ) ;
#4122 = CARTESIAN_POINT ( 'NONE',  ( 0.000000000000000000, -2.952465917602000278, -1.383682369783000077 ) ) ;
#4123 = CARTESIAN_POINT ( 'NONE',  ( 3.174999999999999822, 0.000000000000000000, 2.259920353756999845 ) ) ;
#4124 = CARTESIAN_POINT ( 'NONE',  ( -2.228792276272050454, 2.261235009735301116, -2.912204828603389917 ) ) ;
#4125 = CARTESIAN_POINT ( 'NONE',  ( -2.571230544610149327, 1.862765236178785200, -2.187516309672317583 ) ) ;
#4126 = CARTESIAN_POINT ( 'NONE',  ( -2.063187188137999950, 1.910770905142000098, -2.422163379747813039 ) ) ;
#4127 = ORIENTED_EDGE ( 'NONE', *, *, #2091, .F. ) ;
#4128 = CARTESIAN_POINT ( 'NONE',  ( 0.6807798646093000672, 2.995600454385999978, -4.276299756977000044 ) ) ;
#4129 = CARTESIAN_POINT ( 'NONE',  ( -1.733711970072185027, 2.660422651506949787, -1.523078131644453714 ) ) ;
#4130 = ORIENTED_EDGE ( 'NONE', *, *, #4030, .T. ) ;
#4131 = CARTESIAN_POINT ( 'NONE',  ( 2.725793144582074223, -1.297265808624274097, -1.199654188713406455 ) ) ;
#4132 = VECTOR ( 'NONE', #4315, 1000.000000000000000 ) ;
#4133 = CARTESIAN_POINT ( 'NONE',  ( -2.353087849929000441, 2.179255390271000348, -3.606686182145999897 ) ) ;
#4134 = CARTESIAN_POINT ( 'NONE',  ( -2.239268194979729287, 2.259059971663896160, -4.234915326220012766 ) ) ;
#4135 = CARTESIAN_POINT ( 'NONE',  ( -2.439199487657000454, -1.408272480806000093, -2.989917246549000041 ) ) ;
#4136 = VERTEX_POINT ( 'NONE', #3376 ) ;
#4137 = CARTESIAN_POINT ( 'NONE',  ( -1.596933849498999969, -2.765970563658000092, -4.739181559969999569 ) ) ;
#4138 = CARTESIAN_POINT ( 'NONE',  ( 2.822670918833392495, 0.8681995916663013402, -1.158729684395495951 ) ) ;
#4139 = CARTESIAN_POINT ( 'NONE',  ( -3.073429990150160940, 0.8232332925784797695, -2.056747932192644512 ) ) ;
#4140 = ADVANCED_FACE ( 'NONE', ( #799 ), #2581, .T. ) ;
#4141 = CARTESIAN_POINT ( 'NONE',  ( -2.934706387824919549, -1.211665613718282186, -2.073263028392597462 ) ) ;
#4142 = CARTESIAN_POINT ( 'NONE',  ( 2.778486331853999847, -0.3525636569632999984, -1.413534481414999933 ) ) ;
#4143 = VECTOR ( 'NONE', #3756, 1000.000000000000000 ) ;
#4144 = CARTESIAN_POINT ( 'NONE',  ( 0.000000000000000000, 3.088386873591999926, -2.364484530053000189 ) ) ;
#4145 = CARTESIAN_POINT ( 'NONE',  ( 0.000000000000000000, -2.952458530842999807, -4.525341192560000891 ) ) ;
#4146 = CIRCLE ( 'NONE', #1662, 0.6399999999999999023 ) ;
#4147 = CARTESIAN_POINT ( 'NONE',  ( 2.434931691670788823, -0.6543697108982022836, -0.000000000000000000 ) ) ;
#4148 = CARTESIAN_POINT ( 'NONE',  ( -1.400208558182000296, -2.425232363965000193, -4.391022987178000214 ) ) ;
#4149 = EDGE_CURVE ( 'NONE', #4608, #817, #4281, .T. ) ;
#4150 = CARTESIAN_POINT ( 'NONE',  ( 0.6508234437558000351, -2.863784763902999853, -1.357468063145000015 ) ) ;
#4151 = CARTESIAN_POINT ( 'NONE',  ( 2.697533269526863453, -1.677718526660522791, -3.237640167494715726 ) ) ;
#4152 = DIRECTION ( 'NONE',  ( 0.000000000000000000, 0.000000000000000000, 1.000000000000000000 ) ) ;
#4153 = DIRECTION ( 'NONE',  ( 0.000000000000000000, 0.000000000000000000, 1.000000000000000000 ) ) ;
#4154 = CARTESIAN_POINT ( 'NONE',  ( -2.287959619471557016, 2.203786330174861696, -2.203747953358981437 ) ) ;
#4155 = CARTESIAN_POINT ( 'NONE',  ( -1.400208558182000296, -2.425232363965000193, -2.925115739776813495 ) ) ;
#4156 = CARTESIAN_POINT ( 'NONE',  ( -1.400208558182000296, -2.425232363965000193, -4.457819603486999682 ) ) ;
#4157 = VECTOR ( 'NONE', #1937, 1000.000000000000000 ) ;
#4158 = ORIENTED_EDGE ( 'NONE', *, *, #4913, .T. ) ;
#4159 = CARTESIAN_POINT ( 'NONE',  ( 1.529622085458000047, 2.649383168392999810, -4.308881746634999566 ) ) ;
#4160 = CARTESIAN_POINT ( 'NONE',  ( -0.8316266996749637208, 3.064166703085710708, -1.556699346644091264 ) ) ;
#4161 = ORIENTED_EDGE ( 'NONE', *, *, #618, .F. ) ;
#4162 = CARTESIAN_POINT ( 'NONE',  ( 1.236216021826999967, -2.945394473874999974, -3.299612679362000200 ) ) ;
#4163 = CIRCLE ( 'NONE', #5079, 3.500000000049840132 ) ;
#4164 = CARTESIAN_POINT ( 'NONE',  ( -0.4163777375734867836, -3.154357151292426664, -1.867596616227861439 ) ) ;
#4165 = ORIENTED_EDGE ( 'NONE', *, *, #861, .F. ) ;
#4166 = CARTESIAN_POINT ( 'NONE',  ( -3.063796991514999846, -0.9481945661345000387, -4.118636607347999856 ) ) ;
#4167 = CARTESIAN_POINT ( 'NONE',  ( -2.297047732977703038, -2.195051476915373723, -1.324454030638160917 ) ) ;
#4168 = CARTESIAN_POINT ( 'NONE',  ( 0.6208637663186999944, 2.731954743643000061, -4.121255685862999840 ) ) ;
#4169 = CARTESIAN_POINT ( 'NONE',  ( -2.259240799907844988, -2.230808598965666523, -2.028162238293874431 ) ) ;
#4170 = CARTESIAN_POINT ( 'NONE',  ( -2.063187188137999950, -1.910770905142000098, -1.668179370924000260 ) ) ;
#4171 =( LENGTH_UNIT ( ) NAMED_UNIT ( * ) SI_UNIT ( .MILLI., .METRE. ) );
#4172 = CARTESIAN_POINT ( 'NONE',  ( -0.3906384401416573282, 0.1001220863366945324, -2.799999999999999822 ) ) ;
#4173 = CARTESIAN_POINT ( 'NONE',  ( -0.6508218154640000863, -2.863777599015000064, -4.551555499197000643 ) ) ;
#4174 = CARTESIAN_POINT ( 'NONE',  ( 1.400208558182000296, -2.425232363965000193, -1.584801404982000061 ) ) ;
#4175 = CARTESIAN_POINT ( 'NONE',  ( 2.686369738734000201, 0.8313870651189000371, -3.417700256779000245 ) ) ;
#4176 = CARTESIAN_POINT ( 'NONE',  ( -2.154698634633000154, 1.995522017622999744, -2.350637417160999831 ) ) ;
#4177 = CARTESIAN_POINT ( 'NONE',  ( 2.531382637107776556, -1.916953301654543695, -3.248313402034106012 ) ) ;
#4178 = B_SPLINE_CURVE_WITH_KNOTS ( 'NONE', 3,
 ( #1309, #4392, #4520, #870 ),
 .UNSPECIFIED., .F., .F.,
 ( 4, 4 ),
 ( 1.070148648666816088E-15, 0.003539552266004446397 ),
 .UNSPECIFIED. ) ;
#4179 = CARTESIAN_POINT ( 'NONE',  ( 2.778486331853999847, 0.3525636569632999984, -2.147641602591006116 ) ) ;
#4180 = CARTESIAN_POINT ( 'NONE',  ( 2.697540818480364866, -1.677706336592988734, -2.532084085879509061 ) ) ;
#4181 = CYLINDRICAL_SURFACE ( 'NONE', #1371, 3.174999999999999822 ) ;
#4182 = DIRECTION ( 'NONE',  ( -0.000000000000000000, 0.000000000000000000, 1.000000000000000000 ) ) ;
#4183 = CARTESIAN_POINT ( 'NONE',  ( -2.063187188137999950, -1.910770905142000098, -2.252142173879813303 ) ) ;
#4184 = CARTESIAN_POINT ( 'NONE',  ( -0.6231825505962000911, -2.742157970261000166, -3.719682058272999914 ) ) ;
#4185 = ORIENTED_EDGE ( 'NONE', *, *, #3178, .F. ) ;
#4186 = CARTESIAN_POINT ( 'NONE',  ( -2.924620642837000073, 0.000000000000000000, -1.173952303671000008 ) ) ;
#4187 = CARTESIAN_POINT ( 'NONE',  ( -2.952556643551699000, -1.167647575609294996, -3.486113512433823836 ) ) ;
#4188 = VERTEX_POINT ( 'NONE', #2178 ) ;
#4189 = CARTESIAN_POINT ( 'NONE',  ( -3.168894449455999851, 0.4021027574698000651, -3.534797864546999957 ) ) ;
#4190 = CARTESIAN_POINT ( 'NONE',  ( -0.3518554655584749669, 3.155399893819593959, -4.308499467675234840 ) ) ;
#4191 = VERTEX_POINT ( 'NONE', #2120 ) ;
#4192 = CARTESIAN_POINT ( 'NONE',  ( 1.596933849498999969, -2.765970563658000092, -4.621588967376999868 ) ) ;
#4193 = CARTESIAN_POINT ( 'NONE',  ( 2.973018148543062456, -7.825447055097920028E-13, -1.174947609670306425 ) ) ;
#4194 = CARTESIAN_POINT ( 'NONE',  ( 1.688266958050000044, -2.221660524640999945, -4.375900575372000390 ) ) ;
#4195 = DIRECTION ( 'NONE',  ( 1.000000000000000000, 0.000000000000000000, 0.000000000000000000 ) ) ;
#4196 = CARTESIAN_POINT ( 'NONE',  ( -1.453972751750595815, -2.822992277983599418, -1.993784825286938345 ) ) ;
#4197 = CARTESIAN_POINT ( 'NONE',  ( 0.6231825505962000911, 2.742157970261000166, -1.250237613828999894 ) ) ;
#4198 = CARTESIAN_POINT ( 'NONE',  ( 0.1968737890391736578, 0.3485256161429343136, -2.800000000000000266 ) ) ;
#4199 = CARTESIAN_POINT ( 'NONE',  ( -1.769729570691999987, -2.328860555939999966, -3.891704218635000156 ) ) ;
#4200 = EDGE_CURVE ( 'NONE', #724, #2772, #3445, .T. ) ;
#4201 = EDGE_CURVE ( 'NONE', #3405, #3754, #3119, .T. ) ;
#4202 = CARTESIAN_POINT ( 'NONE',  ( -2.778486331853999847, -0.3525636569632999984, -1.806864304831999890 ) ) ;
#4203 = CARTESIAN_POINT ( 'NONE',  ( -1.083914082544999991, -2.582521575934999980, -3.672345146287999906 ) ) ;
#4204 = CARTESIAN_POINT ( 'NONE',  ( -0.6508234437558000351, 2.863784763902999853, -2.415801396477999852 ) ) ;
#4205 = CARTESIAN_POINT ( 'NONE',  ( -2.686369738734000201, 0.8313870651189000371, -1.135012544251005728 ) ) ;
#4206 = CARTESIAN_POINT ( 'NONE',  ( 3.174999998006369673, -1.537306312328500720E-07, -1.763888914502143468 ) ) ;
#4207 = DIRECTION ( 'NONE',  ( 0.000000000000000000, 0.000000000000000000, 1.000000000000000000 ) ) ;
#4208 = CARTESIAN_POINT ( 'NONE',  ( -2.627768666501204109, 1.782000333471264852, -2.183904255282008489 ) ) ;
#4209 = CARTESIAN_POINT ( 'NONE',  ( -1.083914082544999991, 2.582521575934999980, -2.467867654740823369 ) ) ;
#4210 = CARTESIAN_POINT ( 'NONE',  ( -1.400208558182000296, -2.425232363965000193, -3.752264047931999968 ) ) ;
#4211 = EDGE_LOOP ( 'NONE', ( #5289, #1650, #1394, #2811 ) ) ;
#4212 = CARTESIAN_POINT ( 'NONE',  ( 2.154693243804000069, 1.995517025035999703, -2.147275034070000643 ) ) ;
#4213 = CARTESIAN_POINT ( 'NONE',  ( -3.074991778899820005, 0.7909192072598235645, -1.438331461157815516 ) ) ;
#4214 = VERTEX_POINT ( 'NONE', #4314 ) ;
#4215 = CARTESIAN_POINT ( 'NONE',  ( -1.236216021826999967, -2.945394473874999974, -2.685405145728999798 ) ) ;
#4216 = CARTESIAN_POINT ( 'NONE',  ( 0.4149111732114969531, -3.154581126184493378, -1.836836789721292051 ) ) ;
#4217 = ORIENTED_EDGE ( 'NONE', *, *, #4731, .F. ) ;
#4218 = CARTESIAN_POINT ( 'NONE',  ( 2.934656025390999901, 0.9082275700565000109, -1.571670127346999957 ) ) ;
#4219 = CARTESIAN_POINT ( 'NONE',  ( 7.837739514543061660E-17, -7.349999999999999645, -12.33999999999999986 ) ) ;
#4220 = CARTESIAN_POINT ( 'NONE',  ( -3.500000000000000000, -7.400000000000000355, -9.650000000000000355 ) ) ;
#4221 = CARTESIAN_POINT ( 'NONE',  ( 2.112083575468078234, -2.371593391240853776, -1.859185270080305541 ) ) ;
#4222 = CARTESIAN_POINT ( 'NONE',  ( 1.083914082544999991, 2.582521575934999980, -1.975252873707999957 ) ) ;
#4223 = AXIS2_PLACEMENT_3D ( 'NONE', #2579, #1195, #4736 ) ;
#4224 = FACE_OUTER_BOUND ( 'NONE', #2481, .T. ) ;
#4225 = CARTESIAN_POINT ( 'NONE',  ( 1.406298330712222544, -2.854285181979946628, -4.004914824165052956 ) ) ;
#4226 = CARTESIAN_POINT ( 'NONE',  ( -1.932654795978000051, 2.543260618536000273, -2.139022237598000142 ) ) ;
#4227 = CARTESIAN_POINT ( 'NONE',  ( -2.582972517767000209, -1.034931029240999889, -1.054324625096999979 ) ) ;
#4228 = CARTESIAN_POINT ( 'NONE',  ( -2.448316844033000095, -1.413536388964000023, -1.761190293871000012 ) ) ;
#4229 = CARTESIAN_POINT ( 'NONE',  ( -2.778486331853999847, 0.3525636569632000228, -3.816182309549999818 ) ) ;
#4230 = CARTESIAN_POINT ( 'NONE',  ( 2.154698634633000154, -1.995522017622999744, -2.703415194939000177 ) ) ;
#4231 = CARTESIAN_POINT ( 'NONE',  ( -2.063187188137999950, 1.910770905142000098, -1.187441157526005764 ) ) ;
#4232 = CARTESIAN_POINT ( 'NONE',  ( 0.000000000000000000, 0.000000000000000000, -5.599999999999998757 ) ) ;
#4233 = CARTESIAN_POINT ( 'NONE',  ( -3.175012868634118135, -1.583771045052898140E-06, -2.822192435706963654 ) ) ;
#4234 = CARTESIAN_POINT ( 'NONE',  ( -3.174999999999998046, 3.295634597378643049E-15, -1.322916664739760773 ) ) ;
#4235 = CARTESIAN_POINT ( 'NONE',  ( 2.063187188137999950, -1.910770905142000098, -1.363830046414813424 ) ) ;
#4236 = CARTESIAN_POINT ( 'NONE',  ( 2.448316844033000095, 1.413536388964000023, -3.458282566449999873 ) ) ;
#4237 = CARTESIAN_POINT ( 'NONE',  ( -2.055504026985000010, -1.903655331299000109, -2.963702939911000200 ) ) ;
#4238 = VERTEX_POINT ( 'NONE', #363 ) ;
#4239 = CARTESIAN_POINT ( 'NONE',  ( 1.769729570691999987, -2.328860555939999966, -2.336755944261999840 ) ) ;
#4240 = CARTESIAN_POINT ( 'NONE',  ( -2.251313821269246063, -2.238802087412053332, -3.438864396623863673 ) ) ;
#4241 = VERTEX_POINT ( 'NONE', #1693 ) ;
#4242 = CARTESIAN_POINT ( 'NONE',  ( -2.032928977396999848, 1.915322465110000039, -4.527649108798000199 ) ) ;
#4243 = CARTESIAN_POINT ( 'NONE',  ( 2.792332490039000081, -1.612153914791000009, -3.933249653285999514 ) ) ;
#4244 = CARTESIAN_POINT ( 'NONE',  ( -0.1982874407681894935, -0.3517814310586966364, -1.800000000000000711 ) ) ;
#4245 = ORIENTED_EDGE ( 'NONE', *, *, #223, .T. ) ;
#4246 = CARTESIAN_POINT ( 'NONE',  ( -1.851192183335000241, 2.436060587237999897, -2.061500202041000041 ) ) ;
#4247 = CARTESIAN_POINT ( 'NONE',  ( -2.500000000000000000, 0.3272492347489369680, -0.000000000000000000 ) ) ;
#4248 = FACE_OUTER_BOUND ( 'NONE', #5128, .T. ) ;
#4249 = VECTOR ( 'NONE', #4049, 1000.000000000000000 ) ;
#4250 = CARTESIAN_POINT ( 'NONE',  ( -1.591298009180940332, -2.749397080003124660, -1.998904449447968634 ) ) ;
#4251 = CARTESIAN_POINT ( 'NONE',  ( 1.400208558182000296, 2.425232363965000193, -1.282819603487000082 ) ) ;
#4252 = EDGE_CURVE ( 'NONE', #1878, #4214, #366, .T. ) ;
#4253 = CARTESIAN_POINT ( 'NONE',  ( 1.933291989342744932, -2.527013193496966181, -3.984612498038125672 ) ) ;
#4254 = CARTESIAN_POINT ( 'NONE',  ( 1.236200906108000153, -2.945358459331000045, -1.812489030490000097 ) ) ;
#4255 = CARTESIAN_POINT ( 'NONE',  ( 1.079880973899999930, 2.572912336362000119, -2.024048723519999982 ) ) ;
#4256 = CARTESIAN_POINT ( 'NONE',  ( 2.063187188137999950, -1.910770905142000098, -1.552219415323000007 ) ) ;
#4257 = CARTESIAN_POINT ( 'NONE',  ( 0.000000000000000000, -2.827072777928000047, -1.443207852350999909 ) ) ;
#4258 = CARTESIAN_POINT ( 'NONE',  ( 0.000000000000000000, 2.952465917602000278, -3.147571258670999850 ) ) ;
#4259 = CARTESIAN_POINT ( 'NONE',  ( -1.400208558182000296, -2.425232363965000193, -1.690393517555005776 ) ) ;
#4260 = LINE ( 'NONE', #5122, #732 ) ;
#4261 = DIRECTION ( 'NONE',  ( 0.000000000000000000, 0.000000000000000000, 1.000000000000000000 ) ) ;
#4262 = CARTESIAN_POINT ( 'NONE',  ( -3.175000000000001599, -0.3067074868504355845, -1.312874204217833407 ) ) ;
#4263 = CARTESIAN_POINT ( 'NONE',  ( -0.7415624940317067093, 2.692869674217693188, -1.071209548227137764 ) ) ;
#4264 = CARTESIAN_POINT ( 'NONE',  ( 1.083914082544999991, 2.582521575934999980, -4.091919540374999720 ) ) ;
#4265 = CARTESIAN_POINT ( 'NONE',  ( 1.688261783756999979, 2.221653715575000021, -2.591465457810000039 ) ) ;
#4266 = VERTEX_POINT ( 'NONE', #3910 ) ;
#4267 = CARTESIAN_POINT ( 'NONE',  ( 1.131987617969000048, -2.697061044018000064, -2.363000514931000051 ) ) ;
#4268 = CARTESIAN_POINT ( 'NONE',  ( -2.245032400214881818, -2.245095661154554278, -3.438541501956840829 ) ) ;
#4269 = ORIENTED_EDGE ( 'NONE', *, *, #4149, .F. ) ;
#4270 = EDGE_CURVE ( 'NONE', #4756, #871, #4327, .T. ) ;
#4271 = CARTESIAN_POINT ( 'NONE',  ( 0.000000000000000000, -2.827072777928000047, -4.265430074572999608 ) ) ;
#4272 = EDGE_CURVE ( 'NONE', #150, #964, #5053, .T. ) ;
#4273 = CARTESIAN_POINT ( 'NONE',  ( 0.3610797180614183088, -0.1726605131134812676, -2.799999999999999378 ) ) ;
#4274 = FACE_OUTER_BOUND ( 'NONE', #70, .T. ) ;
#4275 = VERTEX_POINT ( 'NONE', #2721 ) ;
#4276 = CARTESIAN_POINT ( 'NONE',  ( -2.934656025390999901, 0.9082275700565000109, -1.989611884442000100 ) ) ;
#4277 = DIRECTION ( 'NONE',  ( 1.000000000000000000, -1.776356839400250465E-15, 0.000000000000000000 ) ) ;
#4278 = CARTESIAN_POINT ( 'NONE',  ( 2.097477012767936078, 2.392562931020286499, -2.284517446418333542 ) ) ;
#4279 = CARTESIAN_POINT ( 'NONE',  ( 3.500000000000000000, 3.399999999999999911, -15.19999999999999929 ) ) ;
#4280 = CARTESIAN_POINT ( 'NONE',  ( 1.596953376101000188, 2.766004384726000076, -0.9346385421752000378 ) ) ;
#4281 = LINE ( 'NONE', #5238, #2381 ) ;
#4282 = FACE_OUTER_BOUND ( 'NONE', #4211, .T. ) ;
#4283 = CARTESIAN_POINT ( 'NONE',  ( 1.236200906108000153, 2.945358459331000045, -2.256614830190999843 ) ) ;
#4284 = CARTESIAN_POINT ( 'NONE',  ( -0.03739962067230507420, -3.174810374658266987, -3.352772541933562778 ) ) ;
#4285 = CARTESIAN_POINT ( 'NONE',  ( 1.688266958050000044, 2.221660524640999945, -2.050293294189000193 ) ) ;
#4286 = CARTESIAN_POINT ( 'NONE',  ( -2.291518291723594114, 0.9997911049709387044, -1.800000000000000266 ) ) ;
#4287 = CARTESIAN_POINT ( 'NONE',  ( 1.400208558182000296, -2.425232363965000193, -2.995912516093000466 ) ) ;
#4288 = CARTESIAN_POINT ( 'NONE',  ( 3.174999999999999378, 0.1853674193478344612, -3.168930646167102516 ) ) ;
#4289 = CARTESIAN_POINT ( 'NONE',  ( -2.778486331853999847, 0.3525636569632999984, -0.9271634710187000028 ) ) ;
#4290 = CARTESIAN_POINT ( 'NONE',  ( -2.924627959947999845, 0.000000000000000000, -2.265626814227000185 ) ) ;
#4291 = B_SPLINE_CURVE_WITH_KNOTS ( 'NONE', 3,
 ( #391, #5259, #1312, #3029, #2935, #419, #730, #2573, #4696, #2171, #1256, #791, #2512, #2143, #2484, #2049, #3001, #3809, #5574, #354, #3437, #1620, #1188, #4273, #322, #2077, #2542, #2112 ),
 .UNSPECIFIED., .F., .F.,
 ( 4, 2, 2, 2, 1, 2, 2, 2, 2, 2, 2, 1, 2, 2, 4 ),
 ( 0.000000000000000000, 0.06249999999999994449, 0.1249999999999998890, 0.2499999999999997780, 0.3124999999999997224, 0.3437499999999997224, 0.3749999999999997780, 0.4999999999999998890, 0.5624999999999998890, 0.6250000000000000000, 0.7500000000000000000, 0.8124999999999998890, 0.8437499999999998890, 0.8749999999999998890, 1.000000000000000000 ),
 .UNSPECIFIED. ) ;
#4292 = CARTESIAN_POINT ( 'NONE',  ( 2.778486331853999847, 0.3525636569632999984, -1.442086047035005647 ) ) ;
#4293 = DIRECTION ( 'NONE',  ( 0.000000000000000000, -1.000000000000000000, 0.000000000000000000 ) ) ;
#4294 = CARTESIAN_POINT ( 'NONE',  ( 2.784511003991523292, -1.059432545544378046, -4.423241518551751739 ) ) ;
#4295 = DIRECTION ( 'NONE',  ( 0.000000000000000000, 0.000000000000000000, 1.000000000000000000 ) ) ;
#4296 = CARTESIAN_POINT ( 'NONE',  ( -0.6231825505962000911, 2.742157970261000166, -1.781771803509813568 ) ) ;
#4297 = CARTESIAN_POINT ( 'NONE',  ( -0.6231825505962000911, 2.742157970261000166, -1.131012384244000080 ) ) ;
#4298 = CARTESIAN_POINT ( 'NONE',  ( -2.055504026985000010, -1.903655331299000109, -2.258147384356000043 ) ) ;
#4300 = VERTEX_POINT ( 'NONE', #4912 ) ;
#4299 = PRODUCT_RELATED_PRODUCT_CATEGORY ( 'part', '', ( #365 ) ) ;
#4301 = CARTESIAN_POINT ( 'NONE',  ( -1.462310321417999992, -2.532795773129000061, -1.761915266634000110 ) ) ;
#4302 = CARTESIAN_POINT ( 'NONE',  ( 4.041334437186266496E-16, -3.600000000000000533, -15.00000000000000000 ) ) ;
#4303 = ORIENTED_EDGE ( 'NONE', *, *, #597, .F. ) ;
#4304 = CARTESIAN_POINT ( 'NONE',  ( 2.778486331853999847, -0.3525636569632000228, -4.102163471018999807 ) ) ;
#4305 = CARTESIAN_POINT ( 'NONE',  ( 2.055504026985000010, 1.903655331299000109, -1.905369606577999919 ) ) ;
#4306 = CARTESIAN_POINT ( 'NONE',  ( 2.353087849929000441, -2.179255390271000348, -3.959463959923999354 ) ) ;
#4307 = CARTESIAN_POINT ( 'NONE',  ( -3.174999999999999822, 3.888253587292846081E-16, 2.259920353756999845 ) ) ;
#4308 = B_SPLINE_CURVE_WITH_KNOTS ( 'NONE', 3,
 ( #5609, #2023, #1657, #3786, #4669, #824, #2147, #4311, #358, #5551, #5110, #735, #1163, #3876, #5646, #2489, #2116, #299, #1690, #2053, #1261, #3441, #5578, #3373, #5137, #327, #1193, #763 ),
 .UNSPECIFIED., .F., .F.,
 ( 4, 2, 2, 2, 1, 2, 2, 2, 2, 2, 2, 1, 2, 2, 4 ),
 ( 0.000000000000000000, 0.06250000000000000000, 0.1249999999999999722, 0.2499999999999999445, 0.3124999999999999445, 0.3437499999999998890, 0.3749999999999998335, 0.4999999999999997780, 0.5624999999999997780, 0.6249999999999997780, 0.7499999999999997780, 0.8124999999999997780, 0.8437499999999997780, 0.8749999999999997780, 1.000000000000000000 ),
 .UNSPECIFIED. ) ;
#4309 = ORIENTED_EDGE ( 'NONE', *, *, #5658, .T. ) ;
#4310 = CARTESIAN_POINT ( 'NONE',  ( 2.934656025390999901, 0.9082275700565000109, -2.277225682902999981 ) ) ;
#4311 = CARTESIAN_POINT ( 'NONE',  ( -0.2634668500010737269, 0.3022708126128264006, -1.800000000000000711 ) ) ;
#4312 = CARTESIAN_POINT ( 'NONE',  ( -1.406380632994373547, 2.854058591527561806, -2.152777965854931086 ) ) ;
#4313 = CARTESIAN_POINT ( 'NONE',  ( 3.063834454273000052, -0.9482061602394000754, -1.084813124425999975 ) ) ;
#4314 = CARTESIAN_POINT ( 'NONE',  ( 3.500000000024919622, 3.400000000036673242, -11.70000000000000107 ) ) ;
#4315 = DIRECTION ( 'NONE',  ( 1.000000000000000000, 0.000000000000000000, -0.000000000000000000 ) ) ;
#4316 = CARTESIAN_POINT ( 'NONE',  ( -2.993749364064000495, -1.092723653625000235, -1.290512675261000108 ) ) ;
#4317 = CARTESIAN_POINT ( 'NONE',  ( -0.5965144004588204263, -3.121482159119533861, -3.373458069574184925 ) ) ;
#4318 = CARTESIAN_POINT ( 'NONE',  ( 2.768147931949000107, -0.3512518117201999801, -2.167885886781999893 ) ) ;
#4319 = ADVANCED_FACE ( 'NONE', ( #1884 ), #2663, .T. ) ;
#4320 = CARTESIAN_POINT ( 'NONE',  ( -0.8832027952095186096, 2.338877794310527669, -1.799999999999999822 ) ) ;
#4321 = CARTESIAN_POINT ( 'NONE',  ( -2.063187188137999950, -1.910770905142000098, -3.146087098344000132 ) ) ;
#4322 = CARTESIAN_POINT ( 'NONE',  ( 2.769144249936500213, 1.560813080247872353, -3.117431717054069740 ) ) ;
#4323 = AXIS2_PLACEMENT_3D ( 'NONE', #4330, #2163, #381 ) ;
#4324 = CARTESIAN_POINT ( 'NONE',  ( -2.063187188137999950, 1.910770905142000098, -0.9990517886180999563 ) ) ;
#4325 = CARTESIAN_POINT ( 'NONE',  ( 2.805522078389000029, -0.8682627462805000418, -4.062097692773999569 ) ) ;
#4326 = B_SPLINE_SURFACE_WITH_KNOTS ( 'NONE', 3, 3, ( 
 ( #3794, #4649, #1577, #5151, #2061, #249, #1205, #3273, #2865, #2949, #1171, #3354, #1635, #636, #2382, #5503, #222, #5035, #196, #1951, #4625, #3710, #5477, #1522, #5532, #5091, #2890, #4256, #743, #4174, #3303, #690, #2437, #1089, #2464, #2838, #4598, #2916, #4228, #306, #4202, #4679, #2496, #280, #2031, #3821, #5589, #5559, #5118, #663, #2412, #1976, #3737, #1548, #2127, #3886, #1668, #3916, #5656, #1699, #3944, #25, #5714, #3418, #1728, #3853, #889, #1301, #4807, #2525, #3451, #1757, #3976, #2215, #5216, #1786, #3540, #1350, #1238, #5623, #3512, #4834, #406, #4384, #5304, #4712, #5274, #2982, #1324, #3073, #5185, #4745, #374, #772, #2642, #4410, #804, #3045, #1272, #463, #2092, #4287, #3482, #337, #3015, #4777, #834, #2555, #4358, #4321, #433, #2589, #2156, #5244, #862, #5686, #2614, #2184, #1864, #1030, #999, #948, #493, #917, #2702, #3101, #4860, #605, #3622, #4517, #975, #1461, #4061, #2351, #5391, #1434, #3161, #4032, #5415, #163, #4115, #1919, #3596, #4947, #4464, #4976, #2244, #575, #521, #547, #2755, #4004, #2783, #4544, #3569, #2324, #52, #5445, #3679, #2673, #2272, #110, #4088, #4437, #1812, #5332, #1377, #3133, #4893, #137, #81, #1839, #4921, #2730, #3647, #4489, #3186, #1891, #5364, #3211, #1409, #2300, #2912, #4645, #2434, #3325, #4672, #738, #1544, #4622, #1059, #5472 ),
 ( #2459, #3816, #1573, #1520, #2492, #1997, #3732, #3271, #2886, #711, #274, #3760, #3789, #3349, #1115, #4197, #5113, #4251, #1491, #1946, #302, #2056, #660, #1086, #4142, #3243, #5005, #1971, #2809, #4570, #633, #2860, #246, #686, #1166, #1599, #5033, #4170, #3296, #5059, #2377, #5526, #192, #3707, #5555, #5088, #2834, #5499, #4594, #2407, #219, #1142, #4222, #2026, #1628, #1198, #2943, #5583, #3377, #5144, #3938, #1401, #4483, #2179, #4914, #2723, #514, #1320, #883, #3533, #3094, #4024, #4853, #3997, #3562, #2207, #940, #2237, #3154, #969, #2695, #4431, #5324, #540, #2293, #5296, #910, #3038, #1750, #1369, #1779, #45, #4457, #3125, #5707, #2665, #1344, #2265, #485, #1804, #1832, #3506, #4886, #5357, #74, #3066, #3589, #4800, #4054, #104, #4828, #3475, #5239, #1295, #856, #428, #5268, #2636, #2609, #4379, #4404, #455, #3968, #17, #1153, #5018, #3802, #699, #4236, #674, #1985, #2421, #2928, #1560, #2392, #3336, #5458, #2847, #2446, #2012, #4689, #4184, #2505, #4210, #5567, #5540, #5486, #1505, #3311, #4633, #5073, #1613, #2039, #1531, #4607, #3747, #5511, #1858, #258, #1071, #4264, #288, #3776, #3362, #232, #5126, #1179, #1128, #2874, #752, #3692, #1586, #4658, #3257, #2822, #4580, #5100, #2898, #644, #4156, #206, #723, #5046, #1100, #2476, #1959, #3719, #3283, #3022, #5161, #2190, #2595 ),
 ( #1248, #3080, #4840, #2648, #2534, #1216, #5253, #441, #1708, #5692, #895, #3518, #1307, #4297, #3052, #315, #413, #346, #1763, #841, #2563, #2102, #1734, #4814, #868, #4365, #2621, #3950, #5665, #4785, #1, #5281, #2070, #781, #1330, #2165, #3864, #3459, #2961, #5634, #3924, #1677, #4721, #4334, #4754, #383, #2991, #3488, #3830, #4390, #5598, #1644, #3395, #5223, #3429, #5195, #1280, #812, #2134, #3894, #4984, #1358, #3139, #1040, #4954, #1442, #5422, #1468, #3220, #3575, #4010, #3108, #4417, #471, #4900, #2222, #3984, #5340, #3629, #31, #5398, #4869, #1415, #3548, #583, #981, #4496, #1792, #1819, #3192, #3655, #1898, #1385, #5312, #926, #2679, #4443, #501, #1008, #4525, #89, #4068, #2251, #59, #2763, #954, #2331, #2709, #555, #4470, #144, #4928, #527, #2279, #118, #4095, #4039, #2736, #1846, #3603, #5371, #3167, #2307, #1871, #5119, #3251, #281, #5504, #5011, #4175, #3686, #1065, #1121, #2814, #5452, #1090, #1523, #5036, #5478, #692, #716, #250, #4203, #1549, #5533, #224, #2003, #2866, #3738, #5560, #4229, #2413, #3355, #1499, #3274, #2789, #3329, #1579, #3795, #1605, #4550, #1952, #2383, #4574, #611, #2357, #2839, #4121, #169, #1926, #1977, #3304, #5064, #2466, #2891, #637, #4599, #664, #4626, #4148, #2439, #198, #3712, #5092, #3766, #2032, #1146, #4651, #3046, #5626, #806, #5246 ),
 ( #4747, #4779, #434, #2498, #3823, #376, #4289, #3888, #3917, #4324, #4360, #5217, #2128, #3945, #2616, #2557, #1758, #5591, #1669, #3513, #1729, #5687, #2185, #5716, #1172, #339, #774, #1637, #2918, #4680, #3421, #744, #4257, #308, #5657, #1701, #3453, #4808, #1302, #4714, #3855, #1241, #2984, #2063, #1273, #3386, #5152, #3483, #3016, #863, #5187, #4385, #1207, #835, #2590, #2953, #2527, #407, #2094, #2157, #3623, #1892, #3134, #3162, #4518, #890, #2216, #4465, #2674, #4438, #4490, #577, #549, #3978, #2273, #4411, #1435, #1841, #5365, #3075, #495, #2302, #2325, #2758, #2246, #4089, #138, #5275, #1787, #465, #4062, #5392, #949, #4922, #1325, #4835, #111, #3542, #1865, #2643, #1410, #5306, #1000, #82, #1814, #1351, #976, #3187, #4948, #3597, #26, #3102, #4894, #4034, #4861, #919, #4005, #53, #3570, #2731, #5334, #2703, #1378, #522, #3213, #3648, #5416, #4977, #1032, #1462, #321, #3808, #3836, #2076, #758, #2570, #5604, #5573, #1651, #3402, #2511, #1284, #5167, #728, #1683, #3781, #1186, #4726, #352, #3027, #4695, #845, #788, #3900, #3870, #1619, #3341, #5546, #3368, #263, #2018, #3464, #2540, #3435, #1223, #4340, #2967, #5228, #4304, #2109, #5640, #2934, #389, #4789, #2599, #1591, #4271, #5201, #5132, #2141, #5105, #1254, #2998, #4760, #818, #1158, #5671, #1714, #2483, #2903, #4664, #4242 ) ),
 .UNSPECIFIED., .F., .F., .F.,
 ( 4, 4 ),
 ( 4, 1, 1, 1, 1, 1, 1, 1, 1, 1, 1, 1, 1, 1, 1, 1, 1, 1, 1, 1, 1, 1, 1, 1, 1, 1, 1, 1, 1, 1, 1, 1, 1, 1, 1, 1, 1, 1, 1, 1, 1, 1, 1, 1, 1, 1, 1, 1, 1, 1, 1, 1, 1, 1, 1, 1, 1, 1, 1, 1, 1, 1, 1, 1, 1, 1, 1, 1, 1, 1, 1, 1, 1, 1, 1, 1, 1, 1, 1, 1, 1, 1, 1, 1, 1, 1, 1, 1, 1, 1, 1, 1, 1, 1, 1, 1, 1, 1, 1, 1, 1, 1, 1, 1, 1, 1, 1, 1, 1, 1, 1, 1, 1, 1, 1, 1, 1, 1, 1, 1, 1, 1, 1, 1, 1, 1, 1, 1, 1, 1, 1, 1, 1, 1, 1, 1, 1, 1, 1, 1, 1, 1, 1, 1, 1, 1, 1, 1, 1, 1, 1, 1, 1, 1, 1, 1, 1, 1, 1, 1, 1, 1, 1, 1, 1, 1, 1, 1, 1, 1, 1, 1, 1, 1, 1, 1, 1, 1, 1, 1, 1, 1, 1, 1, 1, 1, 1, 1, 1, 4 ),
 ( -0.06803421743170999514, 1.068034217432000110 ),
 ( -0.002827066673762999860, 0.000000000000000000, 0.0009446386222017000246, 0.004988730917560999650, 0.009032823212921000863, 0.01307691550827999941, 0.01712100780363999888, 0.02520919239436000131, 0.03329737698508000027, 0.03734146928043999975, 0.04138556157579999922, 0.04542965387115999870, 0.04947374616651999818, 0.05756193075723999714, 0.06565011534794999715, 0.06969420764330999662, 0.07373829993866999610, 0.07778239223402999558, 0.08182648452938999506, 0.08991466912010999402, 0.09800285371083000685, 0.1020469460061999983, 0.1060910383015000041, 0.1101351305968999994, 0.1141792228922999947, 0.1222674074829999957, 0.1303555920737000107, 0.1343996843690999921, 0.1384437766643999979, 0.1424878689598000070, 0.1465319612551000128, 0.1546201458459000033, 0.1627083304365999905, 0.1667524227318999963, 0.1707965150273000055, 0.1748406073226999868, 0.1788846996179999926, 0.1869728842087000076, 0.1950610687994999981, 0.1991051610948000039, 0.2031492533902000130, 0.2071933456854999911, 0.2112374379809000002, 0.2193256225715999874, 0.2274138071623000024, 0.2314578994577000115, 0.2355019917530999929, 0.2395460840483999987, 0.2435901763438000078, 0.2516783609345000228, 0.2597665455252000100, 0.2638106378205999913, 0.2678547301158999971, 0.2718988224112999785, 0.2759429147067000154, 0.2840310992974000026, 0.2921192838880999898, 0.2961633761833999956, 0.3002074684787999770, 0.3042515607742000139, 0.3082956530695000197, 0.3163838376602000069, 0.3244720222510000252, 0.3285161145462999754, 0.3325602068417000123, 0.3366042991370000181, 0.3406483914323999995, 0.3487365760230999867, 0.3568247606137999739, 0.3608688529092000108, 0.3649129452045999922, 0.3689570374998999980, 0.3730011297952999794, 0.3810893143860000221, 0.3891774989767000092, 0.3932215912720999906, 0.3972656835673999964, 0.4013097758627999778, 0.4053538681582000147, 0.4134420527489000019, 0.4215302373395999891, 0.4255743296350000260, 0.4296184219302999763, 0.4336625142257000132, 0.4377066065210000190, 0.4457947911117999817, 0.4538829757025000244, 0.4579270679977999747, 0.4619711602932000116, 0.4660152525885000174, 0.4700593448838999988, 0.4781475294745999860, 0.4862357140652999732, 0.4902798063607000101, 0.4943238986560999915, 0.4983679909513999973, 0.5024120832467999787, 0.5105002678375000214, 0.5185884524281999530, 0.5226325447235999899, 0.5266766370188999957, 0.5307207293143000326, 0.5347648216096999585, 0.5428530062004000012, 0.5509411907911000439, 0.5549852830864999698, 0.5590293753817999756, 0.5630734676772000125, 0.5671175599725000183, 0.5752057445632999810, 0.5832939291540000237, 0.5873380214493000295, 0.5913821137446999554, 0.5954262060400999923, 0.5994702983353999981, 0.6075584829261000408, 0.6156466675169000036, 0.6196907598122000094, 0.6237348521076000463, 0.6277789444029000521, 0.6318230366982999779, 0.6399112212890000206, 0.6479994058796999523, 0.6520434981750999892, 0.6560875904703999950, 0.6601316827658000319, 0.6641757750611999578, 0.6722639596519000005, 0.6803521442426000432, 0.6843962365379999691, 0.6884403288332999749, 0.6924844211287000117, 0.6965285134240000176, 0.7046166980147999803, 0.7127048826055000230, 0.7167489749008000288, 0.7207930671961999547, 0.7248371594915999916, 0.7288812517868999974, 0.7369694363776000401, 0.7450576209684000029, 0.7491017132637000087, 0.7531458055591000456, 0.7571898978544000514, 0.7612339901497999772, 0.7693221747405000199, 0.7774103593311999516, 0.7814544516265999885, 0.7854985439220000254, 0.7895426362173000312, 0.7935867285126999571, 0.8016749131033999998, 0.8097630976941000425, 0.8138071899894999683, 0.8178512822847999741, 0.8218953745802000110, 0.8259394668755000168, 0.8340276514662999796, 0.8421158360570000223, 0.8461599283523000281, 0.8502040206476999540, 0.8542481129430999909, 0.8582922052383999967, 0.8663803898291000394, 0.8744685744199000021, 0.8785126667152000079, 0.8825567590106000448, 0.8866008513059000506, 0.8906449436012999765, 0.8987331281920000192, 0.9068213127826999509, 0.9108654050780999878, 0.9149094973735000247, 0.9189535896688000305, 0.9229976819641999564, 0.9310858665548999991, 0.9391740511456000418, 0.9432181434409999676, 0.9472622357362999734, 0.9513063280317000103, 0.9553504203271000472, 0.9634386049177999789, 0.9715267895085000216, 0.9755708818038999475, 0.9796149740991999533, 0.9836590663945999902, 0.9877031586898999960, 0.9957913432806000387, 1.000000000000000000, 1.002827514638999995 ),
 .UNSPECIFIED. ) ;
#4327 = CIRCLE ( 'NONE', #1840, 3.174999999999999822 ) ;
#4328 = CARTESIAN_POINT ( 'NONE',  ( 0.000000000000000000, 2.827072777928000047, -2.689930554592006473 ) ) ;
#4329 = CARTESIAN_POINT ( 'NONE',  ( 3.072423440512222825, 0.8270421127858940125, -1.647264996287672201 ) ) ;
#4330 = CARTESIAN_POINT ( 'NONE',  ( 0.000000000000000000, 0.000000000000000000, 2.259920353756999845 ) ) ;
#4331 = CARTESIAN_POINT ( 'NONE',  ( 0.6231825505962000911, 2.742157970261000166, -1.128644861229813445 ) ) ;
#4332 = ADVANCED_FACE ( 'NONE', ( #2775, #4482 ), #1426, .T. ) ;
#4333 = AXIS2_PLACEMENT_3D ( 'NONE', #4881, #3471, #4849 ) ;
#4334 = CARTESIAN_POINT ( 'NONE',  ( -2.686369738734000201, 0.8313870651189000371, -1.718975347207000182 ) ) ;
#4335 = CARTESIAN_POINT ( 'NONE',  ( 2.768139447978999801, 0.3512507351845000070, -4.093924590843999844 ) ) ;
#4336 = ORIENTED_EDGE ( 'NONE', *, *, #1135, .F. ) ;
#4337 = CARTESIAN_POINT ( 'NONE',  ( -1.131987617969000048, -2.697061044018000064, -3.159904092410000143 ) ) ;
#4338 = CARTESIAN_POINT ( 'NONE',  ( -2.098112880674197100, -2.391998701772984237, -3.431120950421223448 ) ) ;
#4339 = ORIENTED_EDGE ( 'NONE', *, *, #4070, .T. ) ;
#4340 = CARTESIAN_POINT ( 'NONE',  ( 2.686369738734000201, 0.8313870651189000371, -4.056459196025000047 ) ) ;
#4341 = CARTESIAN_POINT ( 'NONE',  ( 2.055504026985000010, 1.903655331299000109, -1.199814051022999983 ) ) ;
#4342 = CARTESIAN_POINT ( 'NONE',  ( -3.193906752202000376, 0.000000000000000000, -4.227231134768000054 ) ) ;
#4343 = CARTESIAN_POINT ( 'NONE',  ( 0.4000000000000000222, -0.02534302217852660993, -1.800000000000000266 ) ) ;
#4344 = ORIENTED_EDGE ( 'NONE', *, *, #4868, .T. ) ;
#4345 = CARTESIAN_POINT ( 'NONE',  ( -2.221084393128000212, -2.283507250595000038, -4.765969700332999714 ) ) ;
#4346 = CARTESIAN_POINT ( 'NONE',  ( 2.049999999999999822, -6.099999999999999645, -13.75000000000000000 ) ) ;
#4347 = CARTESIAN_POINT ( 'NONE',  ( -0.8212717675646381554, 3.073930065884938667, -2.174449623606071302 ) ) ;
#4348 = CARTESIAN_POINT ( 'NONE',  ( -2.049999999999999822, -7.400000000000000355, -13.75000000000000000 ) ) ;
#4349 = CARTESIAN_POINT ( 'NONE',  ( 1.184103235959000022, 2.821231132837000111, -3.821269652125999894 ) ) ;
#4350 = CARTESIAN_POINT ( 'NONE',  ( 3.075094947006504320, -0.8729330544094483502, -1.793440879573255042 ) ) ;
#4351 = CARTESIAN_POINT ( 'NONE',  ( -1.071565947897260408E-16, 3.400000000036673242, -15.20000000002491980 ) ) ;
#4352 = CARTESIAN_POINT ( 'NONE',  ( -1.236200906108000153, -2.945358459331000045, -1.903837052412999942 ) ) ;
#4353 = AXIS2_PLACEMENT_3D ( 'NONE', #3559, #2633, #452 ) ;
#4354 = CARTESIAN_POINT ( 'NONE',  ( 1.849894231461494787, -2.582500583597755472, -3.281552505627666427 ) ) ;
#4355 = CARTESIAN_POINT ( 'NONE',  ( 2.055510326824999900, -1.903661165743000039, -1.534218648825999898 ) ) ;
#4356 = DIRECTION ( 'NONE',  ( 0.000000000000000000, 0.000000000000000000, 1.000000000000000000 ) ) ;
#4357 = EDGE_CURVE ( 'NONE', #4662, #1682, #706, .T. ) ;
#4358 = CARTESIAN_POINT ( 'NONE',  ( -1.694572249308000211, -2.229957918970999931, -3.126627394019999784 ) ) ;
#4359 = AXIS2_PLACEMENT_3D ( 'NONE', #5492, #5025, #4536 ) ;
#4360 = CARTESIAN_POINT ( 'NONE',  ( -1.694572249308000211, 2.229957918970999931, -1.018511492942000052 ) ) ;
#4361 = CARTESIAN_POINT ( 'NONE',  ( -2.901724448471000084, 0.3682014092795999893, -3.689860210672999852 ) ) ;
#4362 = CARTESIAN_POINT ( 'NONE',  ( 1.400208558182000296, 2.425232363965000193, -2.748726850888836726 ) ) ;
#4363 = DIRECTION ( 'NONE',  ( 0.000000000000000000, 0.000000000000000000, 1.000000000000000000 ) ) ;
#4364 = CARTESIAN_POINT ( 'NONE',  ( 1.400208558182000296, -2.425232363965000193, -1.396412036072823604 ) ) ;
#4365 = CARTESIAN_POINT ( 'NONE',  ( 2.686369738734000201, -0.8313870651189000371, -1.366197569429000058 ) ) ;
#4366 = CARTESIAN_POINT ( 'NONE',  ( -2.768139447978999801, -0.3512507351845000070, -4.446702368621999746 ) ) ;
#4367 = VERTEX_POINT ( 'NONE', #3153 ) ;
#4368 = ORIENTED_EDGE ( 'NONE', *, *, #1135, .T. ) ;
#4369 = CARTESIAN_POINT ( 'NONE',  ( -2.605371362928870393, -1.821083124820838561, -2.753379459177568656 ) ) ;
#4370 = CARTESIAN_POINT ( 'NONE',  ( -1.688261783756999979, -2.221653715575000021, -1.533132124476999980 ) ) ;
#4371 = CARTESIAN_POINT ( 'NONE',  ( 3.168894449455999851, -0.4021027574698999851, -3.887575642324999858 ) ) ;
#4372 = DIRECTION ( 'NONE',  ( 0.000000000000000000, 0.000000000000000000, -1.000000000000000000 ) ) ;
#4373 = EDGE_LOOP ( 'NONE', ( #4560, #3266, #3581, #4557 ) ) ;
#4374 = CARTESIAN_POINT ( 'NONE',  ( -0.6807798646093000672, 2.995600454385999978, -2.812760032590000403 ) ) ;
#4375 = DIRECTION ( 'NONE',  ( 0.000000000000000000, 0.000000000000000000, 1.000000000000000000 ) ) ;
#4376 = CARTESIAN_POINT ( 'NONE',  ( -1.192851806847666785, -2.200367281571156131, -1.800000000000000266 ) ) ;
#4377 = CARTESIAN_POINT ( 'NONE',  ( 0.000000000000000000, -3.224307829582000018, -1.228620023656999960 ) ) ;
#4378 = CARTESIAN_POINT ( 'NONE',  ( 0.000000000000000000, 0.000000000000000000, -5.599999999999998757 ) ) ;
#4379 = CARTESIAN_POINT ( 'NONE',  ( -1.400208558182000296, 2.425232363965000193, -3.281893677560999922 ) ) ;
#4380 = CARTESIAN_POINT ( 'NONE',  ( 2.792298347047000640, 1.612134202325000265, -3.034088967376999957 ) ) ;
#4381 = CARTESIAN_POINT ( 'NONE',  ( 3.500000000000000000, -3.600000000000000533, -8.199999999999999289 ) ) ;
#4382 = CARTESIAN_POINT ( 'NONE',  ( 1.688266958050000044, 2.221660524640999945, -1.344737738634000035 ) ) ;
#4383 = CARTESIAN_POINT ( 'NONE',  ( -0.1587786081618794420, 2.500033684988985261, -1.800000000000000711 ) ) ;
#4384 = CARTESIAN_POINT ( 'NONE',  ( -1.400208558182000296, 2.425232363965000193, -2.643134738315000565 ) ) ;
#4385 = CARTESIAN_POINT ( 'NONE',  ( 0.6231825505962000911, 2.742157970261000166, -1.822199936766000006 ) ) ;
#4386 = CARTESIAN_POINT ( 'NONE',  ( -2.901724448471000084, -0.3682014092795999893, -3.663615640002999996 ) ) ;
#4387 = CARTESIAN_POINT ( 'NONE',  ( -2.063187188137999950, 1.910770905142000098, -3.304107824193005083 ) ) ;
#4388 = CARTESIAN_POINT ( 'NONE',  ( 2.049999999999999822, -6.099999999999999645, -9.650000000000000355 ) ) ;
#4389 = CARTESIAN_POINT ( 'NONE',  ( 1.677548206999544655, 2.697635061221316910, -3.766136861649321599 ) ) ;
#4390 = CARTESIAN_POINT ( 'NONE',  ( -0.6231825505962000911, 2.742157970261000166, -1.836567939800000104 ) ) ;
#4391 = CARTESIAN_POINT ( 'NONE',  ( -0.6208618634615999943, -2.731946370599999785, -3.604094516149999983 ) ) ;
#4392 = CARTESIAN_POINT ( 'NONE',  ( -3.499999999997321254, 3.400000000043867932, -12.89318383414718916 ) ) ;
#4393 = EDGE_LOOP ( 'NONE', ( #3990, #2966, #533, #1076 ) ) ;
#4394 = CARTESIAN_POINT ( 'NONE',  ( -0.3202936653376351472, -3.159741414711313645, -2.657673264644652811 ) ) ;
#4395 = CARTESIAN_POINT ( 'NONE',  ( 2.055504026985000010, -1.903655331299000109, -1.369835256890999942 ) ) ;
#4396 = CARTESIAN_POINT ( 'NONE',  ( 2.342624126922781880, 2.143748242687126382, -2.385354976940341931 ) ) ;
#4397 = FACE_OUTER_BOUND ( 'NONE', #4581, .T. ) ;
#4398 = ORIENTED_EDGE ( 'NONE', *, *, #4799, .F. ) ;
#4399 = CARTESIAN_POINT ( 'NONE',  ( 0.6807798646093000672, 2.995600454385999978, -3.570744201420999797 ) ) ;
#4400 = CYLINDRICAL_SURFACE ( 'NONE', #4333, 3.100000000000000533 ) ;
#4401 = CARTESIAN_POINT ( 'NONE',  ( 1.523885159939882827, -2.011543708704802480, -1.799999999999999822 ) ) ;
#4402 = CARTESIAN_POINT ( 'NONE',  ( 1.529633678037999989, -2.649403247329999989, -4.069577122645999800 ) ) ;
#4403 = CARTESIAN_POINT ( 'NONE',  ( 2.391518071029311354, -2.089011904227787930, -1.845319438184910066 ) ) ;
#4404 = CARTESIAN_POINT ( 'NONE',  ( -1.083914082544999991, 2.582521575934999980, -3.295015962896000072 ) ) ;
#4405 = DIRECTION ( 'NONE',  ( 0.000000000000000000, -1.000000000000000000, -0.000000000000000000 ) ) ;
#4406 = CARTESIAN_POINT ( 'NONE',  ( 3.193867698996999849, 0.000000000000000000, -3.092885263673999852 ) ) ;
#4407 = DIRECTION ( 'NONE',  ( 0.000000000000000000, 0.000000000000000000, -1.000000000000000000 ) ) ;
#4408 = CARTESIAN_POINT ( 'NONE',  ( -2.676374093144000543, 0.8282935779004000354, -2.540123368883000055 ) ) ;
#4409 = DIRECTION ( 'NONE',  ( -1.000000000000000000, 0.000000000000000000, -0.000000000000000000 ) ) ;
#4410 = CARTESIAN_POINT ( 'NONE',  ( 2.800417116365000236, 0.000000000000000000, -2.878319923499999877 ) ) ;
#4411 = CARTESIAN_POINT ( 'NONE',  ( -2.686369738734000201, -0.8313870651189000371, -2.292570307136999830 ) ) ;
#4412 = CARTESIAN_POINT ( 'NONE',  ( 1.851206213005000212, 2.436079049462000157, -1.025292000572999962 ) ) ;
#4413 = VECTOR ( 'NONE', #4295, 1000.000000000000000 ) ;
#4414 = CARTESIAN_POINT ( 'NONE',  ( 0.6231825505962000911, 2.742157970261000166, -3.421700416785995014 ) ) ;
#4415 = CYLINDRICAL_SURFACE ( 'NONE', #4966, 3.174999999999999822 ) ;
#4416 = CARTESIAN_POINT ( 'NONE',  ( 1.936513825765532770, 2.524609047747918389, -3.776666310660770076 ) ) ;
#4417 = CARTESIAN_POINT ( 'NONE',  ( -1.694572249308000211, -2.229957918970999931, -2.287478605846000157 ) ) ;
#4418 = CARTESIAN_POINT ( 'NONE',  ( -1.688261783756999979, -2.221653715575000021, -4.355354346699000345 ) ) ;
#4419 = PLANE ( 'NONE',  #1199 ) ;
#4420 = CARTESIAN_POINT ( 'NONE',  ( -2.246042075876242272, -2.244086144648272274, -2.733036934994153455 ) ) ;
#4421 = ADVANCED_FACE ( 'NONE', ( #2747 ), #1022, .T. ) ;
#4422 = CARTESIAN_POINT ( 'NONE',  ( 1.079877664222000044, -2.572904450759999850, -1.415539531884000057 ) ) ;
#4423 = CARTESIAN_POINT ( 'NONE',  ( 2.286900534904779736, 2.202598641484292408, -2.382387428611500102 ) ) ;
#4424 = DIRECTION ( 'NONE',  ( 0.000000000000000000, 0.000000000000000000, -1.000000000000000000 ) ) ;
#4425 = VECTOR ( 'NONE', #2831, 1000.000000000000000 ) ;
#4426 = ORIENTED_EDGE ( 'NONE', *, *, #63, .F. ) ;
#4427 = CARTESIAN_POINT ( 'NONE',  ( 2.674601219188000201, -1.544181733873000173, -2.368603968857000197 ) ) ;
#4428 = LINE ( 'NONE', #3503, #4986 ) ;
#4429 = CARTESIAN_POINT ( 'NONE',  ( -2.792332490039000081, -1.612153914791000009, -2.051768171805000041 ) ) ;
#4430 = CARTESIAN_POINT ( 'NONE',  ( -2.391305972785311873, -2.098909937465015307, -3.357789526819103809 ) ) ;
#4431 = CARTESIAN_POINT ( 'NONE',  ( -2.063187188137999950, 1.910770905142000098, -2.543756132347000154 ) ) ;
#4432 = CARTESIAN_POINT ( 'NONE',  ( 2.674621489245000205, 1.544193436795999963, -2.482077122645999889 ) ) ;
#4433 = CARTESIAN_POINT ( 'NONE',  ( 3.063796991514999846, 0.9481945661345000387, -2.354747718460000083 ) ) ;
#4434 = CARTESIAN_POINT ( 'NONE',  ( -3.096181680744937381, -0.7153451434496713723, -1.386727666246823976 ) ) ;
#4435 = CARTESIAN_POINT ( 'NONE',  ( 2.055510326824999900, -1.903661165743000039, -2.945329759937000080 ) ) ;
#4436 = CARTESIAN_POINT ( 'NONE',  ( 3.500000000000000000, -6.099999999999999645, -8.199999999999999289 ) ) ;
#4437 = CARTESIAN_POINT ( 'NONE',  ( 2.063187188137999950, 1.910770905142000098, -4.204420431676999748 ) ) ;
#4438 = CARTESIAN_POINT ( 'NONE',  ( -0.6231825505962000911, -2.742157970261000166, -2.174977714544000129 ) ) ;
#4439 = CARTESIAN_POINT ( 'NONE',  ( 0.6508234437558000351, -2.863784763902999853, -3.474134729810999911 ) ) ;
#4440 = CARTESIAN_POINT ( 'NONE',  ( -2.805515059268000044, 0.8682605739783999521, -3.323200959995999959 ) ) ;
#4441 = CARTESIAN_POINT ( 'NONE',  ( -1.694572249308000211, 2.229957918970999931, -2.618011972961005185 ) ) ;
#4442 = CARTESIAN_POINT ( 'NONE',  ( 2.605246334237098615, 1.821260232211696861, -3.811704915829596363 ) ) ;
#4443 = CARTESIAN_POINT ( 'NONE',  ( 2.778486331853999847, -0.3525636569632999984, -2.757848976217000203 ) ) ;
#4444 = CARTESIAN_POINT ( 'NONE',  ( -1.394994281911000167, -2.416200972537000169, -3.636676505809000481 ) ) ;
#4445 = CARTESIAN_POINT ( 'NONE',  ( -2.244989255147682439, -2.245138804175854208, -2.732983766682519189 ) ) ;
#4446 = CARTESIAN_POINT ( 'NONE',  ( -2.636479566145782716, 1.769070488028059884, -2.888888547587850297 ) ) ;
#4447 = CARTESIAN_POINT ( 'NONE',  ( 3.076472170869563261, 0.7924268140378798453, -2.442051735193084827 ) ) ;
#4448 = CARTESIAN_POINT ( 'NONE',  ( -0.6231825505960999489, -2.742157970261000166, -4.303644861229813046 ) ) ;
#4449 = EDGE_CURVE ( 'NONE', #3754, #1878, #1492, .T. ) ;
#4450 = EDGE_LOOP ( 'NONE', ( #38, #1986, #1049, #2137 ) ) ;
#4451 = CARTESIAN_POINT ( 'NONE',  ( 2.253876160782000149, -2.087372884330000122, -3.100373831050999840 ) ) ;
#4452 = CARTESIAN_POINT ( 'NONE',  ( -3.174985043158461195, -2.622548841329106306E-07, -1.411120332078945161 ) ) ;
#4453 = CARTESIAN_POINT ( 'NONE',  ( 2.050751496825756082, -1.448521019312528413, -1.799999999999999600 ) ) ;
#4454 = EDGE_CURVE ( 'NONE', #844, #4659, #2236, .T. ) ;
#4455 = CARTESIAN_POINT ( 'NONE',  ( 3.063834454273000052, -0.9482061602394000754, -2.495924235537000158 ) ) ;
#4456 = CARTESIAN_POINT ( 'NONE',  ( -3.034812812500152557, 0.9526188557400412371, -4.178355916262172620 ) ) ;
#4457 = CARTESIAN_POINT ( 'NONE',  ( 2.448316844033000095, 1.413536388964000023, -2.752727010895000159 ) ) ;
#4458 = CARTESIAN_POINT ( 'NONE',  ( -1.851206213005000212, -2.436079049462000157, -2.789180889462000046 ) ) ;
#4459 = CARTESIAN_POINT ( 'NONE',  ( 2.353059077759999784, 2.179228743622999787, -3.007874660740000206 ) ) ;
#4460 = CARTESIAN_POINT ( 'NONE',  ( -2.628102038496602955, -1.781898090134922619, -1.343818404669775424 ) ) ;
#4461 = CARTESIAN_POINT ( 'NONE',  ( -2.439206963470999856, 1.408276796968999989, -3.271893231077000141 ) ) ;
#4462 = CARTESIAN_POINT ( 'NONE',  ( -0.7447331062011847136, 2.691992574530393867, -1.071075989149628427 ) ) ;
#4463 = CARTESIAN_POINT ( 'NONE',  ( -2.597852266894507434, 1.036537763472484386, -1.070990984411812175 ) ) ;
#4464 = CARTESIAN_POINT ( 'NONE',  ( -1.694572249308000211, -2.229957918970999931, -3.832182949576000031 ) ) ;
#4465 = CARTESIAN_POINT ( 'NONE',  ( 0.6231825505962000911, -2.742157970261000166, -2.122549101268000005 ) ) ;
#4466 = CARTESIAN_POINT ( 'NONE',  ( 2.253893242280999853, 2.087388703947000046, -1.750307260452000024 ) ) ;
#4467 = CARTESIAN_POINT ( 'NONE',  ( 1.769729570691999987, 2.328860555939999966, -2.833370885302000097 ) ) ;
#4468 = CARTESIAN_POINT ( 'NONE',  ( 1.083914082544999991, -2.582521575934999980, -4.408145432519836149 ) ) ;
#4469 = CARTESIAN_POINT ( 'NONE',  ( -0.4156962839571068935, 3.174982150481843401, -3.688783615028432106 ) ) ;
#4470 = CARTESIAN_POINT ( 'NONE',  ( -2.063187188137999950, -1.910770905142000098, -3.012493865725999864 ) ) ;
#4471 = CARTESIAN_POINT ( 'NONE',  ( 1.131990450089999989, 2.697067791798000158, -1.782134158522000078 ) ) ;
#4472 = CARTESIAN_POINT ( 'NONE',  ( -1.936798588775505037, -2.524390213814629913, -2.718345651412481079 ) ) ;
#4473 = CARTESIAN_POINT ( 'NONE',  ( 1.257302839376065684, 2.915494688341322860, -3.045079301960403662 ) ) ;
#4474 = CARTESIAN_POINT ( 'NONE',  ( -1.850274008011134841, 2.582228550397488664, -2.223201807049629330 ) ) ;
#4475 = CARTESIAN_POINT ( 'NONE',  ( -2.686369738734000201, 0.8313870651189000371, -3.780845877583813852 ) ) ;
#4476 = ORIENTED_EDGE ( 'NONE', *, *, #4731, .T. ) ;
#4477 = CARTESIAN_POINT ( 'NONE',  ( -3.035286445374000053, 0.3851491644366999978, -3.381263291229000156 ) ) ;
#4478 = FACE_OUTER_BOUND ( 'NONE', #1136, .T. ) ;
#4479 = EDGE_LOOP ( 'NONE', ( #3431, #648, #2313, #4817 ) ) ;
#4480 = CARTESIAN_POINT ( 'NONE',  ( 2.500000000000000000, -1.224646799147353207E-16, -1.800000000000000266 ) ) ;
#4481 = CARTESIAN_POINT ( 'NONE',  ( -1.596953376101000188, -2.766004384726000076, -1.992971875507999924 ) ) ;
#4482 = FACE_OUTER_BOUND ( 'NONE', #5667, .T. ) ;
#4483 = CARTESIAN_POINT ( 'NONE',  ( 2.448316844033000095, -1.413536388964000023, -2.164764047932000057 ) ) ;
#4484 = CARTESIAN_POINT ( 'NONE',  ( -3.059267356074999888, 0.000000000000000000, -2.893651196720000041 ) ) ;
#4485 = CARTESIAN_POINT ( 'NONE',  ( 1.932654795978000051, -2.543260618536000273, -2.491800015376000044 ) ) ;
#4486 = CARTESIAN_POINT ( 'NONE',  ( -2.793106854861123090, 0.6201442597845420179, -4.528924224209100124 ) ) ;
#4487 = CARTESIAN_POINT ( 'NONE',  ( 1.079880973899999930, 2.572912336362000119, -2.729604279075000139 ) ) ;
#4488 = CYLINDRICAL_SURFACE ( 'NONE', #264, 3.174999999999999822 ) ;
#4489 = CARTESIAN_POINT ( 'NONE',  ( 0.6231825505962000911, -2.742157970261000166, -4.439605616861999948 ) ) ;
#4490 = CARTESIAN_POINT ( 'NONE',  ( -1.083914082544999991, -2.582521575934999980, -2.194437418868000034 ) ) ;
#4491 = EDGE_CURVE ( 'NONE', #1960, #2450, #3048, .T. ) ;
#4492 = CARTESIAN_POINT ( 'NONE',  ( -2.253893242280999853, -2.087388703947000046, -2.103085038230000148 ) ) ;
#4493 = CARTESIAN_POINT ( 'NONE',  ( -2.805515059268000044, 0.8682605739783999521, -2.617645404440000156 ) ) ;
#4494 = CARTESIAN_POINT ( 'NONE',  ( -1.999167105995451221, -1.536366799937286753, 0.000000000000000000 ) ) ;
#4495 = CARTESIAN_POINT ( 'NONE',  ( 2.952189158811941549, 1.168572842987158689, -3.838854739699135266 ) ) ;
#4496 = CARTESIAN_POINT ( 'NONE',  ( 0.000000000000000000, 2.827072777928000047, -2.568337801993000102 ) ) ;
#4497 = CARTESIAN_POINT ( 'NONE',  ( 2.805522078389000029, -0.8682627462805000418, -1.945431026107999894 ) ) ;
#4498 = CARTESIAN_POINT ( 'NONE',  ( 2.638896231906516121, -1.765461501690996027, -2.535951620533029249 ) ) ;
#4499 = ADVANCED_FACE ( 'NONE', ( #5519 ), #2427, .T. ) ;
#4500 = CARTESIAN_POINT ( 'NONE',  ( 1.227429733407521706, 2.928148181812318729, -3.044041931219825692 ) ) ;
#4501 = CARTESIAN_POINT ( 'NONE',  ( 0.5961175658334593175, 3.121558288629487254, -2.315110378125144752 ) ) ;
#4502 = CARTESIAN_POINT ( 'NONE',  ( 1.083914082544999991, -2.582521575934999980, -4.231756543629813017 ) ) ;
#4503 = AXIS2_PLACEMENT_3D ( 'NONE', #4762, #1685, #3496 ) ;
#4504 = ORIENTED_EDGE ( 'NONE', *, *, #5476, .T. ) ;
#4505 = CARTESIAN_POINT ( 'NONE',  ( -1.529622085458000047, -2.649383168392999810, -4.661659524413000355 ) ) ;
#4506 = CARTESIAN_POINT ( 'NONE',  ( -2.710073281264060441, 1.655705352843378275, -1.472831143025331135 ) ) ;
#4507 = CARTESIAN_POINT ( 'NONE',  ( 1.135634947510492987, 2.921141997132180368, -4.336350385258128881 ) ) ;
#4508 = VECTOR ( 'NONE', #873, 1000.000000000000000 ) ;
#4509 = CARTESIAN_POINT ( 'NONE',  ( -3.193906752202000376, 0.000000000000000000, -2.110564468100999846 ) ) ;
#4510 = DIRECTION ( 'NONE',  ( 1.000000000000000000, 0.000000000000000000, 0.000000000000000000 ) ) ;
#4511 = CARTESIAN_POINT ( 'NONE',  ( -3.035309448962999923, 0.3851520833747000272, -2.906773482054000102 ) ) ;
#4512 = CARTESIAN_POINT ( 'NONE',  ( 3.168855702086000203, -0.4020978407948000433, -3.811563104564000160 ) ) ;
#4513 = CARTESIAN_POINT ( 'NONE',  ( 0.2074471417231533998, 3.175056757979417998, -2.918092777534914362 ) ) ;
#4514 = CARTESIAN_POINT ( 'NONE',  ( -0.6208637663186999944, -2.731954743643000061, -3.062922352529000580 ) ) ;
#4515 = CARTESIAN_POINT ( 'NONE',  ( -3.175000000000001155, 5.628812434897550442E-16, -2.734027775850948139 ) ) ;
#4516 = CARTESIAN_POINT ( 'NONE',  ( -3.175000063564553443, -0.1815333674044199985, -2.110768083574523502 ) ) ;
#4517 = CARTESIAN_POINT ( 'NONE',  ( 2.686369738734000201, 0.8313870651189000371, -3.551293489397000069 ) ) ;
#4518 = CARTESIAN_POINT ( 'NONE',  ( 1.694572249308000211, -2.229957918970999931, -2.076844826274999889 ) ) ;
#4519 = CARTESIAN_POINT ( 'NONE',  ( 1.184103235959000022, 2.821231132837000111, -1.704602985458999909 ) ) ;
#4520 = CARTESIAN_POINT ( 'NONE',  ( -3.500000000000000000, 3.167949717646805219, -14.05138344117792215 ) ) ;
#4521 = CARTESIAN_POINT ( 'NONE',  ( 1.131987617969000048, -2.697061044018000064, -3.068556070486999854 ) ) ;
#4522 = EDGE_CURVE ( 'NONE', #619, #1073, #5548, .T. ) ;
#4523 = CARTESIAN_POINT ( 'NONE',  ( 1.694572249308000211, -2.229957918970999931, -3.676345306294837467 ) ) ;
#4524 = CARTESIAN_POINT ( 'NONE',  ( -2.897635885798273137, 1.298272929285632760, -3.574535408723103380 ) ) ;
#4525 = CARTESIAN_POINT ( 'NONE',  ( 2.063187188137999950, -1.910770905142000098, -2.829737293816000143 ) ) ;
#4526 = CARTESIAN_POINT ( 'NONE',  ( 1.769733998381000095, -2.328866382518000044, -1.311763788151999899 ) ) ;
#4527 = DIRECTION ( 'NONE',  ( 0.000000000000000000, 0.000000000000000000, 1.000000000000000000 ) ) ;
#4528 = CARTESIAN_POINT ( 'NONE',  ( -0.4156447177374065216, 3.174988375488856374, -2.983230010570415036 ) ) ;
#4529 = CARTESIAN_POINT ( 'NONE',  ( -2.097704825099229620, 2.392274754448261209, -3.536253350449255262 ) ) ;
#4530 = CARTESIAN_POINT ( 'NONE',  ( 1.083914082544999991, 2.582521575934999980, -3.264771232219813690 ) ) ;
#4531 = ORIENTED_EDGE ( 'NONE', *, *, #4584, .F. ) ;
#4532 = CARTESIAN_POINT ( 'NONE',  ( -0.6807798646093000672, -2.995600454385999978, -4.629077534753999856 ) ) ;
#4533 = CARTESIAN_POINT ( 'NONE',  ( 1.682489954400068655, 2.694747536758811624, -1.649885598616729565 ) ) ;
#4534 = CARTESIAN_POINT ( 'NONE',  ( 2.340079994524671747, 2.015406435062298662, -4.362844317112198667 ) ) ;
#4535 = CARTESIAN_POINT ( 'NONE',  ( -1.596953376101000188, 2.766004384726000076, -2.228157060693999991 ) ) ;
#4536 = DIRECTION ( 'NONE',  ( 0.000000000000000000, 0.000000000000000000, 1.000000000000000000 ) ) ;
#4537 = CARTESIAN_POINT ( 'NONE',  ( 2.253893242280999853, 2.087388703947000046, -2.455862816008000049 ) ) ;
#4538 = ORIENTED_EDGE ( 'NONE', *, *, #2821, .F. ) ;
#4539 = CARTESIAN_POINT ( 'NONE',  ( -3.168855702086000203, 0.4020978407948000433, -4.164340882341999617 ) ) ;
#4540 = CARTESIAN_POINT ( 'NONE',  ( 1.590184809388215159, 2.755852096372962468, -2.969120927426986523 ) ) ;
#4541 = FACE_OUTER_BOUND ( 'NONE', #1567, .T. ) ;
#4542 = CARTESIAN_POINT ( 'NONE',  ( -3.174999999999939426, -0.4193074251290594967, -2.720298478575537970 ) ) ;
#4543 = CARTESIAN_POINT ( 'NONE',  ( -0.7447331062011847136, 2.691992574530393867, -1.071075989149628427 ) ) ;
#4544 = CARTESIAN_POINT ( 'NONE',  ( -2.063187188137999950, 1.910770905142000098, -4.021663859768000115 ) ) ;
#4545 = CARTESIAN_POINT ( 'NONE',  ( 3.035309448962999923, 0.3851520833747000272, -1.822195578052000053 ) ) ;
#4546 = CARTESIAN_POINT ( 'NONE',  ( 2.049999999999999822, -7.400000000000000355, -7.599999999999999645 ) ) ;
#4547 = CARTESIAN_POINT ( 'NONE',  ( 0.6508218154640000863, 2.863777599015000064, -4.198777721419999942 ) ) ;
#4548 = CARTESIAN_POINT ( 'NONE',  ( 2.063187188137999950, -1.910770905142000098, -3.656885601971005872 ) ) ;
#4549 = CARTESIAN_POINT ( 'NONE',  ( -1.933804684355451053, 2.520281248455340073, -3.630815584810966445 ) ) ;
#4550 = CARTESIAN_POINT ( 'NONE',  ( 1.083914082544999991, 2.582521575934999980, -4.025122924066001140 ) ) ;
#4551 = CARTESIAN_POINT ( 'NONE',  ( -2.901724448471000084, 0.3682014092795999893, -1.573193544006000089 ) ) ;
#4552 = CARTESIAN_POINT ( 'NONE',  ( 2.242361192967719852, -2.247764203652807158, -2.558798704607036179 ) ) ;
#4553 = CARTESIAN_POINT ( 'NONE',  ( -1.850202996445933445, 2.582279379096677818, -2.928760586964412216 ) ) ;
#4554 = CARTESIAN_POINT ( 'NONE',  ( 2.853128860398276512, 1.408216898475273426, -3.741293546989479690 ) ) ;
#4555 = CARTESIAN_POINT ( 'NONE',  ( 2.686369738734000201, -0.8313870651189000371, -3.428068099805813507 ) ) ;
#4556 = ADVANCED_FACE ( 'NONE', ( #4639 ), #2853, .T. ) ;
#4557 = ORIENTED_EDGE ( 'NONE', *, *, #658, .F. ) ;
#4558 = CARTESIAN_POINT ( 'NONE',  ( -2.707606651414999899, -1.084868739119000169, -1.131846660654000303 ) ) ;
#4559 = CARTESIAN_POINT ( 'NONE',  ( 1.384407188080566842, 2.859507880302720295, -1.638695176210902771 ) ) ;
#4560 = ORIENTED_EDGE ( 'NONE', *, *, #5141, .F. ) ;
#4561 = LINE ( 'NONE', #181, #4157 ) ;
#4562 = CARTESIAN_POINT ( 'NONE',  ( 1.596953376101000188, -2.766004384726000076, -2.580934838470999804 ) ) ;
#4563 = CARTESIAN_POINT ( 'NONE',  ( -0.2074474937110727391, -3.175056738319663729, -1.859759457428042939 ) ) ;
#4564 = CARTESIAN_POINT ( 'NONE',  ( -1.688261783756999979, 2.221653715575000021, -2.447628294548000127 ) ) ;
#4565 = ORIENTED_EDGE ( 'NONE', *, *, #4801, .F. ) ;
#4566 = CARTESIAN_POINT ( 'NONE',  ( 2.792298347047000640, -1.612134202325000265, -4.562792671080999618 ) ) ;
#4567 = CARTESIAN_POINT ( 'NONE',  ( -1.806828256330941462, -2.614562282555179973, -1.302015656362928375 ) ) ;
#4568 = CARTESIAN_POINT ( 'NONE',  ( -3.174999999999998046, 1.740349402790675993E-15, -2.028472220295093997 ) ) ;
#4569 = CARTESIAN_POINT ( 'NONE',  ( -2.938357304744049880, -1.202790361129748575, -2.073614793424084279 ) ) ;
#4570 = CARTESIAN_POINT ( 'NONE',  ( 1.400208558182000296, -2.425232363965000193, -1.518004788673000149 ) ) ;
#4571 = CARTESIAN_POINT ( 'NONE',  ( -1.529633678037999989, -2.649403247329999989, -2.070503048571000093 ) ) ;
#4572 = CARTESIAN_POINT ( 'NONE',  ( 1.769729570691999987, 2.328860555939999966, -4.244481996412999614 ) ) ;
#4573 = CARTESIAN_POINT ( 'NONE',  ( 2.448316844033000095, -1.413536388964000023, -3.630671295333006476 ) ) ;
#4574 = CARTESIAN_POINT ( 'NONE',  ( 2.063187188137999950, 1.910770905142000098, -4.070827199058999923 ) ) ;
#4575 = CARTESIAN_POINT ( 'NONE',  ( -2.025531525433999835, 1.908006097799999967, -4.545644403566000413 ) ) ;
#4576 = CARTESIAN_POINT ( 'NONE',  ( 0.000000000000000000, -3.600000000000000533, -11.70000000000000107 ) ) ;
#4577 = CARTESIAN_POINT ( 'NONE',  ( -3.174999999999998046, 3.295634597378643049E-15, -1.322916664739760773 ) ) ;
#4578 = CARTESIAN_POINT ( 'NONE',  ( -3.073430487846084525, 0.8232314507671276704, -3.467858975115297060 ) ) ;
#4579 = CARTESIAN_POINT ( 'NONE',  ( -2.800417116365000236, 1.273980920756999994E-14, -3.042708332369813196 ) ) ;
#4580 = CARTESIAN_POINT ( 'NONE',  ( 0.6231825505962000911, -2.742157970261000166, -4.372809000552999592 ) ) ;
#4581 = EDGE_LOOP ( 'NONE', ( #2286, #3400 ) ) ;
#4582 = CARTESIAN_POINT ( 'NONE',  ( -2.026157019940999985E-14, 3.088363467746999991, -4.250085450339000204 ) ) ;
#4583 = EDGE_LOOP ( 'NONE', ( #1509, #627, #5225, #4634 ) ) ;
#4584 = EDGE_CURVE ( 'NONE', #444, #619, #2861, .T. ) ;
#4585 = CARTESIAN_POINT ( 'NONE',  ( -0.7107466043442001169, 3.127461550510000077, -2.966294605908000204 ) ) ;
#4586 = CARTESIAN_POINT ( 'NONE',  ( -2.391307135278984308, -2.098908615421817725, -1.946678480788970544 ) ) ;
#4587 = CARTESIAN_POINT ( 'NONE',  ( 0.000000000000000000, 2.816544961612000186, -2.519546876179000083 ) ) ;
#4588 = VECTOR ( 'NONE', #4838, 1000.000000000000000 ) ;
#4589 = EDGE_LOOP ( 'NONE', ( #1564, #3367, #1250, #4185, #1881 ) ) ;
#4590 = CARTESIAN_POINT ( 'NONE',  ( 2.353059077759999784, 2.179228743622999787, -4.418985771851000166 ) ) ;
#4591 = CARTESIAN_POINT ( 'NONE',  ( 0.000000000000000000, -6.099999999999999645, -13.75000000000000000 ) ) ;
#4592 = CARTESIAN_POINT ( 'NONE',  ( -1.588803308640274636, 2.756756208135016095, -2.146189554680292488 ) ) ;
#4593 = CARTESIAN_POINT ( 'NONE',  ( -2.247390757093720381, -2.242734890589348939, -2.027549604161690056 ) ) ;
#4594 = CARTESIAN_POINT ( 'NONE',  ( -1.083914082544999991, 2.582521575934999980, -1.883904851785000112 ) ) ;
#4595 = DIRECTION ( 'NONE',  ( 0.000000000000000000, 0.000000000000000000, 1.000000000000000000 ) ) ;
#4596 = CARTESIAN_POINT ( 'NONE',  ( -0.1982874407681846918, 0.3517814310586984683, -2.799999999999998934 ) ) ;
#4597 = CARTESIAN_POINT ( 'NONE',  ( -2.901717188661999902, 0.3682004880784000012, -4.009296811228000301 ) ) ;
#4598 = CARTESIAN_POINT ( 'NONE',  ( -1.694572249308000211, -2.229957918970999931, -1.715516282909000045 ) ) ;
#4599 = CARTESIAN_POINT ( 'NONE',  ( 0.000000000000000000, -2.827072777928000047, -4.332226690881999964 ) ) ;
#4600 = CARTESIAN_POINT ( 'NONE',  ( -1.769733998381000095, 2.328866382518000044, -2.370097121485000180 ) ) ;
#4601 = CARTESIAN_POINT ( 'NONE',  ( 0.4152642197075422370, -3.175038194650968482, -3.336022212055321123 ) ) ;
#4602 = CARTESIAN_POINT ( 'NONE',  ( 2.448316844033000095, 1.413536388964000023, -2.101967591629005039 ) ) ;
#4603 = CARTESIAN_POINT ( 'NONE',  ( 2.615304982795933153, -1.800297303924894843, -2.537493205827569209 ) ) ;
#4604 = FACE_OUTER_BOUND ( 'NONE', #507, .T. ) ;
#4605 = CARTESIAN_POINT ( 'NONE',  ( -2.242681775226146534, 2.247444346391018311, -2.206004642853996778 ) ) ;
#4606 = CARTESIAN_POINT ( 'NONE',  ( -2.686369738734000201, -0.8313870651189000371, -2.304570787155812983 ) ) ;
#4607 = CARTESIAN_POINT ( 'NONE',  ( -1.694572249308000211, 2.229957918970999931, -3.974326947782000019 ) ) ;
#4608 = VERTEX_POINT ( 'NONE', #1134 ) ;
#4609 = CARTESIAN_POINT ( 'NONE',  ( 1.529622085458000047, -2.649383168392999810, -4.544066931819999766 ) ) ;
#4610 = CARTESIAN_POINT ( 'NONE',  ( 2.182138484915404852, 2.306490462828719945, -1.671527465979163685 ) ) ;
#4611 = VERTEX_POINT ( 'NONE', #1566 ) ;
#4612 = CARTESIAN_POINT ( 'NONE',  ( 1.236216021826999967, -2.945394473874999974, -2.594057123805999954 ) ) ;
#4613 = AXIS2_PLACEMENT_3D ( 'NONE', #2113, #4730, #3903 ) ;
#4614 = DIRECTION ( 'NONE',  ( 0.000000000000000000, 0.000000000000000000, 1.000000000000000000 ) ) ;
#4615 = ADVANCED_FACE ( 'NONE', ( #240 ), #1108, .F. ) ;
#4616 = ORIENTED_EDGE ( 'NONE', *, *, #4983, .F. ) ;
#4617 = CARTESIAN_POINT ( 'NONE',  ( -1.236200906108000153, -2.945358459331000045, -4.726059274635000307 ) ) ;
#4618 = EDGE_CURVE ( 'NONE', #1936, #4611, #2398, .T. ) ;
#4619 = CARTESIAN_POINT ( 'NONE',  ( -3.073429997364242716, 0.8232332642255415500, -2.762303486706404243 ) ) ;
#4620 = CARTESIAN_POINT ( 'NONE',  ( -0.6208637663186999944, -2.731954743643000061, -4.474033463639999653 ) ) ;
#4621 = CARTESIAN_POINT ( 'NONE',  ( 2.178751429204116352, -2.309729159790948838, -1.856174883106129769 ) ) ;
#4622 = CARTESIAN_POINT ( 'NONE',  ( -2.232306720222000607, 1.688994620302000094, -4.715583182072999868 ) ) ;
#4623 = CARTESIAN_POINT ( 'NONE',  ( 3.500000000000000000, 3.399999999999999911, -15.19999999999999929 ) ) ;
#4624 = CARTESIAN_POINT ( 'NONE',  ( -1.131987617969000048, 2.697061044018000064, -4.126889403819999913 ) ) ;
#4625 = CARTESIAN_POINT ( 'NONE',  ( 2.448316844033000095, 1.413536388964000023, -1.408412516093000111 ) ) ;
#4626 = CARTESIAN_POINT ( 'NONE',  ( -1.083914082544999991, -2.582521575934999980, -4.377900701844000153 ) ) ;
#4627 = CARTESIAN_POINT ( 'NONE',  ( 2.924627959947999845, 0.000000000000000000, -3.323960147559999800 ) ) ;
#4628 = CARTESIAN_POINT ( 'NONE',  ( 2.448316844033000095, -1.413536388964000023, -2.219560184222005184 ) ) ;
#4629 = CARTESIAN_POINT ( 'NONE',  ( 0.8196380693922863392, -3.074371207505221637, -3.938399853847887044 ) ) ;
#4630 = CARTESIAN_POINT ( 'NONE',  ( -3.500000000000000000, -6.099999999999999645, -13.75000000000000000 ) ) ;
#4631 = CARTESIAN_POINT ( 'NONE',  ( -3.174986941747771407, 1.605435300781073703E-06, -2.116696892027017718 ) ) ;
#4632 = CARTESIAN_POINT ( 'NONE',  ( -0.6231825505962000911, 2.742157970261000166, -3.192882914620813750 ) ) ;
#4633 = CARTESIAN_POINT ( 'NONE',  ( -2.800417116365000236, 1.079691891448000077E-14, -3.869856640524000024 ) ) ;
#4634 = ORIENTED_EDGE ( 'NONE', *, *, #2402, .F. ) ;
#4635 = CARTESIAN_POINT ( 'NONE',  ( -1.131987617969000048, 2.697061044018000064, -2.010222737154000239 ) ) ;
#4636 = CARTESIAN_POINT ( 'NONE',  ( -3.174985043158461195, -2.622548841329106306E-07, -1.411120332078945161 ) ) ;
#4637 = ORIENTED_EDGE ( 'NONE', *, *, #1258, .F. ) ;
#4638 = CARTESIAN_POINT ( 'NONE',  ( 1.932678427628000017, -2.543291716405000180, -2.567812553137000187 ) ) ;
#4639 = FACE_OUTER_BOUND ( 'NONE', #822, .T. ) ;
#4640 = ORIENTED_EDGE ( 'NONE', *, *, #5085, .F. ) ;
#4641 = CARTESIAN_POINT ( 'NONE',  ( -3.035286445374000053, 0.3851491644366000222, -1.264596624561999949 ) ) ;
#4642 = FACE_OUTER_BOUND ( 'NONE', #5074, .T. ) ;
#4643 = CARTESIAN_POINT ( 'NONE',  ( 2.789997114755999874, 0.000000000000000000, -4.271430268113999951 ) ) ;
#4644 = CARTESIAN_POINT ( 'NONE',  ( -2.343843651609146761, -2.142404032631828326, -2.032642119405340342 ) ) ;
#4645 = CARTESIAN_POINT ( 'NONE',  ( -2.686369738734000201, -0.8313870651189000371, -4.609626822731000217 ) ) ;
#4646 = CARTESIAN_POINT ( 'NONE',  ( 0.4000000000000000222, 2.939152317953647352E-17, -2.799999999999999822 ) ) ;
#4647 = PLANE ( 'NONE',  #3146 ) ;
#4648 = CARTESIAN_POINT ( 'NONE',  ( 2.154693243804000069, 1.995517025035999703, -4.263941700736999962 ) ) ;
#4649 = CARTESIAN_POINT ( 'NONE',  ( -2.625060003699999811, -0.9577989995874000018, -1.075961031010999935 ) ) ;
#4650 = EDGE_CURVE ( 'NONE', #4241, #2345, #3676, .T. ) ;
#4651 = CARTESIAN_POINT ( 'NONE',  ( -2.686369738734000201, 0.8313870651188000060, -4.541197569429000325 ) ) ;
#4652 = CARTESIAN_POINT ( 'NONE',  ( -2.154698634633000154, -1.995522017622999744, -2.180616211293000095 ) ) ;
#4653 = CARTESIAN_POINT ( 'NONE',  ( 0.000000000000000000, -2.827072777928000047, -2.337152776814005239 ) ) ;
#4654 = CARTESIAN_POINT ( 'NONE',  ( 3.011941050423905697, -1.025656119968535007, -3.828379205874290037 ) ) ;
#4655 = CARTESIAN_POINT ( 'NONE',  ( -1.024140841890917919, 3.012392958243734764, -1.461368580359917901 ) ) ;
#4656 = DIRECTION ( 'NONE',  ( 1.000000000000000000, 0.000000000000000000, 0.000000000000000000 ) ) ;
#4657 = CARTESIAN_POINT ( 'NONE',  ( 2.778486331853999847, 0.3525636569632999984, -1.265697158145813406 ) ) ;
#4658 = CARTESIAN_POINT ( 'NONE',  ( 1.694572249308000211, -2.229957918970999931, -4.327104725559999920 ) ) ;
#4659 = VERTEX_POINT ( 'NONE', #5260 ) ;
#4660 = CARTESIAN_POINT ( 'NONE',  ( 2.805515059268000044, -0.8682605739783999521, -2.264867626662999900 ) ) ;
#4661 = LINE ( 'NONE', #2015, #1756 ) ;
#4662 = VERTEX_POINT ( 'NONE', #1287 ) ;
#4663 = EDGE_CURVE ( 'NONE', #1712, #4238, #3931, .T. ) ;
#4664 = CARTESIAN_POINT ( 'NONE',  ( -2.091945642809000194, 1.852623100710999893, -4.524116764350000430 ) ) ;
#4665 = CARTESIAN_POINT ( 'NONE',  ( 1.596953376101000188, -2.766004384726000076, -3.286490394027000050 ) ) ;
#4666 = CARTESIAN_POINT ( 'NONE',  ( -0.09923621893673145733, -0.3883483094515851608, -1.800000000000000266 ) ) ;
#4667 = VERTEX_POINT ( 'NONE', #1741 ) ;
#4668 = CARTESIAN_POINT ( 'NONE',  ( 1.529622085458000047, -2.649383168392999810, -1.721844709598000067 ) ) ;
#4669 = CARTESIAN_POINT ( 'NONE',  ( -0.3819822651081111187, 0.1217131053530290108, -1.799999999999999822 ) ) ;
#4670 = LINE ( 'NONE', #1625, #576 ) ;
#4671 = CARTESIAN_POINT ( 'NONE',  ( -2.253352535621021335, -2.236749721104523747, -2.027856645010149172 ) ) ;
#4672 = CARTESIAN_POINT ( 'NONE',  ( -2.778486331853999847, 0.3525636569632999984, -4.655331097723999889 ) ) ;
#4673 = CIRCLE ( 'NONE', #2917, 0.6399999999999999023 ) ;
#4674 = CARTESIAN_POINT ( 'NONE',  ( 0.000000000000000000, 0.000000000000000000, 2.259920353756999845 ) ) ;
#4675 = CARTESIAN_POINT ( 'NONE',  ( 2.390800056810547414, -2.099524553895538492, -3.962379151162235935 ) ) ;
#4676 = CARTESIAN_POINT ( 'NONE',  ( -2.353059077759999784, 2.179228743622999787, -2.119562533273999794 ) ) ;
#4677 = CARTESIAN_POINT ( 'NONE',  ( 2.439206963470999856, -1.408276796968999989, -1.508004342188000058 ) ) ;
#4678 = AXIS2_PLACEMENT_3D ( 'NONE', #3486, #2188, #1305 ) ;
#4679 = CARTESIAN_POINT ( 'NONE',  ( -2.800417116365000236, 0.000000000000000000, -1.819986590167000040 ) ) ;
#4680 = CARTESIAN_POINT ( 'NONE',  ( 1.400208558182000296, -2.425232363965000193, -1.384411556054000014 ) ) ;
#4681 = EDGE_CURVE ( 'NONE', #2772, #5233, #2144, .T. ) ;
#4682 = CARTESIAN_POINT ( 'NONE',  ( -2.556910488450999885, -1.476232958801000139, -2.206830517930999935 ) ) ;
#4683 = ADVANCED_FACE ( 'NONE', ( #4274 ), #2078, .F. ) ;
#4684 = CARTESIAN_POINT ( 'NONE',  ( -1.083914082544999991, 2.582521575934999980, -1.233145432519836771 ) ) ;
#4685 = CARTESIAN_POINT ( 'NONE',  ( 2.773024087302327523, -1.601093339525016646, -3.851226949696350932 ) ) ;
#4686 = FACE_OUTER_BOUND ( 'NONE', #1019, .T. ) ;
#4687 = FACE_OUTER_BOUND ( 'NONE', #1688, .T. ) ;
#4688 = CARTESIAN_POINT ( 'NONE',  ( 2.800417116365000236, 0.000000000000000000, -1.984374999035813492 ) ) ;
#4689 = CARTESIAN_POINT ( 'NONE',  ( 1.088018564133000193E-14, -2.827072777928000047, -3.693467751635000074 ) ) ;
#4690 = CARTESIAN_POINT ( 'NONE',  ( -1.394994281911000167, 2.416200972537000169, -2.460750579882999833 ) ) ;
#4691 = VERTEX_POINT ( 'NONE', #3030 ) ;
#4692 = CARTESIAN_POINT ( 'NONE',  ( 2.556904091329999851, 1.476229265421000303, -2.173489340708000039 ) ) ;
#4693 = CARTESIAN_POINT ( 'NONE',  ( -2.049999999999999822, -7.400000000000000355, -15.19999999999999929 ) ) ;
#4694 = ORIENTED_EDGE ( 'NONE', *, *, #3043, .F. ) ;
#4695 = CARTESIAN_POINT ( 'NONE',  ( -2.778486331853999847, 0.3525636569632000228, -3.749385693240999906 ) ) ;
#4696 = CARTESIAN_POINT ( 'NONE',  ( -0.2319843495646778664, -0.3279759637102767633, -2.799999999999999822 ) ) ;
#4697 = LINE ( 'NONE', #4307, #3610 ) ;
#4698 = VECTOR ( 'NONE', #4909, 1000.000000000000000 ) ;
#4699 = ORIENTED_EDGE ( 'NONE', *, *, #3605, .T. ) ;
#4700 = CARTESIAN_POINT ( 'NONE',  ( 1.529622085458000047, 2.649383168392999810, -1.486659524413000311 ) ) ;
#4701 = CARTESIAN_POINT ( 'NONE',  ( 0.000000000000000000, 0.000000000000000000, -4.308438114082132842 ) ) ;
#4702 = CARTESIAN_POINT ( 'NONE',  ( -2.414063805987871181, -0.6590412539566675720, -1.800000000000000266 ) ) ;
#4703 = AXIS2_PLACEMENT_3D ( 'NONE', #3908, #2082, #3035 ) ;
#4704 = DIRECTION ( 'NONE',  ( 1.000000000000000000, 0.000000000000000000, 0.000000000000000000 ) ) ;
#4705 = CARTESIAN_POINT ( 'NONE',  ( -1.184103235959000022, -2.821231132837000111, -4.174047429903000150 ) ) ;
#4706 = CARTESIAN_POINT ( 'NONE',  ( 2.897214142875286669, -1.299214219583530117, -1.810684443665109500 ) ) ;
#4707 = DIRECTION ( 'NONE',  ( 1.000000000000000000, 0.000000000000000000, 0.000000000000000000 ) ) ;
#4708 = CARTESIAN_POINT ( 'NONE',  ( 0.1589740926775564667, 0.3672515249447652064, -2.800000000000000266 ) ) ;
#4709 = CARTESIAN_POINT ( 'NONE',  ( 1.932654795978000051, 2.543260618536000273, -1.577303845304999896 ) ) ;
#4710 = CARTESIAN_POINT ( 'NONE',  ( 2.478058844082009049, 0.3930411523814191233, -1.800000000000000044 ) ) ;
#4711 = CARTESIAN_POINT ( 'NONE',  ( 0.000000000000000000, 2.816553593939000066, -1.272819157003000079 ) ) ;
#4712 = CARTESIAN_POINT ( 'NONE',  ( -0.6231825505962000911, 2.742157970261000166, -2.675716727973000530 ) ) ;
#4713 = CARTESIAN_POINT ( 'NONE',  ( 2.934667191129997299, 1.211757693798503954, -3.131592680815723728 ) ) ;
#4714 = CARTESIAN_POINT ( 'NONE',  ( -2.686369738734000201, -0.8313870651189000371, -1.587014751581000027 ) ) ;
#4715 = CARTESIAN_POINT ( 'NONE',  ( -1.462313979973999922, 2.532802109932999812, -3.088774962375000488 ) ) ;
#4716 = CARTESIAN_POINT ( 'NONE',  ( 1.083914082544999991, 2.582521575934999980, -1.324493454443005591 ) ) ;
#4717 = FACE_OUTER_BOUND ( 'NONE', #1157, .T. ) ;
#4718 = CARTESIAN_POINT ( 'NONE',  ( 2.834901943263573365, -0.9312504866037275564, -4.420542384112567724 ) ) ;
#4719 = FACE_OUTER_BOUND ( 'NONE', #5205, .T. ) ;
#4720 = CARTESIAN_POINT ( 'NONE',  ( 2.800417116365000236, 0.000000000000000000, -1.278819443480813334 ) ) ;
#4721 = CARTESIAN_POINT ( 'NONE',  ( -2.778486331853999847, 0.3525636569632999984, -1.699515642883000055 ) ) ;
#4722 = CARTESIAN_POINT ( 'NONE',  ( -1.079877664222000044, -2.572904450759999850, -2.917998664918000085 ) ) ;
#4723 = EDGE_LOOP ( 'NONE', ( #2021, #3720, #4309, #2798 ) ) ;
#4724 = CARTESIAN_POINT ( 'NONE',  ( -2.154693243804000069, 1.995517025035999703, -1.964518462160000034 ) ) ;
#4725 = CARTESIAN_POINT ( 'NONE',  ( -3.149104138766513294, 0.4472713944721450341, -1.425992544036985610 ) ) ;
#4726 = CARTESIAN_POINT ( 'NONE',  ( -2.686369738734000201, -0.8313870651189000371, -3.703681418247999790 ) ) ;
#4727 = CARTESIAN_POINT ( 'NONE',  ( 1.394994281911000167, 2.416200972537000169, -1.872787616919999953 ) ) ;
#4728 = B_SPLINE_CURVE_WITH_KNOTS ( 'NONE', 3,
 ( #2965, #3339, #5103, #1617, #5602, #5076, #3868, #3806, #4187, #236, #1988, #5515, #5638, #1563, #1156, #756, #5165, #3433, #3314, #726, #2449, #5571, #1252, #4240, #292, #2043, #5130, #2509, #4268, #319, #4338, #2139, #2568, #3898, #387, #5669, #5683, #3380, #5241, #1298, #4804, #2522, #5619, #1954, #667, #4317, #770, #2980, #3448, #2123, #3913, #4284, #3041, #5213, #5586, #4601, #2552, #334, #2089, #4354, #370, #4741, #4774, #403, #3851, #5182, #2153, #1725, #2386, #2841, #3478, #1235, #2415, #1665, #3276, #4177, #802, #3883, #3741, #1696, #5480, #5148, #5654, #4151, #1268, #3012, #831, #2586, #3415, #200, #3714, #1525, #5038, #1203 ),
 .UNSPECIFIED., .F., .F.,
 ( 4, 2, 2, 1, 1, 1, 1, 1, 2, 2, 2, 2, 2, 2, 1, 1, 1, 1, 2, 2, 2, 2, 1, 1, 1, 1, 2, 2, 2, 2, 2, 1, 1, 1, 2, 2, 2, 2, 2, 1, 1, 1, 1, 1, 2, 2, 2, 2, 2, 1, 1, 1, 2, 2, 2, 1, 1, 2, 2, 4 ),
 ( 0.000000000000000000, 0.06250000000009174606, 0.09375000000013759827, 0.1093750000001604966, 0.1171875000001719319, 0.1210937500001776079, 0.1230468750001804668, 0.1240234375001818684, 0.1245117187501825068, 0.1250000000001831590, 0.1562500000002244871, 0.1875000000002657874, 0.2187500000003071154, 0.2343750000003278766, 0.2421875000003384237, 0.2460937500003433920, 0.2480468750003454181, 0.2490234375003464451, 0.2495117187503469725, 0.2500000000003474998, 0.3125000000004028444, 0.3437500000004305445, 0.3593750000004443668, 0.3671875000004513057, 0.3710937500004546918, 0.3730468750004563572, 0.3740234375004571898, 0.3750000000004579670, 0.4375000000005145884, 0.4687500000005429546, 0.4843750000005571099, 0.4921875000005641598, 0.4960937500005677125, 0.4980468750005694334, 0.4990234375005703216, 0.5000000000005712097, 0.6250000000006842305, 0.6875000000007406298, 0.7187500000007688294, 0.7343750000007829293, 0.7421875000007898127, 0.7460937500007933654, 0.7480468750007951417, 0.7490234375007961409, 0.7495117187507965850, 0.7500000000007970291, 0.7812500000006981082, 0.7968750000006484813, 0.8046875000006237233, 0.8085937500006112888, 0.8105468750006050715, 0.8115234375006019629, 0.8120117187506002976, 0.8125000000005987433, 0.8437500000004990452, 0.8593750000004491962, 0.8671875000004242162, 0.8710937500004117817, 0.8750000000003992362, 1.000000000000000000 ),
 .UNSPECIFIED. ) ;
#4729 = CARTESIAN_POINT ( 'NONE',  ( -2.844422726223999831, 1.484769218160999937, -4.280997966809000133 ) ) ;
#4730 = DIRECTION ( 'NONE',  ( -1.000000000000000000, 0.000000000000000000, 0.000000000000000000 ) ) ;
#4731 = EDGE_CURVE ( 'NONE', #241, #5430, #355, .T. ) ;
#4732 = ORIENTED_EDGE ( 'NONE', *, *, #2583, .F. ) ;
#4733 = CARTESIAN_POINT ( 'NONE',  ( -1.529622085458000047, 2.649383168392999810, -2.074622487376000191 ) ) ;
#4734 = DIRECTION ( 'NONE',  ( 0.000000000000000000, 0.000000000000000000, -1.000000000000000000 ) ) ;
#4735 = CYLINDRICAL_SURFACE ( 'NONE', #4703, 3.299999999999998934 ) ;
#4736 = DIRECTION ( 'NONE',  ( 1.000000000000000000, 0.000000000000000000, 0.000000000000000000 ) ) ;
#4737 = CARTESIAN_POINT ( 'NONE',  ( 3.063834454273000052, 0.9482061602394000754, -1.019649145108999955 ) ) ;
#4738 = DIRECTION ( 'NONE',  ( -1.000000000000000000, 0.000000000000000000, -0.000000000000000000 ) ) ;
#4739 = FACE_OUTER_BOUND ( 'NONE', #4723, .T. ) ;
#4740 = FACE_OUTER_BOUND ( 'NONE', #1104, .T. ) ;
#4741 = CARTESIAN_POINT ( 'NONE',  ( 2.053927947513401797, -2.421714933553014149, -3.272847069415909083 ) ) ;
#4742 = CARTESIAN_POINT ( 'NONE',  ( 2.055510326824999900, 1.903661165743000039, -2.069752998513000097 ) ) ;
#4743 = FACE_OUTER_BOUND ( 'NONE', #2963, .T. ) ;
#4744 = ADVANCED_FACE ( 'NONE', ( #5606 ), #1621, .T. ) ;
#4745 = CARTESIAN_POINT ( 'NONE',  ( 2.063187188137999950, 1.910770905142000098, -2.793309320565999787 ) ) ;
#4746 = CARTESIAN_POINT ( 'NONE',  ( 2.251064734960514624, 2.239052565671055373, -3.086073996252773455 ) ) ;
#4747 = CARTESIAN_POINT ( 'NONE',  ( -2.592804295980999818, -1.038334557450000029, -0.8719562676027999837 ) ) ;
#4748 = CARTESIAN_POINT ( 'NONE',  ( -0.9923942392587000727, 2.886835591837999981, -0.9151114594335999497 ) ) ;
#4749 = CARTESIAN_POINT ( 'NONE',  ( -2.448316844033000095, -1.413536388964000023, -2.454745369407005828 ) ) ;
#4750 = CARTESIAN_POINT ( 'NONE',  ( -1.592511753904103378, -2.754514936167386630, -4.027540154238604231 ) ) ;
#4751 = DIRECTION ( 'NONE',  ( -0.000000000000000000, -0.000000000000000000, -1.000000000000000000 ) ) ;
#4752 = FACE_OUTER_BOUND ( 'NONE', #2829, .T. ) ;
#4753 = CARTESIAN_POINT ( 'NONE',  ( -1.083914082544999991, 2.582521575934999980, -1.762312099185813441 ) ) ;
#4754 = CARTESIAN_POINT ( 'NONE',  ( -2.448316844033000095, 1.413536388964000023, -1.745189653845000244 ) ) ;
#4755 = CARTESIAN_POINT ( 'NONE',  ( 2.768139447978999801, 0.3512507351845000070, -3.388369035289000131 ) ) ;
#4756 = VERTEX_POINT ( 'NONE', #5204 ) ;
#4757 = CARTESIAN_POINT ( 'NONE',  ( 2.154693243804000069, -1.995517025035999703, -3.022851795494000182 ) ) ;
#4758 = DIRECTION ( 'NONE',  ( -1.000000000000000000, 0.000000000000000000, 0.000000000000000000 ) ) ;
#4759 = ORIENTED_EDGE ( 'NONE', *, *, #1384, .T. ) ;
#4760 = CARTESIAN_POINT ( 'NONE',  ( -2.686369738734000201, -0.8313870651189000371, -4.409236973803000836 ) ) ;
#4761 = CARTESIAN_POINT ( 'NONE',  ( 1.688261783756999979, 2.221653715575000021, -1.180354346699000079 ) ) ;
#4762 = CARTESIAN_POINT ( 'NONE',  ( 0.000000000000000000, 0.000000000000000000, 2.259920353756999845 ) ) ;
#4763 = CARTESIAN_POINT ( 'NONE',  ( 3.500000000000000000, -6.099999999999999645, -9.650000000000000355 ) ) ;
#4764 = EDGE_CURVE ( 'NONE', #1936, #4991, #2087, .T. ) ;
#4765 = EDGE_LOOP ( 'NONE', ( #3055, #4822 ) ) ;
#4766 = CARTESIAN_POINT ( 'NONE',  ( 0.000000000000000000, -3.088363467746999991, -1.780641005894000095 ) ) ;
#4767 = CARTESIAN_POINT ( 'NONE',  ( -2.500000000000000000, 1.836970198721029688E-16, 0.000000000000000000 ) ) ;
#4768 = CARTESIAN_POINT ( 'NONE',  ( -3.500000000000000000, -6.099999999999999645, -8.199999999999999289 ) ) ;
#4769 = CARTESIAN_POINT ( 'NONE',  ( -3.500000000000000000, -7.400000000000000355, -8.199999999999999289 ) ) ;
#4770 = CARTESIAN_POINT ( 'NONE',  ( 2.792332490039000081, -1.612153914791000009, -1.111027431064000037 ) ) ;
#4771 = CARTESIAN_POINT ( 'NONE',  ( 2.912802767073555454, -1.263476925140411655, -1.809231185477692350 ) ) ;
#4772 = DIRECTION ( 'NONE',  ( 1.000000000000000000, 0.000000000000000000, 0.000000000000000000 ) ) ;
#4773 = CARTESIAN_POINT ( 'NONE',  ( 3.168855702086000203, 0.4020978407948000433, -1.668651867228000185 ) ) ;
#4774 = CARTESIAN_POINT ( 'NONE',  ( 2.112954057859611989, -2.370817005996667337, -3.270253415161679111 ) ) ;
#4775 = CARTESIAN_POINT ( 'NONE',  ( 1.688266958050000044, -2.221660524640999945, -1.553678353148999935 ) ) ;
#4776 = CARTESIAN_POINT ( 'NONE',  ( -2.265608056321373631, 1.058662517935742953, -1.800000000000000266 ) ) ;
#4777 = CARTESIAN_POINT ( 'NONE',  ( -0.6231825505960999489, -2.742157970261000166, -3.080923119027000112 ) ) ;
#4778 = CIRCLE ( 'NONE', #2295, 2.669999999999999929 ) ;
#4779 = CARTESIAN_POINT ( 'NONE',  ( -2.625060003699999811, -0.9577989995874000018, -0.8755711820831999503 ) ) ;
#4780 = CARTESIAN_POINT ( 'NONE',  ( 2.154698634633000154, 1.995522017622999744, -3.944505100181999957 ) ) ;
#4781 = VECTOR ( 'NONE', #4920, 1000.000000000000000 ) ;
#4782 = CARTESIAN_POINT ( 'NONE',  ( -1.083914082544999991, -2.582521575934999980, -3.088382343331995461 ) ) ;
#4783 = CYLINDRICAL_SURFACE ( 'NONE', #3298, 2.500000000000000000 ) ;
#4784 = CARTESIAN_POINT ( 'NONE',  ( 2.686369738734000201, 0.8313870651189000371, -1.951793009377813526 ) ) ;
#4785 = CARTESIAN_POINT ( 'NONE',  ( 1.400208558182000296, -2.425232363965000193, -1.451208172362999926 ) ) ;
#4786 = CARTESIAN_POINT ( 'NONE',  ( -2.439199487657000454, -1.408272480806000093, -4.401028357659999557 ) ) ;
#4787 = ORIENTED_EDGE ( 'NONE', *, *, #13, .T. ) ;
#4788 = ORIENTED_EDGE ( 'NONE', *, *, #3711, .T. ) ;
#4789 = CARTESIAN_POINT ( 'NONE',  ( 1.400208558182000296, -2.425232363965000193, -4.206633778277000246 ) ) ;
#4790 = FACE_OUTER_BOUND ( 'NONE', #1679, .T. ) ;
#4791 = CARTESIAN_POINT ( 'NONE',  ( 2.353087849929000441, 2.179255390271000348, -3.789442754056000062 ) ) ;
#4792 = LINE ( 'NONE', #2602, #3887 ) ;
#4793 = ORIENTED_EDGE ( 'NONE', *, *, #5280, .T. ) ;
#4794 = CARTESIAN_POINT ( 'NONE',  ( -0.6807798646093000672, 2.995600454385999978, -3.518315588145000117 ) ) ;
#4795 = CARTESIAN_POINT ( 'NONE',  ( -2.049999999999999822, -6.099999999999999645, -15.19999999999999929 ) ) ;
#4796 = CARTESIAN_POINT ( 'NONE',  ( 3.091040155001591572, 0.8350282702932469991, -2.352992789706383814 ) ) ;
#4797 = CARTESIAN_POINT ( 'NONE',  ( 2.792332490039000081, 1.612153914791000009, -0.9934348384714999369 ) ) ;
#4798 = CARTESIAN_POINT ( 'NONE',  ( 2.049999999999999822, -7.400000000000000355, -9.650000000000000355 ) ) ;
#4799 = EDGE_CURVE ( 'NONE', #3661, #2340, #4697, .T. ) ;
#4800 = CARTESIAN_POINT ( 'NONE',  ( -1.400208558182000296, -2.425232363965000193, -3.046708492376000166 ) ) ;
#4801 = EDGE_CURVE ( 'NONE', #444, #3671, #5643, .T. ) ;
#4802 = CARTESIAN_POINT ( 'NONE',  ( -2.757039871899968908, -1.588398086831538381, -4.174662799168868510 ) ) ;
#4803 = CARTESIAN_POINT ( 'NONE',  ( -2.792298347047000640, -1.612134202325000265, -3.386866745154999858 ) ) ;
#4804 = CARTESIAN_POINT ( 'NONE',  ( -1.221804635234487790, -2.930499779616370759, -3.396625926776555726 ) ) ;
#4805 = CARTESIAN_POINT ( 'NONE',  ( 2.439206963470999856, -1.408276796968999989, -2.213559897742999993 ) ) ;
#4806 = CARTESIAN_POINT ( 'NONE',  ( -2.499999999999999556, 0.3180842364209852113, -1.800000000000000488 ) ) ;
#4807 = CARTESIAN_POINT ( 'NONE',  ( 0.000000000000000000, -2.827072777928000047, -2.349153256833000469 ) ) ;
#4808 = CARTESIAN_POINT ( 'NONE',  ( -2.063187188137999950, -1.910770905142000098, -1.534586138304999903 ) ) ;
#4809 = CARTESIAN_POINT ( 'NONE',  ( -2.184847354825000476, 1.934661290788000088, -4.464584296063000224 ) ) ;
#4810 = CARTESIAN_POINT ( 'NONE',  ( 1.400208558182000296, -2.425232363965000193, -2.983912036074006124 ) ) ;
#4811 = B_SPLINE_CURVE_WITH_KNOTS ( 'NONE', 3,
 ( #1405, #885, #3128, #2211, #77, #3941, #2726, #5327, #3157, #5299, #914, #1347, #1862, #489, #3619, #944, #21, #2268 ),
 .UNSPECIFIED., .F., .F.,
 ( 4, 2, 2, 2, 2, 2, 2, 2, 4 ),
 ( 0.000000000000000000, 0.1249999999999998890, 0.2499999999999997780, 0.3749999999999997780, 0.4999999999999997780, 0.6249999999999997780, 0.7499999999999997780, 0.8749999999999998890, 1.000000000000000000 ),
 .UNSPECIFIED. ) ;
#4812 = CYLINDRICAL_SURFACE ( 'NONE', #5248, 0.6399999999999999023 ) ;
#4813 = CARTESIAN_POINT ( 'NONE',  ( -2.669999999909578037, 3.269806953668065783E-16, -1.000000000033196557 ) ) ;
#4814 = CARTESIAN_POINT ( 'NONE',  ( 2.800417116365000236, 0.000000000000000000, -1.333615579771000093 ) ) ;
#4815 = CARTESIAN_POINT ( 'NONE',  ( 2.439199487657000454, 1.408272480806000093, -3.342695024327000386 ) ) ;
#4816 = DIRECTION ( 'NONE',  ( -1.000000000000000000, 0.000000000000000000, -0.000000000000000000 ) ) ;
#4817 = ORIENTED_EDGE ( 'NONE', *, *, #4449, .F. ) ;
#4818 = CARTESIAN_POINT ( 'NONE',  ( -3.500000000000000000, -6.099999999999999645, -15.19999999999999929 ) ) ;
#4819 = CARTESIAN_POINT ( 'NONE',  ( -0.6208618634615999943, -2.731946370599999785, -1.487427849482999997 ) ) ;
#4820 = CARTESIAN_POINT ( 'NONE',  ( 2.272379595046889023, 2.217459650268357674, -2.381627160241297059 ) ) ;
#4821 = CARTESIAN_POINT ( 'NONE',  ( -2.778486331853999847, -0.3525636569632999984, -3.735141602589982845 ) ) ;
#4822 = ORIENTED_EDGE ( 'NONE', *, *, #4764, .T. ) ;
#4823 = CARTESIAN_POINT ( 'NONE',  ( -2.934656025390999901, 0.9082275700564000909, -3.400722995553000061 ) ) ;
#4824 = LINE ( 'NONE', #2688, #4874 ) ;
#4825 = CARTESIAN_POINT ( 'NONE',  ( -3.500000000000000000, -6.099999999999999645, -15.19999999999999929 ) ) ;
#4826 = CARTESIAN_POINT ( 'NONE',  ( 2.934678266330999818, 0.9082344532599000431, -3.919402540394000045 ) ) ;
#4827 = CARTESIAN_POINT ( 'NONE',  ( 2.824221694061040289, -1.451585073818852267, -1.816960665542071807 ) ) ;
#4828 = CARTESIAN_POINT ( 'NONE',  ( -2.448316844033000095, -1.413536388964000023, -3.105504788673000061 ) ) ;
#4829 = CARTESIAN_POINT ( 'NONE',  ( 0.000000000000000000, 0.000000000000000000, -0.3857864376269000695 ) ) ;
#4830 = CARTESIAN_POINT ( 'NONE',  ( -1.236200906108000153, -2.945358459331000045, -2.609392607969000188 ) ) ;
#4831 = CARTESIAN_POINT ( 'NONE',  ( 3.500000000000000000, -7.400000000000000355, -8.199999999999999289 ) ) ;
#4832 = CARTESIAN_POINT ( 'NONE',  ( 2.055510326824999900, 1.903661165743000039, -2.775308554067999811 ) ) ;
#4833 = CARTESIAN_POINT ( 'NONE',  ( -0.6589295104366342803, 2.414108017535913753, -1.800000000000000044 ) ) ;
#4834 = CARTESIAN_POINT ( 'NONE',  ( -2.063187188137999950, 1.910770905142000098, -2.610552748656000066 ) ) ;
#4835 = CARTESIAN_POINT ( 'NONE',  ( 2.800417116365000236, 0.000000000000000000, -2.677930074573000141 ) ) ;
#4836 = CARTESIAN_POINT ( 'NONE',  ( -2.154698634633000154, -1.995522017622999744, -3.591727322404000056 ) ) ;
#4837 = CARTESIAN_POINT ( 'NONE',  ( -1.694572249308000211, 2.229957918970999931, -3.323567528517006764 ) ) ;
#4838 = DIRECTION ( 'NONE',  ( -0.000000000000000000, -1.000000000000000000, 0.000000000000000000 ) ) ;
#4839 = CARTESIAN_POINT ( 'NONE',  ( 3.004463724284456294, 1.029253509211623729, -3.844273915746351022 ) ) ;
#4840 = CARTESIAN_POINT ( 'NONE',  ( -2.663006872177000162, -0.8486824249651000462, -0.9471467701467000122 ) ) ;
#4841 = CARTESIAN_POINT ( 'NONE',  ( 2.676365890446999796, 0.8282910393011000405, -4.074464886520000384 ) ) ;
#4842 = PLANE ( 'NONE',  #5528 ) ;
#4843 = CARTESIAN_POINT ( 'NONE',  ( -1.381830931122221884, -2.859350384148600099, -2.696700432249743873 ) ) ;
#4844 = CARTESIAN_POINT ( 'NONE',  ( -0.9050430237258999533, 2.632734360643000038, -1.070173805568999992 ) ) ;
#4845 = CARTESIAN_POINT ( 'NONE',  ( -2.113305719998589183, 2.370503569684313305, -2.211902918995469314 ) ) ;
#4846 = CARTESIAN_POINT ( 'NONE',  ( 2.686369738734000201, 0.8313870651189000371, -4.068459676043983286 ) ) ;
#4847 = ORIENTED_EDGE ( 'NONE', *, *, #2399, .T. ) ;
#4848 = CARTESIAN_POINT ( 'NONE',  ( -1.851192183335000241, -2.436060587237999897, -2.558115143080999854 ) ) ;
#4849 = DIRECTION ( 'NONE',  ( 1.000000000000000000, 0.000000000000000000, 0.000000000000000000 ) ) ;
#4850 = FACE_OUTER_BOUND ( 'NONE', #2016, .T. ) ;
#4851 = CARTESIAN_POINT ( 'NONE',  ( 2.792332490039000081, 1.612153914791000009, -2.404545949582999942 ) ) ;
#4852 = CARTESIAN_POINT ( 'NONE',  ( 1.023521876889830207, -3.012633382037011032, -3.225280411051302032 ) ) ;
#4853 = CARTESIAN_POINT ( 'NONE',  ( -1.694572249308000211, -2.229957918970999931, -2.354275222155000069 ) ) ;
#4854 = CARTESIAN_POINT ( 'NONE',  ( 1.851206213005000212, 2.436079049462000157, -3.141958667239999947 ) ) ;
#4855 = CARTESIAN_POINT ( 'NONE',  ( -2.353059077759999784, 2.179228743622999787, -2.825118088830000040 ) ) ;
#4856 = DIRECTION ( 'NONE',  ( -1.000000000000000000, 0.000000000000000000, -0.000000000000000000 ) ) ;
#4857 = CARTESIAN_POINT ( 'NONE',  ( -1.079880973899999930, -2.572912336362000119, -3.082382056853000041 ) ) ;
#4858 = CARTESIAN_POINT ( 'NONE',  ( -2.050751496825756082, 1.448521019312528413, -1.799999999999999600 ) ) ;
#4859 = CARTESIAN_POINT ( 'NONE',  ( 2.500000000000000000, 0.000000000000000000, -2.000000000000000000 ) ) ;
#4860 = CARTESIAN_POINT ( 'NONE',  ( 1.694572249308000211, 2.229957918970999931, -3.479405171798000573 ) ) ;
#4861 = CARTESIAN_POINT ( 'NONE',  ( -2.778486331853999847, 0.3525636569632000228, -3.043830137685000103 ) ) ;
#4862 = CARTESIAN_POINT ( 'NONE',  ( -1.462313979973999922, -2.532802109932999812, -4.264700888301000248 ) ) ;
#4863 = CARTESIAN_POINT ( 'NONE',  ( -1.131987617969000048, 2.697061044018000064, -2.715778292708999953 ) ) ;
#4864 = CONICAL_SURFACE ( 'NONE', #86, 4.958445938276144993, 1.221730476390614495 ) ;
#4865 = CARTESIAN_POINT ( 'NONE',  ( -1.083914082544999991, -2.582521575934999980, -2.382826787776005428 ) ) ;
#4866 = DIRECTION ( 'NONE',  ( 1.000000000000000000, 0.000000000000000000, 0.000000000000000000 ) ) ;
#4867 = CARTESIAN_POINT ( 'NONE',  ( 0.3199292411058978769, 3.159778452965750439, -3.715993317037739718 ) ) ;
#4868 = EDGE_CURVE ( 'NONE', #3150, #4300, #4792, .T. ) ;
#4869 = CARTESIAN_POINT ( 'NONE',  ( -2.063187188137999950, 1.910770905142000098, -2.476959516038000242 ) ) ;
#4870 = AXIS2_PLACEMENT_3D ( 'NONE', #4232, #311, #2956 ) ;
#4871 = CARTESIAN_POINT ( 'NONE',  ( -1.079877664222000044, -2.572904450759999850, -3.623554220473999887 ) ) ;
#4872 = ADVANCED_FACE ( 'NONE', ( #2172, #4397 ), #1852, .F. ) ;
#4873 = CARTESIAN_POINT ( 'NONE',  ( -2.245765934470269176, -2.244361977780958917, -2.733023327046988360 ) ) ;
#4874 = VECTOR ( 'NONE', #535, 1000.000000000000000 ) ;
#4875 = CARTESIAN_POINT ( 'NONE',  ( -2.615507383553903331, 1.800003249793854065, -2.890257906411406452 ) ) ;
#4876 = CARTESIAN_POINT ( 'NONE',  ( 1.936506981260065263, 2.524614351497751041, -2.365554894073544911 ) ) ;
#4877 = CARTESIAN_POINT ( 'NONE',  ( -0.6231825505962000911, 2.742157970261000166, -3.898438470175813464 ) ) ;
#4878 = AXIS2_PLACEMENT_3D ( 'NONE', #1459, #3130, #519 ) ;
#4879 = ORIENTED_EDGE ( 'NONE', *, *, #929, .T. ) ;
#4880 = CARTESIAN_POINT ( 'NONE',  ( 2.253876160782000149, -2.087372884330000122, -2.394818275495000037 ) ) ;
#4881 = CARTESIAN_POINT ( 'NONE',  ( 0.000000000000000000, 0.000000000000000000, 2.259920353756999845 ) ) ;
#4882 = ORIENTED_EDGE ( 'NONE', *, *, #5114, .F. ) ;
#4883 = CARTESIAN_POINT ( 'NONE',  ( -1.045408571685279675, -2.993448468177589916, -1.282637737645554665 ) ) ;
#4884 = CARTESIAN_POINT ( 'NONE',  ( 3.193906752202000376, 0.000000000000000000, -2.463342245879000192 ) ) ;
#4885 = DIRECTION ( 'NONE',  ( 0.000000000000000000, 0.000000000000000000, 1.000000000000000000 ) ) ;
#4886 = CARTESIAN_POINT ( 'NONE',  ( 1.083914082544999991, -2.582521575934999980, -2.942238185118000171 ) ) ;
#4887 = CARTESIAN_POINT ( 'NONE',  ( 2.674621489245000205, -1.544193436795999963, -3.305225270794000192 ) ) ;
#4888 = CARTESIAN_POINT ( 'NONE',  ( -2.792298347047000640, -1.612134202325000265, -2.681311189600000144 ) ) ;
#4889 = CARTESIAN_POINT ( 'NONE',  ( -2.714938564410729782, -1.646508249344899699, -1.349776231791203207 ) ) ;
#4890 = CARTESIAN_POINT ( 'NONE',  ( 2.055510326824999900, -1.903661165743000039, -3.650885315491999794 ) ) ;
#4891 = CARTESIAN_POINT ( 'NONE',  ( 0.8212718326754977483, -3.073930048677242066, -2.527227398940422809 ) ) ;
#4892 = CARTESIAN_POINT ( 'NONE',  ( -3.500000000024919622, 3.400000000036673242, -11.69999999999999929 ) ) ;
#4893 = CARTESIAN_POINT ( 'NONE',  ( 2.778486331853999847, -0.3525636569632000228, -4.302553319945999988 ) ) ;
#4894 = CARTESIAN_POINT ( 'NONE',  ( -2.778486331853999847, -0.3525636569632999984, -3.017585567015999892 ) ) ;
#4895 = CARTESIAN_POINT ( 'NONE',  ( -2.674621489245000205, 1.544193436795999963, -2.246891937460000044 ) ) ;
#4896 = CARTESIAN_POINT ( 'NONE',  ( -1.769729570691999987, 2.328860555939999966, -3.395089277594999899 ) ) ;
#4897 = VECTOR ( 'NONE', #539, 1000.000000000000000 ) ;
#4898 = CARTESIAN_POINT ( 'NONE',  ( -1.694572249308000211, -2.229957918970999931, -3.820182469556995475 ) ) ;
#4899 = CARTESIAN_POINT ( 'NONE',  ( 2.396192357240444437, 2.085591417397855807, -3.799360241366904756 ) ) ;
#4900 = CARTESIAN_POINT ( 'NONE',  ( -2.448316844033000095, -1.413536388964000023, -2.333152616807999902 ) ) ;
#4901 = CARTESIAN_POINT ( 'NONE',  ( -2.556910488450999885, -1.476232958801000139, -1.501274962374999911 ) ) ;
#4902 = PLANE ( 'NONE',  #1294 ) ;
#4903 = CARTESIAN_POINT ( 'NONE',  ( -2.913173836991121757, 1.262621060827785247, -2.867530228218219790 ) ) ;
#4904 = CARTESIAN_POINT ( 'NONE',  ( 2.938082436736061620, 1.203461337051585645, -2.426365977505529958 ) ) ;
#4905 = CARTESIAN_POINT ( 'NONE',  ( 1.083914082544999991, -2.582521575934999980, -3.526200988074814191 ) ) ;
#4906 = VERTEX_POINT ( 'NONE', #2684 ) ;
#4907 = CARTESIAN_POINT ( 'NONE',  ( -2.934656025390999901, -0.9082275700565000109, -3.335559016236000041 ) ) ;
#4908 = CARTESIAN_POINT ( 'NONE',  ( 3.500000000000000000, -6.099999999999999645, -13.75000000000000000 ) ) ;
#4909 = DIRECTION ( 'NONE',  ( -0.000000000000000000, -1.000000000000000000, -0.000000000000000000 ) ) ;
#4910 = B_SPLINE_CURVE_WITH_KNOTS ( 'NONE', 3,
 ( #5138, #1194, #2940, #4702, #2517, #1229, #2974, #796, #3964, #1341, #3177, #3614, #4376, #2606, #5321, #12, #1366, #425, #3118, #3935, #3584, #3151, #2690, #936, #2719, #5704, #4020, #4401, #3993, #4453, #1745, #537, #5265, #1776, #2290, #42, #853, #4480 ),
 .UNSPECIFIED., .F., .F.,
 ( 4, 1, 1, 1, 2, 2, 2, 1, 1, 1, 2, 2, 2, 1, 1, 1, 2, 2, 2, 1, 1, 1, 2, 2, 4 ),
 ( 0.000000000000000000, 0.06250000000000004163, 0.09375000000000009714, 0.1093750000000001110, 0.1171875000000001249, 0.1250000000000001110, 0.2499999999999998335, 0.3124999999999996114, 0.3437499999999994449, 0.3593749999999993339, 0.3671874999999993339, 0.3749999999999993339, 0.4999999999999992228, 0.5624999999999991118, 0.5937499999999991118, 0.6093749999999991118, 0.6171874999999991118, 0.6249999999999991118, 0.7499999999999991118, 0.8124999999999992228, 0.8437499999999992228, 0.8593749999999992228, 0.8671874999999992228, 0.8749999999999992228, 1.000000000000000000 ),
 .UNSPECIFIED. ) ;
#4911 = CARTESIAN_POINT ( 'NONE',  ( 3.063834454273000052, -0.9482061602394000754, -1.790368679982000000 ) ) ;
#4912 = CARTESIAN_POINT ( 'NONE',  ( -3.500000000000000000, -6.099999999999999645, -13.75000000000000000 ) ) ;
#4913 = EDGE_CURVE ( 'NONE', #733, #3150, #986, .T. ) ;
#4914 = CARTESIAN_POINT ( 'NONE',  ( 1.694572249308000211, -2.229957918970999931, -2.210438058893000157 ) ) ;
#4915 = CARTESIAN_POINT ( 'NONE',  ( -2.253893242280999853, 2.087388703947000046, -2.978661799654000131 ) ) ;
#4916 = CARTESIAN_POINT ( 'NONE',  ( 1.236200906108000153, 2.945358459331000045, -2.962170385746000001 ) ) ;
#4917 = LINE ( 'NONE', #4381, #1381 ) ;
#4918 = CARTESIAN_POINT ( 'NONE',  ( 0.000000000000000000, -2.816553593939000066, -3.742263601447000099 ) ) ;
#4919 = FACE_OUTER_BOUND ( 'NONE', #1185, .T. ) ;
#4920 = DIRECTION ( 'NONE',  ( 0.000000000000000000, 0.000000000000000000, 1.000000000000000000 ) ) ;
#4921 = CARTESIAN_POINT ( 'NONE',  ( 1.694572249308000211, -2.229957918970999931, -4.393901341869000277 ) ) ;
#4922 = CARTESIAN_POINT ( 'NONE',  ( 2.686369738734000201, 0.8313870651189000371, -2.645348084914000086 ) ) ;
#4923 = CARTESIAN_POINT ( 'NONE',  ( -0.6807850240499999650, -2.995623157207000453, -2.037921058913000127 ) ) ;
#4924 = CARTESIAN_POINT ( 'NONE',  ( 0.000000000000000000, 2.952458530842999807, -2.761452303671000585 ) ) ;
#4925 = EDGE_CURVE ( 'NONE', #3526, #1283, #233, .T. ) ;
#4926 = CARTESIAN_POINT ( 'NONE',  ( -2.184465970885645092, -1.259047450927248235, -0.000000000000000000 ) ) ;
#4927 = CARTESIAN_POINT ( 'NONE',  ( 3.175000000000072209, 1.019979527119728009E-14, -3.880555555555125657 ) ) ;
#4928 = CARTESIAN_POINT ( 'NONE',  ( -2.686369738734000201, -0.8313870651189000371, -3.064922479000999900 ) ) ;
#4929 = CARTESIAN_POINT ( 'NONE',  ( -2.924627959947999845, 0.000000000000000000, -1.560071258670999939 ) ) ;
#4930 = CARTESIAN_POINT ( 'NONE',  ( -2.942797771498404380, -1.191911659662706624, -2.779600743387790729 ) ) ;
#4931 = CARTESIAN_POINT ( 'NONE',  ( 0.5961700434946654026, 3.121548178493075199, -3.020667832059888980 ) ) ;
#4932 = CARTESIAN_POINT ( 'NONE',  ( 1.216481596728717030, 2.932711863873571190, -2.338107656236881216 ) ) ;
#4933 = CARTESIAN_POINT ( 'NONE',  ( 0.6231825505962000911, -2.742157970261000166, -4.251216247953813365 ) ) ;
#4934 = VERTEX_POINT ( 'NONE', #3829 ) ;
#4935 = CARTESIAN_POINT ( 'NONE',  ( 3.059244170917000183, 0.000000000000000000, -4.426474339228000154 ) ) ;
#4936 = CARTESIAN_POINT ( 'NONE',  ( -2.116559838380088987, 2.374296329553852836, -1.506899723088661602 ) ) ;
#4937 = CARTESIAN_POINT ( 'NONE',  ( 0.08251683884439754701, 3.167332960272573050, -4.316516440869770932 ) ) ;
#4938 = CARTESIAN_POINT ( 'NONE',  ( -3.063834454273000052, -0.9482061602394000754, -1.372426922887000078 ) ) ;
#4939 = CARTESIAN_POINT ( 'NONE',  ( -3.174999999999998046, 5.561137481044435210E-15, -3.439583331406093958 ) ) ;
#4940 = ADVANCED_FACE ( 'NONE', ( #3393 ), #1845, .F. ) ;
#4941 = CARTESIAN_POINT ( 'NONE',  ( 1.184103235959000022, -2.821231132837000111, -2.671588296868999901 ) ) ;
#4942 = CARTESIAN_POINT ( 'NONE',  ( -0.7107379137545000169, 3.127423309756999892, -3.595837623702999863 ) ) ;
#4943 = CARTESIAN_POINT ( 'NONE',  ( 0.4163774294261169961, 3.154357191024912854, -2.925929938180104717 ) ) ;
#4944 = CARTESIAN_POINT ( 'NONE',  ( 2.768147931949000107, 0.3512518117201999801, -3.552752427222999998 ) ) ;
#4945 = CARTESIAN_POINT ( 'NONE',  ( -0.4163776210994090121, -3.154357167074549828, -2.573152167483190755 ) ) ;
#4946 = CARTESIAN_POINT ( 'NONE',  ( -1.038700769880241737, 2.610701122673118491, -1.071095253474636522 ) ) ;
#4947 = CARTESIAN_POINT ( 'NONE',  ( -1.400208558182000296, -2.425232363965000193, -3.819060664240999881 ) ) ;
#4948 = CARTESIAN_POINT ( 'NONE',  ( -1.694572249308000211, -2.229957918970999931, -2.926237545093000048 ) ) ;
#4949 = CARTESIAN_POINT ( 'NONE',  ( -3.035309448962999923, 0.3851520833747000272, -1.495662370942999919 ) ) ;
#4950 = VERTEX_POINT ( 'NONE', #4813 ) ;
#4951 = CARTESIAN_POINT ( 'NONE',  ( 1.769729570693000076, 2.328860555939999966, -3.538926440856999811 ) ) ;
#4952 = CARTESIAN_POINT ( 'NONE',  ( -2.800417116365000236, 1.079691891448000077E-14, -3.924652776814005151 ) ) ;
#4953 = CARTESIAN_POINT ( 'NONE',  ( -2.434613913892462289, 2.039402853387491277, -3.606805538535568179 ) ) ;
#4954 = CARTESIAN_POINT ( 'NONE',  ( 1.694572249308000211, -2.229957918970999931, -2.143641442583999801 ) ) ;
#4955 = CARTESIAN_POINT ( 'NONE',  ( 1.131990450089999989, -2.697067791798000158, -2.043563914377000135 ) ) ;
#4956 = CARTESIAN_POINT ( 'NONE',  ( -2.351383399015674946, 3.167949725865180532, -15.19999999999999929 ) ) ;
#4957 = CARTESIAN_POINT ( 'NONE',  ( 2.244760162613285814, 2.245367858100082881, -3.085749971017203386 ) ) ;
#4958 = CARTESIAN_POINT ( 'NONE',  ( -3.174999999999998046, 5.561137481044435210E-15, -3.439583331406093958 ) ) ;
#4959 = CARTESIAN_POINT ( 'NONE',  ( 0.000000000000000000, -2.827072777928000047, -2.866319443480813689 ) ) ;
#4960 = AXIS2_PLACEMENT_3D ( 'NONE', #272, #5580, #657 ) ;
#4961 = VERTEX_POINT ( 'NONE', #5370 ) ;
#4962 = CARTESIAN_POINT ( 'NONE',  ( 0.000000000000000000, -3.088363467746999991, -4.602863228117000993 ) ) ;
#4963 = CARTESIAN_POINT ( 'NONE',  ( 2.731742513435087005, 1.618442397284853396, -1.703768988099698012 ) ) ;
#4964 = ORIENTED_EDGE ( 'NONE', *, *, #3247, .T. ) ;
#4965 = CARTESIAN_POINT ( 'NONE',  ( 2.981137748263638088, -0.2681279356255518165, -1.179635462754810460 ) ) ;
#4966 = AXIS2_PLACEMENT_3D ( 'NONE', #5250, #5310, #4866 ) ;
#4967 = CARTESIAN_POINT ( 'NONE',  ( -3.168894449455999851, 0.4021027574698999851, -1.418131197879999972 ) ) ;
#4968 = CARTESIAN_POINT ( 'NONE',  ( -3.174999999998997069, 0.1921180944415579461, -4.151429370441363176 ) ) ;
#4969 = AXIS2_PLACEMENT_3D ( 'NONE', #1589, #816, #2107 ) ;
#4970 = CARTESIAN_POINT ( 'NONE',  ( 1.529633678037999989, 2.649403247329999989, -2.423280826348999994 ) ) ;
#4971 = CARTESIAN_POINT ( 'NONE',  ( 3.193867698996999849, -1.720845688168999895E-14, -3.798440819229000009 ) ) ;
#4972 = CARTESIAN_POINT ( 'NONE',  ( 0.7886176031318761215, 2.746132240167643346, -1.103050097954008768 ) ) ;
#4973 = CARTESIAN_POINT ( 'NONE',  ( -2.049999999999999822, -6.099999999999999645, -15.19999999999999929 ) ) ;
#4974 = CARTESIAN_POINT ( 'NONE',  ( 0.000000000000000000, -6.099999999999999645, -11.70000000000000107 ) ) ;
#4975 = CARTESIAN_POINT ( 'NONE',  ( -3.159448169227842662, -0.3763823422660011464, -2.104165663160861843 ) ) ;
#4976 = CARTESIAN_POINT ( 'NONE',  ( -2.063187188137999950, -1.910770905142000098, -3.851642653898999846 ) ) ;
#4977 = CARTESIAN_POINT ( 'NONE',  ( 2.063187188137999950, 1.910770905142000098, -3.298475027194000653 ) ) ;
#4978 = CARTESIAN_POINT ( 'NONE',  ( 2.674621489245000205, 1.544193436795999963, -1.070966011534000062 ) ) ;
#4979 = CARTESIAN_POINT ( 'NONE',  ( -0.6988668512392777199, 2.600507046704402025, -0.000000000000000000 ) ) ;
#4980 = CARTESIAN_POINT ( 'NONE',  ( -2.653054016445000052, -0.8456822250814001185, -1.062732524637000076 ) ) ;
#4981 = CARTESIAN_POINT ( 'NONE',  ( -0.6231825505962000911, 2.742157970261000166, -4.074827359065836596 ) ) ;
#4982 = CARTESIAN_POINT ( 'NONE',  ( -3.174990062294296145, 1.226093936061901406E-06, -3.527800780286786342 ) ) ;
#4983 = EDGE_CURVE ( 'NONE', #1222, #1161, #1064, .T. ) ;
#4984 = CARTESIAN_POINT ( 'NONE',  ( 2.778486331853999847, -0.3525636569632999984, -2.052293420660999956 ) ) ;
#4985 = CARTESIAN_POINT ( 'NONE',  ( -1.769733998381000095, -2.328866382518000044, -1.455600951414000033 ) ) ;
#4986 = VECTOR ( 'NONE', #1801, 1000.000000000000000 ) ;
#4987 = DIRECTION ( 'NONE',  ( 0.000000000000000000, 0.000000000000000000, 1.000000000000000000 ) ) ;
#4988 = CARTESIAN_POINT ( 'NONE',  ( -2.506302454030900240, 1.949498379620994815, -2.897040048105536947 ) ) ;
#4989 = CARTESIAN_POINT ( 'NONE',  ( 2.391306828832594711, 2.098908967651922808, -3.710567352383007833 ) ) ;
#4990 = CARTESIAN_POINT ( 'NONE',  ( -1.694572249308000211, 2.229957918970999931, -2.441623084071813388 ) ) ;
#4991 = VERTEX_POINT ( 'NONE', #3447 ) ;
#4992 = CARTESIAN_POINT ( 'NONE',  ( 1.851192183335000241, -2.436060587237999897, -4.530944646485999705 ) ) ;
#4993 = CARTESIAN_POINT ( 'NONE',  ( -1.100917808168917267, 2.979812361806243537, -1.546772003744770307 ) ) ;
#4994 = VERTEX_POINT ( 'NONE', #369 ) ;
#4995 = CARTESIAN_POINT ( 'NONE',  ( 2.973018148543062456, -7.825447055097920028E-13, -1.174947609670306425 ) ) ;
#4996 = CARTESIAN_POINT ( 'NONE',  ( 2.353087849929000441, -2.179255390271000348, -3.253908404369000529 ) ) ;
#4997 = CARTESIAN_POINT ( 'NONE',  ( 0.000000000000000000, 0.000000000000000000, 2.259920353756999845 ) ) ;
#4998 = CARTESIAN_POINT ( 'NONE',  ( -2.231548279497000097E-14, -2.816544961612000186, -2.872324653956999985 ) ) ;
#4999 = ORIENTED_EDGE ( 'NONE', *, *, #3669, .F. ) ;
#5000 = CARTESIAN_POINT ( 'NONE',  ( 2.353059077759999784, -2.179228743622999787, -3.883451422163000100 ) ) ;
#5001 = CARTESIAN_POINT ( 'NONE',  ( 1.958756240722319575, 2.138183603067037808, -1.127788892113150032 ) ) ;
#5002 = CARTESIAN_POINT ( 'NONE',  ( 1.394998557377999937, 2.416208377863999779, -4.153837675521001138 ) ) ;
#5003 = CARTESIAN_POINT ( 'NONE',  ( 2.536372645942911674, -1.954050888729844226, -2.455778609032065685 ) ) ;
#5004 = CARTESIAN_POINT ( 'NONE',  ( -2.397145011305288786, -2.084482938191903667, -2.035523678241664580 ) ) ;
#5005 = CARTESIAN_POINT ( 'NONE',  ( 2.448316844033000095, -1.413536388964000023, -1.459208492376000033 ) ) ;
#5006 = CARTESIAN_POINT ( 'NONE',  ( 3.059267356074999888, 0.000000000000000000, -1.129762307830999957 ) ) ;
#5007 = CARTESIAN_POINT ( 'NONE',  ( 3.500000000000000000, -7.400000000000000355, -13.75000000000000000 ) ) ;
#5008 = CARTESIAN_POINT ( 'NONE',  ( 1.462310321417999992, -2.532795773129000061, -4.466544896262999664 ) ) ;
#5009 = CARTESIAN_POINT ( 'NONE',  ( 2.063187188137999950, 1.910770905142000098, -4.192419951658005850 ) ) ;
#5010 = CARTESIAN_POINT ( 'NONE',  ( -2.212625497377774586, 2.277105297899858272, -3.618506626934011816 ) ) ;
#5011 = CARTESIAN_POINT ( 'NONE',  ( 2.448316844033000095, 1.413536388964000023, -3.391485950141000405 ) ) ;
#5012 = ADVANCED_FACE ( 'NONE', ( #4740 ), #4647, .T. ) ;
#5013 = CARTESIAN_POINT ( 'NONE',  ( -1.769733998381000095, 2.328866382518000044, -1.664541565928999933 ) ) ;
#5014 = CARTESIAN_POINT ( 'NONE',  ( 2.506090335061240459, -1.949771015780164873, -2.544274884924281110 ) ) ;
#5015 = CARTESIAN_POINT ( 'NONE',  ( -3.154360051107775398, 0.4167434090525677370, -1.336669207960922146 ) ) ;
#5016 = CARTESIAN_POINT ( 'NONE',  ( -1.406381770739572268, 2.854058036308182444, -3.563889035041753139 ) ) ;
#5017 = CARTESIAN_POINT ( 'NONE',  ( -2.800417116365000236, 0.000000000000000000, -2.337152776813813393 ) ) ;
#5018 = CARTESIAN_POINT ( 'NONE',  ( 1.400208558182000296, 2.425232363965000193, -3.399486270154000067 ) ) ;
#5019 = EDGE_LOOP ( 'NONE', ( #5576, #2337, #3147 ) ) ;
#5020 = CARTESIAN_POINT ( 'NONE',  ( 3.035286445374000053, 0.3851491644366000222, -4.413352053893000004 ) ) ;
#5021 = CARTESIAN_POINT ( 'NONE',  ( 2.233767088599166062, 2.256321136379938697, -1.674087094704295398 ) ) ;
#5022 = ORIENTED_EDGE ( 'NONE', *, *, #1810, .T. ) ;
#5023 = CARTESIAN_POINT ( 'NONE',  ( 2.478885825275002563, -1.768920180013719756, -1.210012884704618763 ) ) ;
#5024 = CARTESIAN_POINT ( 'NONE',  ( 3.063834454273000052, -0.9482061602393000443, -3.201479791092999960 ) ) ;
#5025 = DIRECTION ( 'NONE',  ( 0.000000000000000000, 1.000000000000000000, 0.000000000000000000 ) ) ;
#5026 = CARTESIAN_POINT ( 'NONE',  ( 0.6208618634615999943, 2.731946370599999785, -2.545761182816999924 ) ) ;
#5027 = ORIENTED_EDGE ( 'NONE', *, *, #5475, .F. ) ;
#5028 = CARTESIAN_POINT ( 'NONE',  ( 3.168855702086000203, 0.4020978407949000188, -3.785318533893999859 ) ) ;
#5029 = CARTESIAN_POINT ( 'NONE',  ( 1.407260792973030972, 2.511135178291218129, -1.115565261282223775 ) ) ;
#5030 = CARTESIAN_POINT ( 'NONE',  ( -3.175000000000035794, 0.2096528276910351873, -2.035336839959316801 ) ) ;
#5031 = DIRECTION ( 'NONE',  ( 1.000000000000000000, 0.000000000000000000, 0.000000000000000000 ) ) ;
#5032 = CARTESIAN_POINT ( 'NONE',  ( -1.219398931011975273, -2.931500061364620713, -1.985437846047257926 ) ) ;
#5033 = CARTESIAN_POINT ( 'NONE',  ( -1.694572249308000211, -2.229957918970999931, -1.648719666599999911 ) ) ;
#5034 = CARTESIAN_POINT ( 'NONE',  ( -2.901717188661999902, -0.3682004880784000012, -3.983052240557999557 ) ) ;
#5035 = CARTESIAN_POINT ( 'NONE',  ( 1.400208558182000296, 2.425232363965000193, -1.349616219795999994 ) ) ;
#5036 = CARTESIAN_POINT ( 'NONE',  ( 1.400208558182000296, -2.425232363965000193, -3.567874839029999912 ) ) ;
#5037 = CARTESIAN_POINT ( 'NONE',  ( 2.805522078389000029, -0.8682627462805000418, -2.650986581663000052 ) ) ;
#5038 = CARTESIAN_POINT ( 'NONE',  ( 3.174999999999999378, -0.4606504021495279044, -3.190082875861861123 ) ) ;
#5039 = CARTESIAN_POINT ( 'NONE',  ( 2.063187188137999950, 1.910770905142000098, -1.370197729436005929 ) ) ;
#5040 = CARTESIAN_POINT ( 'NONE',  ( 2.434350124047162556, -2.039717529317882416, -2.548487160467686863 ) ) ;
#5041 = EDGE_CURVE ( 'NONE', #4214, #3405, #4163, .T. ) ;
#5042 = CARTESIAN_POINT ( 'NONE',  ( -3.077598905566802490, 0.8666091511845913642, -2.851520826541686038 ) ) ;
#5043 = CARTESIAN_POINT ( 'NONE',  ( -0.4149122435839824874, 3.154580987832002581, -3.600725638899896719 ) ) ;
#5044 = CARTESIAN_POINT ( 'NONE',  ( 2.778486331853999847, 0.3525636569632999984, -2.676808269256813144 ) ) ;
#5045 = ADVANCED_FACE ( 'NONE', ( #1602 ), #5344, .T. ) ;
#5046 = CARTESIAN_POINT ( 'NONE',  ( -2.448316844033000095, -1.413536388964000023, -4.516615899784000021 ) ) ;
#5047 = VERTEX_POINT ( 'NONE', #4973 ) ;
#5048 = CARTESIAN_POINT ( 'NONE',  ( -1.529622085458000047, -2.649383168392999810, -3.956103968857000552 ) ) ;
#5049 = ORIENTED_EDGE ( 'NONE', *, *, #251, .F. ) ;
#5050 = VECTOR ( 'NONE', #1642, 1000.000000000000000 ) ;
#5051 = CARTESIAN_POINT ( 'NONE',  ( -1.596953376101000188, -2.766004384726000076, -3.404082986620000195 ) ) ;
#5052 = CARTESIAN_POINT ( 'NONE',  ( -1.628643457875030620, 2.732280795987572564, -4.261255473650482628 ) ) ;
#5053 = CIRCLE ( 'NONE', #90, 2.669999999999999929 ) ;
#5054 = ORIENTED_EDGE ( 'NONE', *, *, #2399, .F. ) ;
#5055 = CARTESIAN_POINT ( 'NONE',  ( 3.063796991514999846, 0.9481945661345000387, -3.765858829571000044 ) ) ;
#5056 = CARTESIAN_POINT ( 'NONE',  ( -0.7447331062011847136, 2.691992574530393867, -1.071075989149628427 ) ) ;
#5057 = CARTESIAN_POINT ( 'NONE',  ( -2.055510326824999900, 1.903661165743000039, -4.003663093270000140 ) ) ;
#5058 = CARTESIAN_POINT ( 'NONE',  ( -2.943177285058562020, -1.190976648995757614, -2.074082215840421295 ) ) ;
#5059 = CARTESIAN_POINT ( 'NONE',  ( -2.686369738734000201, -0.8313870651189000371, -1.720607984199000073 ) ) ;
#5060 = VECTOR ( 'NONE', #4375, 1000.000000000000000 ) ;
#5061 = CARTESIAN_POINT ( 'NONE',  ( -0.3279759637102762082, 0.2319843495646808640, -2.799999999999999378 ) ) ;
#5062 = CARTESIAN_POINT ( 'NONE',  ( -0.6508218154640000863, -2.863777599015000064, -3.845999943642000041 ) ) ;
#5063 = DIRECTION ( 'NONE',  ( -1.000000000000000000, 0.000000000000000000, 0.000000000000000000 ) ) ;
#5064 = CARTESIAN_POINT ( 'NONE',  ( 1.694572249308000211, -2.229957918970999931, -4.260308109250999564 ) ) ;
#5065 = CARTESIAN_POINT ( 'NONE',  ( 0.6508234437558000351, -2.863784763902999853, -2.768579174256000641 ) ) ;
#5066 = PRODUCT_DEFINITION ( 'UNKNOWN', '', #1488, #5625 ) ;
#5067 = CARTESIAN_POINT ( 'NONE',  ( 1.083914082544999991, 2.582521575934999980, -2.030049009998005527 ) ) ;
#5068 = CARTESIAN_POINT ( 'NONE',  ( 2.392128128560718103, -2.088312726245549644, -2.550841242268167441 ) ) ;
#5069 = B_SPLINE_CURVE_WITH_KNOTS ( 'NONE', 3,
 ( #3507, #3446, #5269, #2584, #3911, #3039, #4802, #1751, #3067, #5556, #1117, #2461, #1999, #3762, #1546, #3791, #5530, #1575, #3818, #5616, #5584, #4225, #2913, #4253, #2863, #4675, #3326, #2058, #3351, #2520, #332, #1631, #1601, #740 ),
 .UNSPECIFIED., .F., .F.,
 ( 4, 2, 2, 2, 2, 2, 2, 2, 2, 2, 2, 2, 2, 2, 2, 2, 4 ),
 ( 0.002097082229656628462, 0.002719624881615692255, 0.003342167533574755614, 0.003964710185533818973, 0.004587252837492883199, 0.005209795489451947426, 0.005832338141411010785, 0.006454880793370074143, 0.007077423445329137502, 0.007699966097288200861, 0.008322508749247265955, 0.008945051401206329314, 0.009567594053165392673, 0.01019013670512445603, 0.01081267935708352113, 0.01143522200904258448, 0.01205776466100164784 ),
 .UNSPECIFIED. ) ;
#5070 = DIRECTION ( 'NONE',  ( -0.000000000000000000, -1.000000000000000000, -0.000000000000000000 ) ) ;
#5071 = CARTESIAN_POINT ( 'NONE',  ( -2.923449604850817174, 1.238642869637188282, -2.161001781071809624 ) ) ;
#5072 = CARTESIAN_POINT ( 'NONE',  ( 2.063187188137999950, -1.910770905142000098, -3.480496713081813631 ) ) ;
#5073 = CARTESIAN_POINT ( 'NONE',  ( -2.778486331853999847, 0.3525636569632000228, -3.882978925859000174 ) ) ;
#5074 = EDGE_LOOP ( 'NONE', ( #5081, #2230, #5262, #1227, #478 ) ) ;
#5075 = CARTESIAN_POINT ( 'NONE',  ( 2.556904091329999851, 1.476229265421000303, -1.467933785152000015 ) ) ;
#5076 = CARTESIAN_POINT ( 'NONE',  ( -3.030975115061112390, -0.9470220437859132590, -3.494613611176860868 ) ) ;
#5077 = ORIENTED_EDGE ( 'NONE', *, *, #4618, .T. ) ;
#5078 = CARTESIAN_POINT ( 'NONE',  ( 1.596953376101000188, 2.766004384726000076, -3.756860764397000008 ) ) ;
#5079 = AXIS2_PLACEMENT_3D ( 'NONE', #402, #1234, #1202 ) ;
#5080 = CARTESIAN_POINT ( 'NONE',  ( 0.4000000000000000222, 4.898587196589413075E-17, -0.3857864376269000695 ) ) ;
#5081 = ORIENTED_EDGE ( 'NONE', *, *, #929, .F. ) ;
#5082 = CARTESIAN_POINT ( 'NONE',  ( 2.253876160782000149, -2.087372884330000122, -1.689262719940000101 ) ) ;
#5083 = CARTESIAN_POINT ( 'NONE',  ( -2.439206963470999856, 1.408276796968999989, -3.977448786631999855 ) ) ;
#5084 = CARTESIAN_POINT ( 'NONE',  ( -2.677515858339150956, -0.8217287355455015208, -4.528909643421319409 ) ) ;
#5085 = EDGE_CURVE ( 'NONE', #1963, #3723, #3120, .T. ) ;
#5086 = B_SPLINE_CURVE_WITH_KNOTS ( 'NONE', 3,
 ( #2668, #2181, #5387, #1753, #5272, #1373, #4434, #4000, #1430, #48, #3509, #1322, #459, #4889, #3972, #2698, #4460, #1943, #160, #1457, #4167, #4111, #5469, #4567, #5523, #995 ),
 .UNSPECIFIED., .F., .F.,
 ( 4, 2, 2, 2, 2, 2, 2, 2, 2, 2, 2, 2, 4 ),
 ( 0.7470535955572427111, 0.7628627458349149792, 0.7786718961125872474, 0.8102901966679317836, 0.8260993469456040517, 0.8419084972232763198, 0.8735267977786209670, 0.8814313729174571010, 0.8893359480562932351, 0.9051450983339656142, 0.9367633988893104835, 0.9683816994446552417, 1.000000000000000000 ),
 .UNSPECIFIED. ) ;
#5087 = CARTESIAN_POINT ( 'NONE',  ( -2.247641599557640202, -2.242483507537780252, -2.027562365777358266 ) ) ;
#5088 = CARTESIAN_POINT ( 'NONE',  ( -2.063187188137999950, 1.910770905142000098, -1.838200576792000218 ) ) ;
#5089 = CARTESIAN_POINT ( 'NONE',  ( 0.000000000000000000, 0.000000000000000000, 2.259920353756999845 ) ) ;
#5090 = CARTESIAN_POINT ( 'NONE',  ( -2.556904091329999851, 1.476229265421000303, -4.054970822189000401 ) ) ;
#5091 = CARTESIAN_POINT ( 'NONE',  ( 2.686369738734000201, -0.8313870651189000371, -1.499790802047999971 ) ) ;
#5092 = CARTESIAN_POINT ( 'NONE',  ( -2.686369738734000201, -0.8313870651189000371, -4.476033590112000304 ) ) ;
#5093 = ADVANCED_FACE ( 'NONE', ( #4541 ), #1518, .F. ) ;
#5094 = CARTESIAN_POINT ( 'NONE',  ( -2.901724448471000084, 0.3682014092795999893, -2.984304655117000049 ) ) ;
#5095 = CARTESIAN_POINT ( 'NONE',  ( -2.778486331853999847, -0.3525636569632999984, -1.794863824813005770 ) ) ;
#5096 = CARTESIAN_POINT ( 'NONE',  ( -3.175012868634118135, -1.583771045052898140E-06, -2.822192435706963654 ) ) ;
#5097 = DIRECTION ( 'NONE',  ( 0.000000000000000000, 1.000000000000000000, 0.000000000000000000 ) ) ;
#5098 = CARTESIAN_POINT ( 'NONE',  ( 7.837739514543060427E-17, -9.210193359837999694, -12.33999999999999986 ) ) ;
#5099 = CARTESIAN_POINT ( 'NONE',  ( -0.6231825505960999489, -2.742157970261000166, -1.481422639006982456 ) ) ;
#5100 = CARTESIAN_POINT ( 'NONE',  ( 0.000000000000000000, -2.827072777928000047, -4.399023307191000320 ) ) ;
#5101 = ORIENTED_EDGE ( 'NONE', *, *, #5302, .F. ) ;
#5102 = CARTESIAN_POINT ( 'NONE',  ( 2.154693243804000069, -1.995517025035999703, -1.611740684383000000 ) ) ;
#5103 = CARTESIAN_POINT ( 'NONE',  ( -3.159284121324118733, -0.3777678990656446745, -3.515221214599213440 ) ) ;
#5104 = VERTEX_POINT ( 'NONE', #5442 ) ;
#5105 = CARTESIAN_POINT ( 'NONE',  ( -1.694572249308000211, -2.229957918970999931, -4.337348656204000008 ) ) ;
#5106 = CARTESIAN_POINT ( 'NONE',  ( -1.236216021826999967, 2.945394473874999974, -2.946834901583999855 ) ) ;
#5107 = CARTESIAN_POINT ( 'NONE',  ( -1.021098847896074080, -3.013593561858579406, -1.889966688905292402 ) ) ;
#5108 = EDGE_LOOP ( 'NONE', ( #2400, #2993, #4 ) ) ;
#5109 = CARTESIAN_POINT ( 'NONE',  ( 1.184094262037999945, 2.821209751675000543, -1.473537239077999939 ) ) ;
#5110 = CARTESIAN_POINT ( 'NONE',  ( -0.1726605131134812954, 0.3610797180614183643, -1.800000000000000711 ) ) ;
#5111 = CARTESIAN_POINT ( 'NONE',  ( 3.500000000000000000, -3.600000000000000533, -15.19999999999999929 ) ) ;
#5112 = CARTESIAN_POINT ( 'NONE',  ( 2.239274824745396408, -2.250838931720932301, -1.853389933023104508 ) ) ;
#5113 = CARTESIAN_POINT ( 'NONE',  ( 1.083914082544999991, 2.582521575934999980, -1.269697318153000021 ) ) ;
#5114 = EDGE_CURVE ( 'NONE', #2345, #4934, #1275, .T. ) ;
#5115 = CARTESIAN_POINT ( 'NONE',  ( 0.3976596100354143903, 0.05028435691984752681, -2.799999999999999378 ) ) ;
#5116 = CARTESIAN_POINT ( 'NONE',  ( 1.932654795978000051, -2.543260618536000273, -1.786244459820000019 ) ) ;
#5117 = CARTESIAN_POINT ( 'NONE',  ( 2.055510326824999900, 1.903661165743000039, -1.364197442957000073 ) ) ;
#5118 = CARTESIAN_POINT ( 'NONE',  ( -1.083914082544999991, 2.582521575934999980, -1.950701468094000024 ) ) ;
#5119 = CARTESIAN_POINT ( 'NONE',  ( 1.083914082544999991, 2.582521575934999980, -3.319567368510000005 ) ) ;
#5120 = CARTESIAN_POINT ( 'NONE',  ( -0.6508234437558000351, 2.863784763902999853, -3.121356952034000098 ) ) ;
#5121 = CARTESIAN_POINT ( 'NONE',  ( 1.694572249308000211, -2.229957918970999931, -1.559678639628005348 ) ) ;
#5122 = CARTESIAN_POINT ( 'NONE',  ( 3.500000000000000000, -7.400000000000000355, -8.199999999999999289 ) ) ;
#5123 = CARTESIAN_POINT ( 'NONE',  ( -2.049999999999999822, -7.400000000000000355, -15.19999999999999929 ) ) ;
#5124 = DIRECTION ( 'NONE',  ( 0.000000000000000000, 0.000000000000000000, 1.000000000000000000 ) ) ;
#5125 = CARTESIAN_POINT ( 'NONE',  ( 1.694572249308000211, 2.229957918970999931, -1.174349136222813339 ) ) ;
#5126 = CARTESIAN_POINT ( 'NONE',  ( 2.686369738734000201, 0.8313870651189000371, -4.190052428643999960 ) ) ;
#5127 = CARTESIAN_POINT ( 'NONE',  ( -2.768139447978999801, 0.3512507351845000070, -2.356280272624999839 ) ) ;
#5128 = EDGE_LOOP ( 'NONE', ( #1538, #4158, #4538, #5200 ) ) ;
#5129 = CARTESIAN_POINT ( 'NONE',  ( 2.901717188661999902, -0.3682004880784000012, -2.245407922338999995 ) ) ;
#5130 = CARTESIAN_POINT ( 'NONE',  ( -2.245313408320356086, -2.244814635945926451, -3.438555773348985323 ) ) ;
#5131 = EDGE_LOOP ( 'NONE', ( #4699, #5607, #2257, #177 ) ) ;
#5132 = CARTESIAN_POINT ( 'NONE',  ( -1.083914082544999991, -2.582521575934999980, -4.311104085533999708 ) ) ;
#5133 = CARTESIAN_POINT ( 'NONE',  ( -2.353087849929000441, -2.179255390271000348, -4.142220531833999964 ) ) ;
#5134 = CARTESIAN_POINT ( 'NONE',  ( -0.3485256161429343136, -0.1968737890391736856, -1.800000000000000488 ) ) ;
#5135 = ORIENTED_EDGE ( 'NONE', *, *, #5343, .T. ) ;
#5136 = CARTESIAN_POINT ( 'NONE',  ( -3.059244170917000183, 0.000000000000000000, -1.957029894783000268 ) ) ;
#5137 = CARTESIAN_POINT ( 'NONE',  ( 0.3672345404958009540, 0.1590168331967623805, -1.800000000000000488 ) ) ;
#5138 = CARTESIAN_POINT ( 'NONE',  ( -2.500000000000000000, 1.836970198721029688E-16, -1.800000000000000266 ) ) ;
#5139 = AXIS2_PLACEMENT_3D ( 'NONE', #5089, #1143, #2888 ) ;
#5140 = CARTESIAN_POINT ( 'NONE',  ( 1.193183834142115263, 3.400000000045732662, -15.19999999999999929 ) ) ;
#5141 = EDGE_CURVE ( 'NONE', #2173, #2971, #736, .T. ) ;
#5142 = CARTESIAN_POINT ( 'NONE',  ( -2.221027912019999828, 2.092159389427000526, -4.390582057439999630 ) ) ;
#5143 = DIRECTION ( 'NONE',  ( -1.000000000000000000, -0.000000000000000000, -0.000000000000000000 ) ) ;
#5144 = CARTESIAN_POINT ( 'NONE',  ( 2.800417116365000236, 0.000000000000000000, -2.105967751635000162 ) ) ;
#5145 = VECTOR ( 'NONE', #1460, 1000.000000000000000 ) ;
#5146 = CARTESIAN_POINT ( 'NONE',  ( 0.1726605131134797966, 0.3610797180614187529, -2.799999999999999822 ) ) ;
#5147 = CARTESIAN_POINT ( 'NONE',  ( 0.7107379137545000169, 3.127423309756999892, -1.531599570310999914 ) ) ;
#5148 = CARTESIAN_POINT ( 'NONE',  ( 2.636270706021036858, -1.769381716176127606, -3.241680063235979681 ) ) ;
#5149 = CARTESIAN_POINT ( 'NONE',  ( -2.055510326824999900, -1.903661165743000039, -2.422530776291000443 ) ) ;
#5150 = AXIS2_PLACEMENT_3D ( 'NONE', #2932, #2074, #3366 ) ;
#5151 = CARTESIAN_POINT ( 'NONE',  ( -2.727048775545999781, -0.6199368324617999804, -1.090442524169999983 ) ) ;
#5152 = CARTESIAN_POINT ( 'NONE',  ( -1.694572249308000211, 2.229957918970999931, -1.724067048496999988 ) ) ;
#5153 = AXIS2_PLACEMENT_3D ( 'NONE', #23, #1784, #372 ) ;
#5154 = CARTESIAN_POINT ( 'NONE',  ( 1.462313979973999922, -2.532802109932999812, -2.735997184597000143 ) ) ;
#5155 = CARTESIAN_POINT ( 'NONE',  ( 0.000000000000000000, 2.827072777928000047, -1.984374999037005205 ) ) ;
#5156 = CARTESIAN_POINT ( 'NONE',  ( 2.049999999999999822, -7.400000000000000355, -9.650000000000000355 ) ) ;
#5157 = ADVANCED_FACE ( 'NONE', ( #1262 ), #4735, .T. ) ;
#5158 = CARTESIAN_POINT ( 'NONE',  ( 2.853113954819375131, 1.408359918639405350, -1.624622211632744229 ) ) ;
#5159 = DIRECTION ( 'NONE',  ( 0.000000000000000000, 0.000000000000000000, 1.000000000000000000 ) ) ;
#5160 = CARTESIAN_POINT ( 'NONE',  ( 0.6231825505962000911, 2.742157970261000166, -1.834200416784813825 ) ) ;
#5161 = CARTESIAN_POINT ( 'NONE',  ( -2.232306720222000607, 1.688994620302000094, -4.648786565763000311 ) ) ;
#5162 = CARTESIAN_POINT ( 'NONE',  ( 0.6208618634615999943, -2.731946370599999785, -2.140554791762999898 ) ) ;
#5163 = VERTEX_POINT ( 'NONE', #2054 ) ;
#5164 = CARTESIAN_POINT ( 'NONE',  ( 1.769729570691999987, -2.328860555939999966, -1.631200388706000037 ) ) ;
#5165 = CARTESIAN_POINT ( 'NONE',  ( -2.605412111407642506, -1.821024844241117213, -3.458937580481104224 ) ) ;
#5166 = ORIENTED_EDGE ( 'NONE', *, *, #188, .F. ) ;
#5167 = CARTESIAN_POINT ( 'NONE',  ( -1.083914082544999991, -2.582521575934999980, -3.605548529978999994 ) ) ;
#5168 = CARTESIAN_POINT ( 'NONE',  ( -0.7107466043442001169, -3.127461550510000077, -4.077056552516999943 ) ) ;
#5169 = DIRECTION ( 'NONE',  ( 1.000000000000000000, -0.000000000000000000, 0.000000000000000000 ) ) ;
#5170 = AXIS2_PLACEMENT_3D ( 'NONE', #1200, #2944, #4707 ) ;
#5171 = EDGE_CURVE ( 'NONE', #3961, #4188, #2024, .T. ) ;
#5172 = ORIENTED_EDGE ( 'NONE', *, *, #3142, .F. ) ;
#5173 = CARTESIAN_POINT ( 'NONE',  ( -2.253876160782000149, 2.087372884330000122, -2.042040497717000136 ) ) ;
#5174 = CARTESIAN_POINT ( 'NONE',  ( 2.500000000000000444, 0.3272492347489367459, -0.000000000000000000 ) ) ;
#5175 = LINE ( 'NONE', #2490, #197 ) ;
#5176 = AXIS2_PLACEMENT_3D ( 'NONE', #483, #4885, #2205 ) ;
#5177 = CARTESIAN_POINT ( 'NONE',  ( -1.071565947897260408E-16, 3.400000000036673242, -15.20000000002491980 ) ) ;
#5178 = CARTESIAN_POINT ( 'NONE',  ( -1.184103235959000022, 2.821231132837000111, -3.729921630201999960 ) ) ;
#5179 = CARTESIAN_POINT ( 'NONE',  ( 2.243818147280544739, -2.246309223677796840, -1.853178760337670594 ) ) ;
#5180 = CARTESIAN_POINT ( 'NONE',  ( -0.1217131053530312867, 0.3819822651081090092, -2.799999999999999822 ) ) ;
#5181 = CARTESIAN_POINT ( 'NONE',  ( 0.000000000000000000, -7.400000000000000355, -7.599999999999999645 ) ) ;
#5182 = CARTESIAN_POINT ( 'NONE',  ( 2.228522092042702241, -2.261501285735421973, -3.264996269230110215 ) ) ;
#5183 = CARTESIAN_POINT ( 'NONE',  ( -2.768147931949000107, 0.3512518117201999801, -1.815108109003999992 ) ) ;
#5184 = DIRECTION ( 'NONE',  ( 0.000000000000000000, 1.000000000000000000, 0.000000000000000000 ) ) ;
#5185 = CARTESIAN_POINT ( 'NONE',  ( 1.694572249308000211, 2.229957918970999931, -2.773849616241999883 ) ) ;
#5186 = CARTESIAN_POINT ( 'NONE',  ( 2.396200150168533494, 2.085582414432087361, -3.093805113245693406 ) ) ;
#5187 = CARTESIAN_POINT ( 'NONE',  ( 0.000000000000000000, 2.827072777928000047, -1.795985630128000166 ) ) ;
#5188 = CARTESIAN_POINT ( 'NONE',  ( -2.901724448471000084, 0.3682014092797000759, -4.395415766228000010 ) ) ;
#5189 = CARTESIAN_POINT ( 'NONE',  ( -2.778486331853999847, 0.3525636569632001338, -3.232219506593995817 ) ) ;
#5190 = CARTESIAN_POINT ( 'NONE',  ( -3.500000000000000000, -3.600000000000000533, -8.199999999999999289 ) ) ;
#5191 = CARTESIAN_POINT ( 'NONE',  ( -0.3518554655584749669, 3.155399893819593959, -4.308499467675234840 ) ) ;
#5192 = CARTESIAN_POINT ( 'NONE',  ( -3.174999999999999822, 3.888253587292846081E-16, 2.259920353756999845 ) ) ;
#5193 = CARTESIAN_POINT ( 'NONE',  ( 2.686369738734000201, -0.8313870651189000371, -1.311401433138813744 ) ) ;
#5194 = ADVANCED_FACE ( 'NONE', ( #2457 ), #1720, .F. ) ;
#5195 = CARTESIAN_POINT ( 'NONE',  ( 2.063187188137999950, 1.910770905142000098, -1.954160532391999716 ) ) ;
#5196 = CARTESIAN_POINT ( 'NONE',  ( -1.394994281911000167, 2.416200972537000169, -3.166306135437999991 ) ) ;
#5197 = ORIENTED_EDGE ( 'NONE', *, *, #251, .T. ) ;
#5198 = CARTESIAN_POINT ( 'NONE',  ( 1.462310321417999992, -2.532795773129000061, -1.644322674040999965 ) ) ;
#5199 = FACE_OUTER_BOUND ( 'NONE', #2630, .T. ) ;
#5200 = ORIENTED_EDGE ( 'NONE', *, *, #4663, .F. ) ;
#5201 = CARTESIAN_POINT ( 'NONE',  ( -0.6231825505960999489, -2.742157970261000166, -4.291644381211000336 ) ) ;
#5202 = CARTESIAN_POINT ( 'NONE',  ( -0.5513875572241598855, -2.797698994712713993, -4.502822879812465651 ) ) ;
#5203 = CARTESIAN_POINT ( 'NONE',  ( 3.174999999999999822, 0.1853409595937796639, -2.463376096160968309 ) ) ;
#5204 = CARTESIAN_POINT ( 'NONE',  ( -1.532993250556558218, -2.780360412512925983, -1.291531227331528253 ) ) ;
#5205 = EDGE_LOOP ( 'NONE', ( #3026, #5572, #903, #5197 ) ) ;
#5206 = CARTESIAN_POINT ( 'NONE',  ( 2.674601219188000201, 1.544181733873000173, -1.545455820708999894 ) ) ;
#5207 = FACE_BOUND ( 'NONE', #214, .T. ) ;
#5208 = CARTESIAN_POINT ( 'NONE',  ( 2.522504748128925556, 1.939248688046657287, -2.307076491076855529 ) ) ;
#5209 = CARTESIAN_POINT ( 'NONE',  ( -2.049999999999999822, -7.400000000000000355, -7.599999999999999645 ) ) ;
#5210 = CARTESIAN_POINT ( 'NONE',  ( 1.236216021826999967, -2.945394473874999974, -1.182946012694999993 ) ) ;
#5211 = CARTESIAN_POINT ( 'NONE',  ( 2.286972149080050087, -2.204813159792196497, -1.851021712336373248 ) ) ;
#5212 = CARTESIAN_POINT ( 'NONE',  ( 1.596933849498999969, -2.765970563658000092, -1.799366745154999947 ) ) ;
#5213 = CARTESIAN_POINT ( 'NONE',  ( -0.01094315432699165085, -3.174985566875025089, -3.351793812702031694 ) ) ;
#5214 = CARTESIAN_POINT ( 'NONE',  ( -0.6208637663186999944, 2.731954743643000061, -1.952160405919999953 ) ) ;
#5215 = CARTESIAN_POINT ( 'NONE',  ( 0.9386890552917138697, 2.317161253888336603, -1.800000000000000266 ) ) ;
#5216 = CARTESIAN_POINT ( 'NONE',  ( -2.448316844033000095, -1.413536388964000023, -2.466745849426000170 ) ) ;
#5217 = CARTESIAN_POINT ( 'NONE',  ( -1.400208558182000296, 2.425232363965000193, -1.031633778276999980 ) ) ;
#5218 = CARTESIAN_POINT ( 'NONE',  ( 1.184103235959000022, 2.821231132837000111, -0.9990474299034001193 ) ) ;
#5219 = CARTESIAN_POINT ( 'NONE',  ( -2.686369738734000201, -0.8313870651189000371, -2.480959676045006557 ) ) ;
#5220 = CARTESIAN_POINT ( 'NONE',  ( 1.555193491022542451, -2.477331291316076989, -4.459995812000601134 ) ) ;
#5221 = CARTESIAN_POINT ( 'NONE',  ( 3.500000000000000000, -3.600000000000000533, -15.19999999999999929 ) ) ;
#5222 = CARTESIAN_POINT ( 'NONE',  ( -2.063187188137999950, -1.910770905142000098, -1.546586618323982254 ) ) ;
#5223 = CARTESIAN_POINT ( 'NONE',  ( 1.400208558182000296, 2.425232363965000193, -1.921578542733999972 ) ) ;
#5224 = CARTESIAN_POINT ( 'NONE',  ( -1.079877664222000044, -2.572904450759999850, -4.329109776029000045 ) ) ;
#5225 = ORIENTED_EDGE ( 'NONE', *, *, #5114, .T. ) ;
#5226 = VERTEX_POINT ( 'NONE', #5236 ) ;
#5227 = EDGE_CURVE ( 'NONE', #681, #4367, #5175, .T. ) ;
#5228 = CARTESIAN_POINT ( 'NONE',  ( 2.800417116365000236, 0.000000000000000000, -4.089041185684000546 ) ) ;
#5229 = CARTESIAN_POINT ( 'NONE',  ( -2.789988563821000245, 0.000000000000000000, -1.637602431734000108 ) ) ;
#5230 = ADVANCED_FACE ( 'NONE', ( #4248 ), #1291, .F. ) ;
#5231 = CARTESIAN_POINT ( 'NONE',  ( -3.063834454273000052, -0.9482061602394000754, -4.194649145109000443 ) ) ;
#5232 = DIRECTION ( 'NONE',  ( 0.000000000000000000, 1.000000000000000000, 0.000000000000000000 ) ) ;
#5233 = VERTEX_POINT ( 'NONE', #3787 ) ;
#5234 = CARTESIAN_POINT ( 'NONE',  ( 2.674601219188000201, -1.544181733873000173, -3.074159524413000000 ) ) ;
#5235 = DIRECTION ( 'NONE',  ( 0.000000000000000000, 0.000000000000000000, 1.000000000000000000 ) ) ;
#5236 = CARTESIAN_POINT ( 'NONE',  ( -2.502926139018501139, 1.953525429044675965, -4.308357230147122685 ) ) ;
#5237 = CARTESIAN_POINT ( 'NONE',  ( -2.934678266330999818, 0.9082344532598000120, -4.337344297489000411 ) ) ;
#5238 = CARTESIAN_POINT ( 'NONE',  ( 0.000000000000000000, -7.400000000000000355, -13.75000000000000000 ) ) ;
#5239 = CARTESIAN_POINT ( 'NONE',  ( -2.778486331853999847, -0.3525636569632999984, -3.151178799634000161 ) ) ;
#5240 = CARTESIAN_POINT ( 'NONE',  ( -2.792298347047000640, 1.612134202325000265, -2.093348226637000042 ) ) ;
#5241 = CARTESIAN_POINT ( 'NONE',  ( -1.236764467786946708, -2.924228501092361210, -3.397144016142128464 ) ) ;
#5242 = CARTESIAN_POINT ( 'NONE',  ( -1.394998557377999937, -2.416208377863999779, -1.684393231077000008 ) ) ;
#5243 = CARTESIAN_POINT ( 'NONE',  ( 0.9997911049710304088, 2.291518291723502188, -1.800000000000000044 ) ) ;
#5244 = CARTESIAN_POINT ( 'NONE',  ( -2.800417116365000236, 1.273980920756999994E-14, -3.231097701277999779 ) ) ;
#5245 = VECTOR ( 'NONE', #1230, 1000.000000000000000 ) ;
#5246 = CARTESIAN_POINT ( 'NONE',  ( -2.032928977396999848, 1.915322465110000039, -4.594445725106999667 ) ) ;
#5247 = CARTESIAN_POINT ( 'NONE',  ( -1.769733998381000095, 2.328866382518000044, -3.781208232596000141 ) ) ;
#5248 = AXIS2_PLACEMENT_3D ( 'NONE', #469, #1732, #438 ) ;
#5249 = CARTESIAN_POINT ( 'NONE',  ( -2.063187188137999950, -1.910770905142000098, -2.428531062769005544 ) ) ;
#5250 = CARTESIAN_POINT ( 'NONE',  ( 0.000000000000000000, 0.000000000000000000, 2.259920353756999845 ) ) ;
#5251 = CARTESIAN_POINT ( 'NONE',  ( 2.527472607617530898, 1.924399020724173903, -3.806979581572805138 ) ) ;
#5252 = VECTOR ( 'NONE', #3502, 1000.000000000000000 ) ;
#5253 = CARTESIAN_POINT ( 'NONE',  ( -2.778486331853999847, 0.3525636569632999984, -0.9939600873278000570 ) ) ;
#5254 = CARTESIAN_POINT ( 'NONE',  ( -1.688261783756999979, -2.221653715575000021, -3.649798791143000098 ) ) ;
#5255 = DIRECTION ( 'NONE',  ( 0.000000000000000000, 0.000000000000000000, -1.000000000000000000 ) ) ;
#5256 = ORIENTED_EDGE ( 'NONE', *, *, #2817, .F. ) ;
#5257 = CARTESIAN_POINT ( 'NONE',  ( -1.015847046364759088, -3.015277848270186745, -2.683548552597195158 ) ) ;
#5258 = CARTESIAN_POINT ( 'NONE',  ( -1.750883169041836940, -2.176172285514347937, -4.528931546091580884 ) ) ;
#5259 = CARTESIAN_POINT ( 'NONE',  ( -0.4000000000000001332, -0.02534302217852339376, -2.800000000000000266 ) ) ;
#5260 = CARTESIAN_POINT ( 'NONE',  ( -3.174999999999998046, 3.295634597378643049E-15, -1.322916664739760773 ) ) ;
#5261 = B_SPLINE_CURVE_WITH_KNOTS ( 'NONE', 3,
 ( #2958, #2503, #4262, #4234 ),
 .UNSPECIFIED., .F., .F.,
 ( 4, 4 ),
 ( -0.07060582235669592144, -0.06969392741502468402 ),
 .UNSPECIFIED. ) ;
#5262 = ORIENTED_EDGE ( 'NONE', *, *, #223, .F. ) ;
#5263 = CARTESIAN_POINT ( 'NONE',  ( 1.529622085458000047, -2.649383168392999810, -3.132955820708999806 ) ) ;
#5264 = CARTESIAN_POINT ( 'NONE',  ( -1.193183834140764565, 3.400000000045732218, -8.199999999999999289 ) ) ;
#5265 = CARTESIAN_POINT ( 'NONE',  ( 2.291518291723594114, -0.9997911049709387044, -1.800000000000000266 ) ) ;
#5266 = CARTESIAN_POINT ( 'NONE',  ( -3.035309448962999923, -0.3851520833747000272, -4.291640022495999851 ) ) ;
#5267 = DIRECTION ( 'NONE',  ( 0.000000000000000000, 0.000000000000000000, 1.000000000000000000 ) ) ;
#5268 = CARTESIAN_POINT ( 'NONE',  ( -2.448316844033000095, 1.413536388964000023, -3.223097381265000116 ) ) ;
#5269 = CARTESIAN_POINT ( 'NONE',  ( -3.154765308427530002, -0.4137348981325232877, -4.219684757238902684 ) ) ;
#5270 = CARTESIAN_POINT ( 'NONE',  ( 1.001976279723999936E-14, 3.224268404651000175, -2.916496374784999901 ) ) ;
#5271 = VECTOR ( 'NONE', #3374, 1000.000000000000000 ) ;
#5272 = CARTESIAN_POINT ( 'NONE',  ( -3.154089518195296371, -0.3706283977884060055, -1.398793427889863494 ) ) ;
#5273 = CARTESIAN_POINT ( 'NONE',  ( -2.789997114755999874, 0.000000000000000000, -3.213096934779999803 ) ) ;
#5274 = CARTESIAN_POINT ( 'NONE',  ( 0.000000000000000000, 2.827072777928000047, -2.701931034610999927 ) ) ;
#5275 = CARTESIAN_POINT ( 'NONE',  ( 0.6231825505962000911, 2.742157970261000166, -2.527755492322000030 ) ) ;
#5276 = CARTESIAN_POINT ( 'NONE',  ( -2.331368710815000078, 1.763835860685000201, -4.455664306286999832 ) ) ;
#5277 = CARTESIAN_POINT ( 'NONE',  ( 2.800417116365000236, 0.000000000000000000, -2.866319443481006424 ) ) ;
#5278 = FACE_OUTER_BOUND ( 'NONE', #3500, .T. ) ;
#5279 = DIRECTION ( 'NONE',  ( 1.000000000000000000, -0.000000000000000000, 0.000000000000000000 ) ) ;
#5280 = EDGE_CURVE ( 'NONE', #3671, #1073, #3227, .T. ) ;
#5281 = CARTESIAN_POINT ( 'NONE',  ( 0.6231825505962000911, -2.742157970261000166, -1.483790162021999981 ) ) ;
#5282 = CARTESIAN_POINT ( 'NONE',  ( 2.789988563821000245, 0.000000000000000000, -3.401491320623000192 ) ) ;
#5283 = CARTESIAN_POINT ( 'NONE',  ( 1.640839742333022766, 2.135110469203141736, 0.000000000000000000 ) ) ;
#5284 = ORIENTED_EDGE ( 'NONE', *, *, #2960, .T. ) ;
#5285 = CARTESIAN_POINT ( 'NONE',  ( -2.098068194669669317, -2.392037745426553563, -2.725563289025229707 ) ) ;
#5286 = CARTESIAN_POINT ( 'NONE',  ( -1.688261783756999979, 2.221653715575000021, -1.742072738992000103 ) ) ;
#5287 = CARTESIAN_POINT ( 'NONE',  ( 3.030031438266900246, 0.9500176585461436174, -2.436163672644190203 ) ) ;
#5288 = CARTESIAN_POINT ( 'NONE',  ( -2.493990027155999822, 1.301844352175999919, -4.507586223840813311 ) ) ;
#5289 = ORIENTED_EDGE ( 'NONE', *, *, #2048, .T. ) ;
#5290 = CARTESIAN_POINT ( 'NONE',  ( -0.6807798646093000672, -2.995600454385999978, -2.512410868088000626 ) ) ;
#5291 = DIRECTION ( 'NONE',  ( -0.000000000000000000, 1.000000000000000000, 0.000000000000000000 ) ) ;
#5292 = ORIENTED_EDGE ( 'NONE', *, *, #3382, .F. ) ;
#5293 = LINE ( 'NONE', #100, #4698 ) ;
#5294 = CARTESIAN_POINT ( 'NONE',  ( 0.7107466043442001169, 3.127461550510000077, -2.313167663628000081 ) ) ;
#5295 = CARTESIAN_POINT ( 'NONE',  ( 3.012072930330511156, -1.025252079134878924, -3.122808085482618790 ) ) ;
#5296 = CARTESIAN_POINT ( 'NONE',  ( -0.6231825505962000911, 2.742157970261000166, -2.608920111664000174 ) ) ;
#5297 = CARTESIAN_POINT ( 'NONE',  ( -2.253893242280999853, -2.087388703947000046, -3.514196149341000108 ) ) ;
#5298 = CARTESIAN_POINT ( 'NONE',  ( -2.792298347047000640, 1.612134202325000265, -3.504459337748000447 ) ) ;
#5299 = CARTESIAN_POINT ( 'NONE',  ( -0.3495021827118648394, -2.669999999999999485, -0.000000000000000000 ) ) ;
#5300 = CARTESIAN_POINT ( 'NONE',  ( 2.676374093144000543, -0.8282935779004000354, -3.598456702217000203 ) ) ;
#5301 = CARTESIAN_POINT ( 'NONE',  ( 0.6250002717121746487, 2.441422732939910745, -1.800000000000000711 ) ) ;
#5302 = EDGE_CURVE ( 'NONE', #4109, #5233, #4670, .T. ) ;
#5303 =( LENGTH_UNIT ( ) NAMED_UNIT ( * ) SI_UNIT ( .MILLI., .METRE. ) );
#5304 = CARTESIAN_POINT ( 'NONE',  ( -1.083914082544999991, 2.582521575934999980, -2.656257023649999827 ) ) ;
#5305 = EDGE_CURVE ( 'NONE', #2145, #325, #3408, .T. ) ;
#5306 = CARTESIAN_POINT ( 'NONE',  ( 1.400208558182000296, -2.425232363965000193, -2.795522667165000197 ) ) ;
#5307 = CARTESIAN_POINT ( 'NONE',  ( -2.123279718726999832, 2.000082743612999980, -4.468113230502999578 ) ) ;
#5308 = CARTESIAN_POINT ( 'NONE',  ( -1.769729570691999987, -2.328860555939999966, -2.480593107524000196 ) ) ;
#5309 = CARTESIAN_POINT ( 'NONE',  ( 2.448316844033000095, 1.413536388964000023, -3.513078702740005443 ) ) ;
#5310 = DIRECTION ( 'NONE',  ( 0.000000000000000000, 0.000000000000000000, 1.000000000000000000 ) ) ;
#5311 = CARTESIAN_POINT ( 'NONE',  ( 2.245026800425665936, 2.245101271106669572, -3.791319070009917080 ) ) ;
#5312 = CARTESIAN_POINT ( 'NONE',  ( 2.686369738734000201, 0.8313870651189000371, -2.712144701222999998 ) ) ;
#5313 = CARTESIAN_POINT ( 'NONE',  ( 2.768139447978999801, -0.3512507351845000070, -4.120169161514000145 ) ) ;
#5314 = CARTESIAN_POINT ( 'NONE',  ( -3.028932312043225661, -0.9534874748077044604, -2.788806158648429623 ) ) ;
#5315 = CARTESIAN_POINT ( 'NONE',  ( -2.248494268925539608, 2.241634266190902114, -2.911290078103860424 ) ) ;
#5316 = CARTESIAN_POINT ( 'NONE',  ( 3.158766428552312711, 0.3821093442568898602, -2.456713553683881557 ) ) ;
#5317 = CARTESIAN_POINT ( 'NONE',  ( -1.694572249308000211, -2.229957918970999931, -3.643793580666824017 ) ) ;
#5318 = ORIENTED_EDGE ( 'NONE', *, *, #1673, .T. ) ;
#5319 = CARTESIAN_POINT ( 'NONE',  ( -1.184094262037999945, 2.821209751675000543, -2.793300328266000054 ) ) ;
#5320 = CARTESIAN_POINT ( 'NONE',  ( 3.066553402710704646, 0.8239842350374930735, -1.735451125884871049 ) ) ;
#5321 = CARTESIAN_POINT ( 'NONE',  ( -0.9997911049710304088, -2.291518291723502188, -1.800000000000000044 ) ) ;
#5322 = CARTESIAN_POINT ( 'NONE',  ( -0.7107466043442001169, 3.127461550510000077, -2.260739050351999957 ) ) ;
#5323 = CARTESIAN_POINT ( 'NONE',  ( -1.407680223322714141, -2.853563630414293062, -3.315273896042240320 ) ) ;
#5324 = CARTESIAN_POINT ( 'NONE',  ( -1.694572249308000211, 2.229957918970999931, -2.563215836671000059 ) ) ;
#5325 = CARTESIAN_POINT ( 'NONE',  ( -2.934678266330999818, -0.9082344532599000431, -3.566624762616999789 ) ) ;
#5326 = CARTESIAN_POINT ( 'NONE',  ( -3.168855702086000203, -0.4020978407948000433, -2.726985200560999800 ) ) ;
#5327 = CARTESIAN_POINT ( 'NONE',  ( 0.6988668512392783860, -2.600507046704402025, -0.000000000000000000 ) ) ;
#5328 = CARTESIAN_POINT ( 'NONE',  ( 2.768147931949000107, -0.3512518117201999801, -2.873441442337000051 ) ) ;
#5329 = EDGE_CURVE ( 'NONE', #5163, #2140, #4910, .T. ) ;
#5330 = DIRECTION ( 'NONE',  ( 1.000000000000000000, 0.000000000000000000, 0.000000000000000000 ) ) ;
#5331 = CARTESIAN_POINT ( 'NONE',  ( -1.811816731811086933, 2.131104488857288981, -1.071069712432001442 ) ) ;
#5332 = CARTESIAN_POINT ( 'NONE',  ( 2.686369738734000201, 0.8313870651189000371, -4.256849044953000316 ) ) ;
#5333 = B_SPLINE_CURVE_WITH_KNOTS ( 'NONE', 3,
 ( #3600, #3653, #2734, #4926, #4494, #4066, #115, #5396, #1440, #3190, #1006, #2761, #142, #5420, #3383, #4147, #2002, #3328 ),
 .UNSPECIFIED., .F., .F.,
 ( 4, 2, 2, 2, 2, 2, 2, 2, 4 ),
 ( 0.000000000000000000, 0.1250000000000000000, 0.2500000000000000000, 0.3750000000000000000, 0.5000000000000000000, 0.6250000000000000000, 0.7500000000000000000, 0.8750000000000000000, 1.000000000000000000 ),
 .UNSPECIFIED. ) ;
#5334 = CARTESIAN_POINT ( 'NONE',  ( -1.083914082544999991, 2.582521575934999980, -3.161422730278000248 ) ) ;
#5335 = CARTESIAN_POINT ( 'NONE',  ( -2.934678266330999818, -0.9082344532599000431, -2.155513651505999828 ) ) ;
#5336 = CARTESIAN_POINT ( 'NONE',  ( -0.6508218154640000863, -2.863777599015000064, -3.140444388086000238 ) ) ;
#5337 = VECTOR ( 'NONE', #5159, 1000.000000000000000 ) ;
#5338 = CARTESIAN_POINT ( 'NONE',  ( 1.400208558182000296, -2.425232363965000193, -4.395023147185005641 ) ) ;
#5339 = CARTESIAN_POINT ( 'NONE',  ( 2.246886133610311642, 2.243241001839776594, -3.791414254482481372 ) ) ;
#5340 = CARTESIAN_POINT ( 'NONE',  ( -2.800417116365000236, 0.000000000000000000, -2.391948913104000152 ) ) ;
#5341 = AXIS2_PLACEMENT_3D ( 'NONE', #331, #2085, #3845 ) ;
#5342 = CARTESIAN_POINT ( 'NONE',  ( 1.394994281911000167, -2.416200972537000169, -4.224639468771999695 ) ) ;
#5343 = EDGE_CURVE ( 'NONE', #4266, #5047, #1317, .T. ) ;
#5344 = B_SPLINE_SURFACE_WITH_KNOTS ( 'NONE', 3, 3, ( 
 ( #5653, #4316, #3352, #2088, #769, #3882, #2494, #3477, #2059, #1724, #2122, #1695, #2521, #3011, #5617, #5147, #333, #2979, #4709, #3849, #5557, #2152, #4773, #2946, #1267, #801, #2551, #830, #5116, #5212, #4254, #1664, #2585, #1169, #4352, #2914, #3819, #3912, #3413, #713, #5682, #2462, #304, #5585, #5240, #4676, #4226, #278, #741, #2029, #1632, #3379, #4283, #458, #3096, #2667, #3591, #4433, #3564, #3127, #1781, #516, #1806, #971, #4485, #2267, #3999, #106, #2180, #1403, #4830, #487, #2610, #1321, #4888, #1346, #5326, #4026, #2697, #1752, #2239, #4855, #76, #47, #1372, #3156, #5270, #913, #4916, #942, #2638, #4459, #4380, #1834, #5386, #4406, #542, #2296, #5359, #2725, #5709, #3068, #2210, #1860, #4056, #3618, #884, #3971, #3040, #20, #4803, #858, #429, #3535, #3940, #3508, #5298, #5411, #132, #1886, #2830, #4942, #2346, #187, #1516, #2429, #159, #1993, #1942, #5055, #5028, #4971, #4512, #994, #3642, #5000, #3292, #3267, #1025, #3703, #2750, #5468, #3755, #2778, #2855, #682, #1082, #4166, #4084, #1456, #4539, #242, #1967, #3728, #3206, #600, #1055, #4110, #2373, #5494, #1485, #1913, #2805, #4590, #1429, #3672, #5440, #3238, #654, #570, #4566, #2401, #215, #4192, #628, #3182, #1539, #1110, #4617, #4137, #2320, #3320, #3345, #4345 ),
 ( #762, #298, #1192, #3840, #5577, #2938, #4641, #3004, #5645, #3812, #2115, #1656, #5608, #1689, #708, #2972, #5109, #4700, #3406, #2455, #5206, #4218, #2907, #1260, #2515, #2146, #3440, #5082, #1162, #4668, #357, #269, #4766, #823, #2022, #2576, #394, #2545, #734, #2488, #1623, #5136, #3875, #4276, #326, #5173, #4246, #4733, #2080, #5522, #1568, #794, #1228, #1137, #3785, #2882, #1595, #4310, #5550, #2052, #3372, #2200, #4427, #4880, #3556, #2604, #1338, #10, #3116, #5290, #2231, #2258, #4848, #962, #3033, #4017, #5702, #3088, #3470, #2174, #39, #3962, #479, #934, #5319, #4374, #904, #1773, #2687, #2658, #3991, #68, #423, #3527, #1826, #1799, #3501, #1365, #5234, #4451, #534, #5263, #5351, #3148, #508, #3582, #851, #3933, #1315, #2716, #1395, #4907, #1743, #3061, #4477, #4823, #3906, #5676, #1718, #878, #1289, #4794, #2631, #4399, #450, #2743, #3694, #98, #3199, #1047, #2364, #3286, #1017, #2849, #2796, #208, #178, #126, #5380, #1854, #1879, #1102, #5405, #5048, #1934, #5460, #151, #646, #3229, #2770, #3662, #620, #2338, #5431, #1422, #5488, #2394, #591, #4582, #4128, #1507, #4159, #3175, #3259, #3636, #1476, #5020, #4935, #1961, #988, #1449, #3721, #4992, #4609, #1533, #3612, #4962, #4532, #2824, #4505, #2287, #4047, #564, #2314 ),
 ( #4558, #4076, #4102, #1074, #1905, #4186, #3778, #3398, #5637, #3867, #1588, #1680, #1987, #3313, #5570, #5542, #3338, #5601, #3432, #1648, #5075, #3365, #5514, #2537, #2931, #755, #235, #5102, #5164, #5198, #1251, #1155, #2994, #676, #349, #4301, #3749, #1220, #784, #2042, #318, #2423, #1562, #2964, #2876, #4724, #1130, #2508, #4635, #2106, #1183, #2900, #701, #2073, #2448, #4212, #4692, #260, #2014, #291, #5129, #4660, #725, #2479, #4239, #3805, #4267, #1616, #3833, #5668, #1353, #3164, #5308, #3462, #815, #2328, #2733, #386, #114, #4493, #3104, #56, #3626, #2760, #4863, #2304, #4924, #84, #1895, #580, #4467, #5419, #1711, #3572, #1465, #5395, #1868, #141, #3651, #4757, #4007, #2567, #4521, #2248, #1816, #5336, #4337, #2138, #3897, #921, #3599, #1380, #5367, #2676, #1412, #4440, #1438, #4065, #4896, #3136, #951, #497, #3189, #978, #4092, #2705, #4951, #1004, #524, #2276, #4036, #1843, #551, #248, #1576, #3327, #5558, #1088, #1118, #2786, #1495, #5062, #1521, #3735, #4199, #2864, #1922, #662, #5034, #2436, #4597, #1547, #5090, #5449, #2836, #1144, #4624, #2812, #1974, #4547, #5502, #3216, #4572, #4648, #2463, #689, #2000, #166, #3246, #635, #2030, #3763, #5531, #5008, #2380, #2411, #4145, #4173, #2889, #3272, #1062, #221, #714, #3793 ),
 ( #4227, #3301, #4980, #3683, #1950, #1035, #279, #608, #2354, #4118, #194, #3709, #5474, #1299, #4711, #771, #2090, #3942, #4382, #5117, #3353, #371, #2523, #2124, #1170, #3884, #4677, #4355, #4775, #1666, #5620, #335, #1603, #3914, #5655, #5242, #3416, #5684, #3479, #3852, #2981, #2612, #5183, #2587, #404, #1726, #3042, #2915, #1236, #5214, #860, #742, #4255, #803, #4285, #4742, #832, #431, #2154, #305, #4318, #2495, #4805, #1697, #3449, #2060, #2553, #2182, #3820, #5587, #1269, #1634, #3381, #5149, #1204, #2948, #3013, #4028, #460, #4408, #1754, #3184, #3593, #1323, #973, #5361, #2212, #915, #4487, #3620, #3973, #4832, #4058, #3098, #2269, #1431, #5328, #572, #2640, #4435, #2322, #544, #2727, #996, #2752, #4514, #4857, #5711, #5388, #2669, #490, #2241, #3510, #5273, #3070, #886, #4461, #4001, #518, #22, #78, #1783, #2298, #3158, #49, #1808, #3566, #3537, #108, #1836, #4944, #1374, #1863, #5300, #3129, #4890, #1348, #945, #2699, #1406, #4918, #2431, #709, #1944, #1969, #3322, #5413, #1027, #3269, #1487, #3240, #3294, #5083, #5057, #2780, #1084, #3208, #244, #656, #4168, #1888, #5002, #1112, #1140, #1570, #1057, #2884, #4643, #3757, #1995, #3644, #2857, #4194, #5470, #3730, #4086, #134, #4620, #602, #684, #1458, #217, #2348, #5524 ) ),
 .UNSPECIFIED., .F., .F., .F.,
 ( 4, 4 ),
 ( 4, 1, 1, 1, 1, 1, 1, 1, 1, 1, 1, 1, 1, 1, 1, 1, 1, 1, 1, 1, 1, 1, 1, 1, 1, 1, 1, 1, 1, 1, 1, 1, 1, 1, 1, 1, 1, 1, 1, 1, 1, 1, 1, 1, 1, 1, 1, 1, 1, 1, 1, 1, 1, 1, 1, 1, 1, 1, 1, 1, 1, 1, 1, 1, 1, 1, 1, 1, 1, 1, 1, 1, 1, 1, 1, 1, 1, 1, 1, 1, 1, 1, 1, 1, 1, 1, 1, 1, 1, 1, 1, 1, 1, 1, 1, 1, 1, 1, 1, 1, 1, 1, 1, 1, 1, 1, 1, 1, 1, 1, 1, 1, 1, 1, 1, 1, 1, 1, 1, 1, 1, 1, 1, 1, 1, 1, 1, 1, 1, 1, 1, 1, 1, 1, 1, 1, 1, 1, 1, 1, 1, 1, 1, 1, 1, 1, 1, 1, 1, 1, 1, 1, 1, 1, 1, 1, 1, 1, 1, 1, 1, 1, 1, 1, 1, 1, 1, 1, 1, 1, 1, 1, 1, 1, 1, 1, 1, 1, 1, 1, 1, 4 ),
 ( -0.02757411812027999939, 1.027213897848000101 ),
 ( -0.002974802627697999829, 0.000000000000000000, 0.0009921126889438000845, 0.005239428924332999865, 0.009486745159720999868, 0.01373406139511000081, 0.01798137763049999921, 0.02647601010127999949, 0.03497064257205000082, 0.03921795880744000096, 0.04346527504283000110, 0.04771259127822000123, 0.05195990751361000137, 0.06045453998439000165, 0.06894917245515999604, 0.07319648869054999618, 0.07744380492593999632, 0.08169112116132999646, 0.08593843739671999660, 0.09443306986749000487, 0.1029277023382999950, 0.1071750185737000011, 0.1114223348090000038, 0.1156696510443999959, 0.1199169672798000019, 0.1284115997505999862, 0.1369062322213999983, 0.1411535484568000043, 0.1454008646922000103, 0.1496481809275000130, 0.1538954971628999913, 0.1623901296337000033, 0.1708847621044999876, 0.1751320783398999936, 0.1793793945752999996, 0.1836267108107000057, 0.1878740270460000084, 0.1963686595167999926, 0.2048632919876000047, 0.2091106082230000107, 0.2133579244583999890, 0.2176052406937999950, 0.2218525569292000010, 0.2303471893999000097, 0.2388418218706999940, 0.2430891381061000001, 0.2473364543415000061, 0.2515837705769000121, 0.2558310868122999904, 0.2643257192830000268, 0.2728203517537999834, 0.2770676679892000172, 0.2813149842245999954, 0.2855623004599999737, 0.2898096166954000075, 0.2983042491662000195, 0.3067988816369000005, 0.3110461978722999787, 0.3152935141077000125, 0.3195408303430999908, 0.3237881465785000246, 0.3322827790492999811, 0.3407774115200000176, 0.3450247277553999958, 0.3492720439907999741, 0.3535193602262000079, 0.3577666764615999861, 0.3662613089323999982, 0.3747559414030999791, 0.3790032576385000129, 0.3832505738738999912, 0.3874978901093000250, 0.3917452063447000032, 0.4002398388155000153, 0.4087344712863000273, 0.4129817875215999745, 0.4172291037570000083, 0.4214764199923999866, 0.4257237362278000203, 0.4342183686985999769, 0.4427130011693999889, 0.4469603174048000227, 0.4512076336401000254, 0.4554549498755000037, 0.4597022661108999819, 0.4681968985816999940, 0.4766915310525000060, 0.4809388472878999843, 0.4851861635233000181, 0.4894334797586000207, 0.4936807959939999990, 0.5021754284648000111, 0.5106700609355999676, 0.5149173771709999459, 0.5191646934064000352, 0.5234120096418000134, 0.5276593258770999606, 0.5361539583479000282, 0.5446485908186999847, 0.5488959070540999630, 0.5531432232895000523, 0.5573905395249000305, 0.5616378557603000088, 0.5701324882310000453, 0.5786271207018000018, 0.5828744369371999801, 0.5871217531725999583, 0.5913690694080000476, 0.5956163856434000259, 0.6041110181140999513, 0.6126056505849000189, 0.6168529668202999972, 0.6211002830556999754, 0.6253475992910999537, 0.6295949155265000430, 0.6380895479971999684, 0.6465841804680000360, 0.6508314967034000142, 0.6550788129387999925, 0.6593261291741999708, 0.6635734454095999491, 0.6720680778804000166, 0.6805627103511000531, 0.6848100265865000313, 0.6890573428219000096, 0.6933046590572999879, 0.6975519752926999661, 0.7060466077635000337, 0.7145412402341999591, 0.7187885564696000484, 0.7230358727050000267, 0.7272831889404000050, 0.7315305051757999832, 0.7400251376466000508, 0.7485197701174000073, 0.7527670863526999545, 0.7570144025881000438, 0.7612617188235000221, 0.7655090350589000003, 0.7740036675296999569, 0.7824983000005000244, 0.7867456162357999716, 0.7909929324711999499, 0.7952402487066000392, 0.7994875649420000174, 0.8079821974127999740, 0.8164768298836000415, 0.8207241461190000198, 0.8249714623542999670, 0.8292187785896999452, 0.8334660948251000345, 0.8419607272958999911, 0.8504553597666999476, 0.8547026760021000369, 0.8589499922375000152, 0.8631973084727999623, 0.8674446247082000516, 0.8759392571790000082, 0.8844338896497999647, 0.8886812058852000540, 0.8929285221206000323, 0.8971758383560000105, 0.9014231545912999577, 0.9099177870621000253, 0.9184124195328999818, 0.9226597357682999601, 0.9269070520037000493, 0.9311543682391000276, 0.9354016844745000059, 0.9438963169452000423, 0.9523909494159999989, 0.9566382656513999772, 0.9608855818867999554, 0.9651328981222000447, 0.9693802143576000230, 0.9778748468282999484, 0.9863694792991000160, 0.9906167955344999942, 0.9948641117698999725, 0.9991114280052999508, 1.000000000000000000, 1.003058953797000052 ),
 .UNSPECIFIED. ) ;
#5345 = CARTESIAN_POINT ( 'NONE',  ( 0.4153012282096288366, -3.175032914649129623, -2.630465250603157834 ) ) ;
#5346 = CIRCLE ( 'NONE', #373, 2.669999999909578037 ) ;
#5347 = CARTESIAN_POINT ( 'NONE',  ( -2.897602778980455707, 1.298346812659965765, -2.868982831682302947 ) ) ;
#5348 = CARTESIAN_POINT ( 'NONE',  ( 2.251045317730123951, 2.239072090010722160, -2.380517456724290604 ) ) ;
#5349 = CARTESIAN_POINT ( 'NONE',  ( -2.778486331853999847, 0.3525636569631999673, -3.761386173259813503 ) ) ;
#5350 = ORIENTED_EDGE ( 'NONE', *, *, #4357, .T. ) ;
#5351 = CARTESIAN_POINT ( 'NONE',  ( 1.184094262037999945, -2.821209751675000543, -3.146078106043999956 ) ) ;
#5352 = CARTESIAN_POINT ( 'NONE',  ( 3.175000000000000266, 0.2380091892491301153, -1.756095807635946526 ) ) ;
#5353 = CARTESIAN_POINT ( 'NONE',  ( -0.5254876547589136804, -3.109935750289587908, -1.272947735700113991 ) ) ;
#5354 = CARTESIAN_POINT ( 'NONE',  ( -3.168894449455999851, 0.4021027574698999851, -2.123686753435999996 ) ) ;
#5355 = CARTESIAN_POINT ( 'NONE',  ( 0.2091819566222932192, -3.174942936062999710, -3.255454135082542777 ) ) ;
#5356 = EDGE_CURVE ( 'NONE', #3723, #871, #2615, .T. ) ;
#5357 = CARTESIAN_POINT ( 'NONE',  ( 0.6231825505962000911, -2.742157970261000166, -2.961697889442000076 ) ) ;
#5358 = CARTESIAN_POINT ( 'NONE',  ( 1.529633678037999989, 2.649403247329999989, -3.128836381904999797 ) ) ;
#5359 = CARTESIAN_POINT ( 'NONE',  ( 2.792298347047000640, -1.612134202325000265, -3.151681559970000102 ) ) ;
#5360 = PLANE ( 'NONE',  #93 ) ;
#5361 = CARTESIAN_POINT ( 'NONE',  ( -0.6208637663186999944, 2.731954743643000061, -2.657715961476000199 ) ) ;
#5362 = CARTESIAN_POINT ( 'NONE',  ( -2.853128971763551291, -1.408216668753529355, -2.682960223166583003 ) ) ;
#5363 =( NAMED_UNIT ( * ) SI_UNIT ( $, .STERADIAN. ) SOLID_ANGLE_UNIT ( ) );
#5364 = CARTESIAN_POINT ( 'NONE',  ( -1.083914082544999991, -2.582521575934999980, -4.511493934461999977 ) ) ;
#5365 = CARTESIAN_POINT ( 'NONE',  ( -2.778486331853999847, 0.3525636569632999984, -2.338274582129999946 ) ) ;
#5366 = CARTESIAN_POINT ( 'NONE',  ( -1.851206213005000212, 2.436079049462000157, -2.292565948421999789 ) ) ;
#5367 = CARTESIAN_POINT ( 'NONE',  ( -2.901717188661999902, -0.3682004880784000012, -3.277496685002999843 ) ) ;
#5368 = AXIS2_PLACEMENT_3D ( 'NONE', #3203, #2693, #968 ) ;
#5369 = CARTESIAN_POINT ( 'NONE',  ( 0.6231825505962000911, 2.742157970261000166, -4.127255972341005830 ) ) ;
#5370 = CARTESIAN_POINT ( 'NONE',  ( -2.793088370158733902, 5.628824887374863322E-16, -4.528945568519694653 ) ) ;
#5371 = CARTESIAN_POINT ( 'NONE',  ( -1.083914082544999991, 2.582521575934999980, -3.228219346587000160 ) ) ;
#5372 = CARTESIAN_POINT ( 'NONE',  ( 2.901724448471000084, -0.3682014092795999893, -1.220415766227999965 ) ) ;
#5373 = B_SPLINE_CURVE_WITH_KNOTS ( 'NONE', 3,
 ( #5710, #4486, #4027, #3592 ),
 .UNSPECIFIED., .F., .F.,
 ( 4, 4 ),
 ( 0.000000000000000000, 0.001855610202467569345 ),
 .UNSPECIFIED. ) ;
#5374 = DIRECTION ( 'NONE',  ( 1.000000000000000000, 0.000000000000000000, -0.000000000000000000 ) ) ;
#5375 = EDGE_CURVE ( 'NONE', #4691, #320, #4428, .T. ) ;
#5376 = CARTESIAN_POINT ( 'NONE',  ( 0.7141490157892640411, 3.095387108322979586, -3.025060706361439422 ) ) ;
#5377 = CARTESIAN_POINT ( 'NONE',  ( -2.228858886892633340, 2.261169353276723637, -2.206645906093009035 ) ) ;
#5378 = CARTESIAN_POINT ( 'NONE',  ( 2.800417116365000236, 0.000000000000000000, -4.101041665702813255 ) ) ;
#5379 = ORIENTED_EDGE ( 'NONE', *, *, #1384, .F. ) ;
#5380 = CARTESIAN_POINT ( 'NONE',  ( 1.184094262037999945, -2.821209751675000543, -3.851633661599000114 ) ) ;
#5381 = CARTESIAN_POINT ( 'NONE',  ( -0.1286549067276074043, 3.172553986068745502, -1.582733600413360309 ) ) ;
#5382 = CARTESIAN_POINT ( 'NONE',  ( 0.000000000000000000, -6.099999999999999645, -11.06000000000000050 ) ) ;
#5383 = CARTESIAN_POINT ( 'NONE',  ( -2.353087849929000441, -2.179255390271000348, -2.025553865167000200 ) ) ;
#5384 = DIRECTION ( 'NONE',  ( 0.000000000000000000, 1.000000000000000000, 0.000000000000000000 ) ) ;
#5385 = CARTESIAN_POINT ( 'NONE',  ( 1.529633678037999989, -2.649403247329999989, -3.364021567089999998 ) ) ;
#5386 = CARTESIAN_POINT ( 'NONE',  ( 3.168855702086000203, 0.4020978407948000433, -3.079762978339000146 ) ) ;
#5387 = CARTESIAN_POINT ( 'NONE',  ( -3.172170598626928850, -0.1527369355364600056, -1.406108838304505726 ) ) ;
#5388 = CARTESIAN_POINT ( 'NONE',  ( -1.688266958050000044, -2.221660524640999945, -3.108626627521999808 ) ) ;
#5389 = CARTESIAN_POINT ( 'NONE',  ( 1.935305940171883288, -2.525587388965685243, -2.485178124635650132 ) ) ;
#5390 = LINE ( 'NONE', #998, #175 ) ;
#5391 = CARTESIAN_POINT ( 'NONE',  ( 2.448316844033000095, -1.413536388964000023, -3.642671775352000374 ) ) ;
#5392 = CARTESIAN_POINT ( 'NONE',  ( 2.063187188137999950, 1.910770905142000098, -2.592919471639000051 ) ) ;
#5393 = CARTESIAN_POINT ( 'NONE',  ( 3.059267356074999888, 0.000000000000000000, -1.835317863385999893 ) ) ;
#5394 = CARTESIAN_POINT ( 'NONE',  ( -3.102471708235785552, 0.6970395992638174221, -4.257001092835213996 ) ) ;
#5395 = CARTESIAN_POINT ( 'NONE',  ( 2.924620642837000073, 0.000000000000000000, -2.937841192560000092 ) ) ;
#5396 = CARTESIAN_POINT ( 'NONE',  ( -0.6543697108982018396, -2.434931691670788378, -0.000000000000000000 ) ) ;
#5397 = CARTESIAN_POINT ( 'NONE',  ( -2.627755252732851154, 1.782020113216954416, -3.595016242166072740 ) ) ;
#5398 = CARTESIAN_POINT ( 'NONE',  ( -2.448316844033000095, 1.413536388964000023, -2.450745209400000402 ) ) ;
#5399 = CARTESIAN_POINT ( 'NONE',  ( -2.901724448471000084, -0.3682014092795999893, -1.546948973337000321 ) ) ;
#5400 = CARTESIAN_POINT ( 'NONE',  ( 1.590747536117242511, -2.755597631412279203, -2.586570269733029281 ) ) ;
#5401 = CARTESIAN_POINT ( 'NONE',  ( 0.1455839519809385418, 3.172118115966111151, -3.003994515132340393 ) ) ;
#5402 = CARTESIAN_POINT ( 'NONE',  ( 1.381485611266607627, 2.859517282120426440, -2.343909431331753446 ) ) ;
#5403 = CARTESIAN_POINT ( 'NONE',  ( 1.694572249308000211, -2.229957918970999931, -3.499956417404813447 ) ) ;
#5404 = ORIENTED_EDGE ( 'NONE', *, *, #665, .T. ) ;
#5405 = CARTESIAN_POINT ( 'NONE',  ( -1.184094262037999945, -2.821209751675000543, -3.942981683523000491 ) ) ;
#5406 = CARTESIAN_POINT ( 'NONE',  ( -1.539444787370634060, 2.777390708837980338, -1.530521835342869563 ) ) ;
#5407 = CARTESIAN_POINT ( 'NONE',  ( 0.5393197697675269353, -3.072339241210703342, -1.252940145874485101 ) ) ;
#5408 = CARTESIAN_POINT ( 'NONE',  ( -2.792332490039000081, 1.612153914791000009, -1.463805208841999939 ) ) ;
#5409 = CARTESIAN_POINT ( 'NONE',  ( -1.934296501251101752, -2.526243366731318662, -3.335569309456794418 ) ) ;
#5410 = CARTESIAN_POINT ( 'NONE',  ( 2.253893242280999853, -2.087388703947000046, -2.625884021875999785 ) ) ;
#5411 = CARTESIAN_POINT ( 'NONE',  ( -2.353059077759999784, 2.179228743622999787, -3.530673644386000287 ) ) ;
#5412 = CARTESIAN_POINT ( 'NONE',  ( -0.5317259020837522554, 2.759060429897321587, -1.075605808206467007 ) ) ;
#5413 = CARTESIAN_POINT ( 'NONE',  ( -2.439206963470999856, -1.408276796968999989, -3.859856194039999799 ) ) ;
#5414 = CARTESIAN_POINT ( 'NONE',  ( 3.500000000001714184, 3.400000000046943249, -12.89318381223234766 ) ) ;
#5415 = CARTESIAN_POINT ( 'NONE',  ( 1.083914082544999991, -2.582521575934999980, -3.714590356982999886 ) ) ;
#5416 = CARTESIAN_POINT ( 'NONE',  ( 1.694572249308000211, 2.229957918970999931, -3.279015322870999949 ) ) ;
#5417 = CARTESIAN_POINT ( 'NONE',  ( 1.851206213005000212, 2.436079049462000157, -1.730847556127999898 ) ) ;
#5418 = LINE ( 'NONE', #1736, #5621 ) ;
#5419 = CARTESIAN_POINT ( 'NONE',  ( 2.154693243804000069, 1.995517025035999703, -2.852830589626000002 ) ) ;
#5420 = CARTESIAN_POINT ( 'NONE',  ( 1.999167105995449445, -1.536366799937288086, -0.000000000000000000 ) ) ;
#5421 = CARTESIAN_POINT ( 'NONE',  ( -2.751256226736440436, 1.588085063378197548, -3.586575214460157923 ) ) ;
#5422 = CARTESIAN_POINT ( 'NONE',  ( 1.083914082544999991, -2.582521575934999980, -2.169886013254000101 ) ) ;
#5423 = CARTESIAN_POINT ( 'NONE',  ( -2.154698634633000154, 1.995522017622999744, -1.645081861605999896 ) ) ;
#5424 = VECTOR ( 'NONE', #1694, 1000.000000000000000 ) ;
#5425 = CARTESIAN_POINT ( 'NONE',  ( 2.236609658869402217, -2.253490776223545211, -2.559065837237953556 ) ) ;
#5426 = CARTESIAN_POINT ( 'NONE',  ( 1.677574296797398778, 2.697618799024498415, -3.060582380160416616 ) ) ;
#5427 = CARTESIAN_POINT ( 'NONE',  ( 1.590184583692443976, 2.755852232081618780, -3.674676474467855947 ) ) ;
#5428 = CARTESIAN_POINT ( 'NONE',  ( -1.400208558182000296, 2.425232363965000193, -2.454745369406813094 ) ) ;
#5429 = VECTOR ( 'NONE', #4207, 1000.000000000000000 ) ;
#5430 = VERTEX_POINT ( 'NONE', #5382 ) ;
#5431 = CARTESIAN_POINT ( 'NONE',  ( -2.253876160782000149, 2.087372884330000122, -4.158707164384000343 ) ) ;
#5432 = CARTESIAN_POINT ( 'NONE',  ( -1.007579915740284049, 3.012353237731346667, -1.550197535777239510 ) ) ;
#5433 = VERTEX_POINT ( 'NONE', #3530 ) ;
#5434 = CARTESIAN_POINT ( 'NONE',  ( -0.3518554655584749669, 3.155399893819593959, -4.308499467675234840 ) ) ;
#5435 = AXIS2_PLACEMENT_3D ( 'NONE', #4576, #2765, #4527 ) ;
#5436 = CARTESIAN_POINT ( 'NONE',  ( -0.7107466043442001169, -3.127461550510000077, -2.665945441405999983 ) ) ;
#5437 = CARTESIAN_POINT ( 'NONE',  ( 3.175000007535776714, -0.2096526866873650863, -1.682559057627832200 ) ) ;
#5438 = CARTESIAN_POINT ( 'NONE',  ( 0.6208618634615999943, 2.731946370599999785, -3.251316738372000081 ) ) ;
#5439 = ORIENTED_EDGE ( 'NONE', *, *, #367, .T. ) ;
#5440 = CARTESIAN_POINT ( 'NONE',  ( 3.168855702086000203, 0.4020978407949000188, -4.490874089450000106 ) ) ;
#5441 = LINE ( 'NONE', #1968, #4143 ) ;
#5442 = CARTESIAN_POINT ( 'NONE',  ( 3.500000000000000000, -4.799999999999999822, -15.19999999999999929 ) ) ;
#5443 = CYLINDRICAL_SURFACE ( 'NONE', #3401, 2.669999999999999929 ) ;
#5444 = CARTESIAN_POINT ( 'NONE',  ( -2.769384744005488397, -1.560375358047123795, -2.059116554259075915 ) ) ;
#5445 = CARTESIAN_POINT ( 'NONE',  ( -0.6231825505962000911, 2.742157970261000166, -4.086827839085001024 ) ) ;
#5446 = EDGE_CURVE ( 'NONE', #5521, #5639, #5293, .T. ) ;
#5447 = CARTESIAN_POINT ( 'NONE',  ( 2.934678266330999818, -0.9082344532599000431, -1.162344297488999922 ) ) ;
#5448 = CARTESIAN_POINT ( 'NONE',  ( -3.174999999998809219, 0.1751194296447804721, -4.239067233007197011 ) ) ;
#5449 = CARTESIAN_POINT ( 'NONE',  ( -2.154693243804000069, 1.995517025035999703, -4.081185128827000241 ) ) ;
#5450 = CARTESIAN_POINT ( 'NONE',  ( -1.400208558182000296, 2.425232363965000193, -4.042245369407004851 ) ) ;
#5451 = CARTESIAN_POINT ( 'NONE',  ( -2.113289572138810080, 2.370517959629311111, -3.623014815762000129 ) ) ;
#5452 = CARTESIAN_POINT ( 'NONE',  ( 2.448316844033000095, -1.413536388964000023, -3.509078542734000106 ) ) ;
#5453 = CARTESIAN_POINT ( 'NONE',  ( -2.805522078389000029, 0.8682627462805000418, -1.592653248329999993 ) ) ;
#5454 = LINE ( 'NONE', #3715, #2011 ) ;
#5455 = LINE ( 'NONE', #255, #2749 ) ;
#5456 = LINE ( 'NONE', #2419, #3761 ) ;
#5457 = CARTESIAN_POINT ( 'NONE',  ( 1.694572249308000211, 2.229957918970999931, -3.291015802889813546 ) ) ;
#5458 = CARTESIAN_POINT ( 'NONE',  ( 1.694572249308000211, -2.229957918970999931, -3.621549170004000562 ) ) ;
#5459 = ORIENTED_EDGE ( 'NONE', *, *, #2910, .F. ) ;
#5460 = CARTESIAN_POINT ( 'NONE',  ( -2.253876160782000149, -2.087372884330000122, -3.988685958516000607 ) ) ;
#5461 = CARTESIAN_POINT ( 'NONE',  ( 2.120208595372351290, 2.364210447379770930, -1.668543277581095996 ) ) ;
#5462 = VERTEX_POINT ( 'NONE', #2261 ) ;
#5463 = CARTESIAN_POINT ( 'NONE',  ( 0.9192739836719038271, -2.958851921030557719, -1.245690049942648203 ) ) ;
#5464 = CARTESIAN_POINT ( 'NONE',  ( 1.596953376101000188, 2.766004384726000076, -3.051305208841999850 ) ) ;
#5465 = CARTESIAN_POINT ( 'NONE',  ( -2.522504908076566021, -1.939248484060419830, -1.954298722746984796 ) ) ;
#5466 = CARTESIAN_POINT ( 'NONE',  ( 1.394994281911000167, 2.416200972537000169, -3.283898728031000136 ) ) ;
#5467 = ORIENTED_EDGE ( 'NONE', *, *, #1387, .F. ) ;
#5468 = CARTESIAN_POINT ( 'NONE',  ( -0.7107379137545000169, -3.127423309756999892, -4.001044014756001133 ) ) ;
#5469 = CARTESIAN_POINT ( 'NONE',  ( -2.031798177033225183, -2.443841329759469883, -1.311597136723285928 ) ) ;
#5470 = CARTESIAN_POINT ( 'NONE',  ( 1.394998557377999937, -2.416208377863999779, -4.389022860705999562 ) ) ;
#5471 = CARTESIAN_POINT ( 'NONE',  ( -0.2072953448321409597, -3.168459462911602742, -1.947940613140050514 ) ) ;
#5472 = CARTESIAN_POINT ( 'NONE',  ( -2.032928977396999848, 1.915322465110000039, -4.728038957725000380 ) ) ;
#5473 = CARTESIAN_POINT ( 'NONE',  ( -0.6807850240499999650, 2.995623157207000453, -2.338270223414999904 ) ) ;
#5474 = CARTESIAN_POINT ( 'NONE',  ( -1.079880973899999930, 2.572912336362000119, -1.227145146040999890 ) ) ;
#5475 = EDGE_CURVE ( 'NONE', #4906, #3896, #1855, .T. ) ;
#5476 = EDGE_CURVE ( 'NONE', #5047, #3312, #965, .T. ) ;
#5477 = CARTESIAN_POINT ( 'NONE',  ( 2.778486331853999847, 0.3525636569632999984, -1.454086527054000211 ) ) ;
#5478 = CARTESIAN_POINT ( 'NONE',  ( 1.083914082544999991, -2.582521575934999980, -3.580997124365000506 ) ) ;
#5479 = CARTESIAN_POINT ( 'NONE',  ( 2.924627959947999845, 0.000000000000000000, -1.207293480893999904 ) ) ;
#5480 = CARTESIAN_POINT ( 'NONE',  ( 2.632759865383497377, -1.774601471933601848, -3.241910564295238828 ) ) ;
#5481 = CARTESIAN_POINT ( 'NONE',  ( -2.686369738734000201, 0.8313870651189000371, -1.840568099806005664 ) ) ;
#5482 = CARTESIAN_POINT ( 'NONE',  ( 2.053944966978374254, -2.421700489737415474, -2.567290684640059162 ) ) ;
#5483 = CARTESIAN_POINT ( 'NONE',  ( -2.390450990982222024, 2.099794920419528754, -1.404809774762826091 ) ) ;
#5484 = CARTESIAN_POINT ( 'NONE',  ( -2.506360957699749648, 1.949423182277847832, -2.191481013138156797 ) ) ;
#5485 = CARTESIAN_POINT ( 'NONE',  ( 2.448316844033000095, -1.413536388964000023, -2.748726850887813100 ) ) ;
#5486 = CARTESIAN_POINT ( 'NONE',  ( -2.448316844033000095, -1.413536388964000023, -3.811060344228000663 ) ) ;
#5487 = ORIENTED_EDGE ( 'NONE', *, *, #4491, .T. ) ;
#5488 = CARTESIAN_POINT ( 'NONE',  ( -1.529622085458000047, 2.649383168392999810, -4.191289154042999954 ) ) ;
#5489 = CARTESIAN_POINT ( 'NONE',  ( 1.285598289082153123, 2.904952541998942817, -1.635050951012823273 ) ) ;
#5490 = ORIENTED_EDGE ( 'NONE', *, *, #3605, .F. ) ;
#5491 = CARTESIAN_POINT ( 'NONE',  ( -1.236216021826999967, -2.945394473874999974, -3.390960701285000489 ) ) ;
#5492 = CARTESIAN_POINT ( 'NONE',  ( 0.000000000000000000, -4.799999999999999822, -11.70000000000000107 ) ) ;
#5493 = VERTEX_POINT ( 'NONE', #880 ) ;
#5494 = CARTESIAN_POINT ( 'NONE',  ( 0.7107379137546001591, 3.127423309756999892, -4.353821792534000146 ) ) ;
#5495 = CARTESIAN_POINT ( 'NONE',  ( 1.602588579904355104, 2.399443327738575160, -1.119487736311183701 ) ) ;
#5496 = CARTESIAN_POINT ( 'NONE',  ( -2.754221013841350985, -0.5363360124139677776, -1.071077998937132625 ) ) ;
#5497 = DIRECTION ( 'NONE',  ( 0.000000000000000000, 0.000000000000000000, 1.000000000000000000 ) ) ;
#5498 = CARTESIAN_POINT ( 'NONE',  ( 1.405201809355719478, -2.854687762336598489, -1.888231375046541594 ) ) ;
#5499 = CARTESIAN_POINT ( 'NONE',  ( -1.400208558182000296, 2.425232363965000193, -1.870782566449999962 ) ) ;
#5500 = LINE ( 'NONE', #2835, #746 ) ;
#5501 = PLANE ( 'NONE',  #2103 ) ;
#5502 = CARTESIAN_POINT ( 'NONE',  ( 1.131987617969000048, 2.697061044018000064, -4.218237425743000202 ) ) ;
#5503 = CARTESIAN_POINT ( 'NONE',  ( 0.6231825505962000911, 2.742157970261000166, -1.317034230138000250 ) ) ;
#5504 = CARTESIAN_POINT ( 'NONE',  ( 2.063187188137999950, 1.910770905142000098, -3.365271643503000121 ) ) ;
#5505 = CARTESIAN_POINT ( 'NONE',  ( 0.6508234437558000351, 2.863784763902999853, -2.468230009754000420 ) ) ;
#5506 = CARTESIAN_POINT ( 'NONE',  ( 1.400208558182000296, -2.425232363965000193, -1.572800924962995506 ) ) ;
#5507 = CARTESIAN_POINT ( 'NONE',  ( 3.174999999999999378, -0.4606114050125388881, -2.484525885861365690 ) ) ;
#5508 = DIRECTION ( 'NONE',  ( 0.000000000000000000, 0.000000000000000000, 1.000000000000000000 ) ) ;
#5509 = CARTESIAN_POINT ( 'NONE',  ( -2.591419578194099849, 1.834712621738648908, -2.186250254232468215 ) ) ;
#5510 = CARTESIAN_POINT ( 'NONE',  ( -2.031708135063999866E-14, 2.827072777928000047, -3.219097221258813590 ) ) ;
#5511 = CARTESIAN_POINT ( 'NONE',  ( -1.083914082544999991, 2.582521575934999980, -4.000571518452000319 ) ) ;
#5512 = ADVANCED_FACE ( 'NONE', ( #4850 ), #906, .T. ) ;
#5513 = ORIENTED_EDGE ( 'NONE', *, *, #2027, .T. ) ;
#5514 = CARTESIAN_POINT ( 'NONE',  ( 2.901717188661999902, 0.3682004880784000012, -1.513607796113999981 ) ) ;
#5515 = CARTESIAN_POINT ( 'NONE',  ( -2.936219411452500871, -1.207991670891812586, -3.484519785170739237 ) ) ;
#5516 = ORIENTED_EDGE ( 'NONE', *, *, #1037, .T. ) ;
#5517 = VECTOR ( 'NONE', #2132, 1000.000000000000000 ) ;
#5518 = CARTESIAN_POINT ( 'NONE',  ( -1.236216021826999967, 2.945394473874999974, -3.652390457139000013 ) ) ;
#5519 = FACE_OUTER_BOUND ( 'NONE', #1710, .T. ) ;
#5520 = AXIS2_PLACEMENT_3D ( 'NONE', #462, #4031, #2754 ) ;
#5521 = VERTEX_POINT ( 'NONE', #2661 ) ;
#5522 = CARTESIAN_POINT ( 'NONE',  ( -0.6807798646093000672, 2.995600454385999978, -2.107204477034000156 ) ) ;
#5523 = CARTESIAN_POINT ( 'NONE',  ( -1.678597154835071770, -2.700106865793576727, -1.296904503824652499 ) ) ;
#5524 = CARTESIAN_POINT ( 'NONE',  ( -1.940224089558000076, -1.994753459163999931, -4.533403593662000297 ) ) ;
#5525 = CARTESIAN_POINT ( 'NONE',  ( -0.005712878271561086345, -3.174996521600998989, -1.940489157709703205 ) ) ;
#5526 = CARTESIAN_POINT ( 'NONE',  ( -2.800417116365000236, 0.000000000000000000, -1.753189973857999906 ) ) ;
#5527 = EDGE_CURVE ( 'NONE', #4756, #320, #494, .T. ) ;
#5528 = AXIS2_PLACEMENT_3D ( 'NONE', #5007, #5255, #4816 ) ;
#5529 = FACE_OUTER_BOUND ( 'NONE', #5108, .T. ) ;
#5530 = CARTESIAN_POINT ( 'NONE',  ( -0.2114193114821312780, -3.174779754407779819, -4.064765887165275871 ) ) ;
#5531 = CARTESIAN_POINT ( 'NONE',  ( 1.769729570693000076, -2.328860555939999966, -4.453422610928999603 ) ) ;
#5532 = CARTESIAN_POINT ( 'NONE',  ( 2.778486331853999847, -0.3525636569632999984, -1.480331097724000067 ) ) ;
#5533 = CARTESIAN_POINT ( 'NONE',  ( -1.694572249308000211, -2.229957918970999931, -3.698589716957000118 ) ) ;
#5534 = CARTESIAN_POINT ( 'NONE',  ( -2.317590563905000079E-14, -2.952465917602000278, -2.794793480894000037 ) ) ;
#5535 = CARTESIAN_POINT ( 'NONE',  ( 1.400208558182000296, 2.425232363965000193, -1.337615739777005874 ) ) ;
#5536 = CARTESIAN_POINT ( 'NONE',  ( 3.174999999999999822, 0.000000000000000000, 2.259920353756999845 ) ) ;
#5537 = CARTESIAN_POINT ( 'NONE',  ( -3.175000000000001599, 0.2093356500203559512, -1.329770899120374938 ) ) ;
#5538 = CARTESIAN_POINT ( 'NONE',  ( -2.751268481603462934, 1.588063846602638662, -2.175463203643446697 ) ) ;
#5539 = CARTESIAN_POINT ( 'NONE',  ( 2.448316844033000095, -1.413536388964000023, -1.337615739776813584 ) ) ;
#5540 = CARTESIAN_POINT ( 'NONE',  ( -2.063187188137999950, -1.910770905142000098, -3.784846037589999934 ) ) ;
#5541 = ORIENTED_EDGE ( 'NONE', *, *, #3499, .F. ) ;
#5542 = CARTESIAN_POINT ( 'NONE',  ( 0.6508218154640000863, 2.863777599015000064, -1.376555499196999932 ) ) ;
#5543 = CARTESIAN_POINT ( 'NONE',  ( -3.091285634534306048, 0.7256642864147286875, -1.435936022357274355 ) ) ;
#5544 = ORIENTED_EDGE ( 'NONE', *, *, #2161, .F. ) ;
#5545 = EDGE_CURVE ( 'NONE', #1222, #2937, #1908, .T. ) ;
#5546 = CARTESIAN_POINT ( 'NONE',  ( -0.6231825505962000911, 2.742157970261000166, -3.886437990156999867 ) ) ;
#5547 = CARTESIAN_POINT ( 'NONE',  ( 0.7107466043442001169, 3.127461550510000077, -3.724278774739000042 ) ) ;
#5548 = LINE ( 'NONE', #3700, #1404 ) ;
#5549 = ORIENTED_EDGE ( 'NONE', *, *, #3775, .F. ) ;
#5550 = CARTESIAN_POINT ( 'NONE',  ( 3.035286445374000053, 0.3851491644366000222, -2.296685387225999797 ) ) ;
#5551 = CARTESIAN_POINT ( 'NONE',  ( -0.1968737890391761558, 0.3485256161429337585, -1.800000000000000488 ) ) ;
#5552 = DIRECTION ( 'NONE',  ( -0.000000000000000000, 0.000000000000000000, -1.000000000000000000 ) ) ;
#5553 = CARTESIAN_POINT ( 'NONE',  ( 0.000000000000000000, 0.000000000000000000, -8.199999999999999289 ) ) ;
#5554 = CARTESIAN_POINT ( 'NONE',  ( 2.241576205060040294, -2.248547031795818274, -1.853283015869895411 ) ) ;
#5555 = CARTESIAN_POINT ( 'NONE',  ( -2.448316844033000095, 1.413536388964000023, -1.811986270153999934 ) ) ;
#5556 = CARTESIAN_POINT ( 'NONE',  ( -2.100202038867472698, -2.390088971192373180, -4.136781289628109981 ) ) ;
#5557 = CARTESIAN_POINT ( 'NONE',  ( 2.792298347047000640, 1.612134202325000265, -1.622977856265999996 ) ) ;
#5558 = CARTESIAN_POINT ( 'NONE',  ( 1.769729570693000076, -2.328860555939999966, -3.747867055372999801 ) ) ;
#5559 = CARTESIAN_POINT ( 'NONE',  ( -1.400208558182000296, 2.425232363965000193, -1.937579182759000096 ) ) ;
#5560 = CARTESIAN_POINT ( 'NONE',  ( -2.800417116365000236, 1.079691891448000077E-14, -3.803060024215000112 ) ) ;
#5561 = CARTESIAN_POINT ( 'NONE',  ( -2.805522078389000029, -0.8682627462805000418, -2.233044824569000220 ) ) ;
#5562 = CARTESIAN_POINT ( 'NONE',  ( -2.778486331853999847, 0.3525636569632999984, -1.115552839927003603 ) ) ;
#5563 = CARTESIAN_POINT ( 'NONE',  ( -0.8240643777816719640, -3.073156549616551825, -3.999265300501975151 ) ) ;
#5564 = DIRECTION ( 'NONE',  ( 0.000000000000000000, 0.000000000000000000, -1.000000000000000000 ) ) ;
#5565 = FACE_OUTER_BOUND ( 'NONE', #783, .T. ) ;
#5566 = CARTESIAN_POINT ( 'NONE',  ( 2.063187188137999950, 1.910770905142000098, -1.193808840546813466 ) ) ;
#5567 = CARTESIAN_POINT ( 'NONE',  ( -1.694572249308000211, -2.229957918970999931, -3.765386333267000118 ) ) ;
#5568 = CARTESIAN_POINT ( 'NONE',  ( 1.079877664222000044, -2.572904450759999850, -2.826650642994999796 ) ) ;
#5569 = ORIENTED_EDGE ( 'NONE', *, *, #787, .T. ) ;
#5570 = CARTESIAN_POINT ( 'NONE',  ( 0.000000000000000000, 2.952458530842999807, -1.350341192559999959 ) ) ;
#5571 = CARTESIAN_POINT ( 'NONE',  ( -2.272618314704094811, -2.217214881633834622, -3.439972720770765324 ) ) ;
#5572 = ORIENTED_EDGE ( 'NONE', *, *, #1037, .F. ) ;
#5573 = CARTESIAN_POINT ( 'NONE',  ( 1.400208558182000296, -2.425232363965000193, -3.501078222720999999 ) ) ;
#5574 = CARTESIAN_POINT ( 'NONE',  ( 0.1982874407681846918, -0.3517814310586984683, -2.799999999999998934 ) ) ;
#5575 = DIRECTION ( 'NONE',  ( -0.000000000000000000, 1.000000000000000000, 0.000000000000000000 ) ) ;
#5576 = ORIENTED_EDGE ( 'NONE', *, *, #1630, .T. ) ;
#5577 = CARTESIAN_POINT ( 'NONE',  ( -3.035286445374000053, -0.3851491644366000222, -1.238352053892999960 ) ) ;
#5578 = CARTESIAN_POINT ( 'NONE',  ( 0.3485256161429343136, 0.1968737890391736856, -1.800000000000000488 ) ) ;
#5579 = DIRECTION ( 'NONE',  ( 0.000000000000000000, 0.000000000000000000, 1.000000000000000000 ) ) ;
#5580 = DIRECTION ( 'NONE',  ( 0.000000000000000000, -1.000000000000000000, 0.000000000000000000 ) ) ;
#5581 = CARTESIAN_POINT ( 'NONE',  ( -0.6807850240499999650, 2.995623157207000453, -3.749381334525999865 ) ) ;
#5582 = CARTESIAN_POINT ( 'NONE',  ( 2.505552195709867203, -1.950462699598674243, -1.838751334270323445 ) ) ;
#5583 = CARTESIAN_POINT ( 'NONE',  ( 2.686369738734000201, 0.8313870651189000371, -2.073385761977000197 ) ) ;
#5584 = CARTESIAN_POINT ( 'NONE',  ( 1.018595366862464546, -3.014478789714832629, -4.019153942804278401 ) ) ;
#5585 = CARTESIAN_POINT ( 'NONE',  ( -3.063796991514999846, 0.9481945661345000387, -2.067133919999000202 ) ) ;
#5586 = CARTESIAN_POINT ( 'NONE',  ( -0.003538455922671036175, -3.174999688079069848, -3.351519828102000886 ) ) ;
#5587 = CARTESIAN_POINT ( 'NONE',  ( -0.6208637663186999944, -2.731954743643000061, -2.357366796973999978 ) ) ;
#5588 = EDGE_CURVE ( 'NONE', #2450, #3896, #691, .T. ) ;
#5589 = CARTESIAN_POINT ( 'NONE',  ( -1.694572249308000211, 2.229957918970999931, -1.924456897425000257 ) ) ;
#5590 = CARTESIAN_POINT ( 'NONE',  ( 3.158761640910156654, 0.3821475073716740778, -3.162267680066308539 ) ) ;
#5591 = CARTESIAN_POINT ( 'NONE',  ( 1.400208558182000296, 2.425232363965000193, -1.149226370869000258 ) ) ;
#5592 = CARTESIAN_POINT ( 'NONE',  ( -2.805522078389000029, 0.8682627462805000418, -3.003764359440999954 ) ) ;
#5593 = CARTESIAN_POINT ( 'NONE',  ( -2.063187188137999950, 1.910770905142000098, -1.892996713082005567 ) ) ;
#5594 = CARTESIAN_POINT ( 'NONE',  ( 0.2072542227734286147, -3.175076014410304737, -3.961079659821226340 ) ) ;
#5595 = CARTESIAN_POINT ( 'NONE',  ( 2.668141361624727814, -1.304691038166460926, -4.428555594201295520 ) ) ;
#5596 = CARTESIAN_POINT ( 'NONE',  ( 3.500000000000000000, -4.799999999999999822, -8.199999999999999289 ) ) ;
#5597 = CARTESIAN_POINT ( 'NONE',  ( -2.448316844033000095, 1.413536388964000023, -1.690393517554813707 ) ) ;
#5598 = CARTESIAN_POINT ( 'NONE',  ( 0.000000000000000000, 2.827072777928000047, -1.862782246437999945 ) ) ;
#5599 = CARTESIAN_POINT ( 'NONE',  ( 1.079877664222000044, -2.572904450759999850, -2.121095087440000082 ) ) ;
#5600 = ORIENTED_EDGE ( 'NONE', *, *, #3499, .T. ) ;
#5601 = CARTESIAN_POINT ( 'NONE',  ( 1.462310321417999992, 2.532795773129000061, -1.409137488855999987 ) ) ;
#5602 = CARTESIAN_POINT ( 'NONE',  ( -3.077526557683117669, -0.7884154265993250643, -3.500540710879120887 ) ) ;
#5603 = ORIENTED_EDGE ( 'NONE', *, *, #3967, .F. ) ;
#5604 = CARTESIAN_POINT ( 'NONE',  ( 1.694572249308000211, -2.229957918970999931, -3.487955937385999849 ) ) ;
#5605 = CARTESIAN_POINT ( 'NONE',  ( 1.596953376101000188, -2.766004384726000076, -3.992045949582999409 ) ) ;
#5606 = FACE_OUTER_BOUND ( 'NONE', #3025, .T. ) ;
#5607 = ORIENTED_EDGE ( 'NONE', *, *, #861, .T. ) ;
#5608 = CARTESIAN_POINT ( 'NONE',  ( -1.184094262037999945, 2.821209751675000543, -1.382189217155000094 ) ) ;
#5609 = CARTESIAN_POINT ( 'NONE',  ( -0.4000000000000000222, -1.959434878635765107E-17, -1.800000000000000044 ) ) ;
#5610 = CARTESIAN_POINT ( 'NONE',  ( 0.4163776054277796290, 3.154357168237357456, -2.220374389124760039 ) ) ;
#5611 = AXIS2_PLACEMENT_3D ( 'NONE', #5221, #2532, #1278 ) ;
#5612 = CARTESIAN_POINT ( 'NONE',  ( -2.793106854861402866, -0.2092540606265065328, -4.528924224307012913 ) ) ;
#5613 = CARTESIAN_POINT ( 'NONE',  ( 3.193906752202000376, 0.000000000000000000, -1.052231134768000009 ) ) ;
#5614 = CARTESIAN_POINT ( 'NONE',  ( 2.570465966447508244, -1.863820182087187804, -1.834786204017394340 ) ) ;
#5615 = VECTOR ( 'NONE', #3880, 1000.000000000000000 ) ;
#5616 = CARTESIAN_POINT ( 'NONE',  ( 0.8201361210348878661, -3.074212300190001024, -4.026573157698241978 ) ) ;
#5617 = CARTESIAN_POINT ( 'NONE',  ( 0.000000000000000000, 3.224268404651000175, -1.505385263673999940 ) ) ;
#5618 = B_SPLINE_CURVE_WITH_KNOTS ( 'NONE', 3,
 ( #4193, #3704, #655, #4138, #3293, #189, #3239, #243, #5001, #5495, #5029, #3207, #4972, #1887, #1083, #3643, #5412, #5056 ),
 .UNSPECIFIED., .F., .F.,
 ( 4, 2, 2, 2, 2, 2, 2, 2, 4 ),
 ( 9.857965379594041498E-15, 0.0006607961107351382427, 0.001321592221460418486, 0.001982388332185698945, 0.002643184442910979839, 0.003303980553636260298, 0.003964776664361541192, 0.004625572775086821652, 0.005286368885812102111 ),
 .UNSPECIFIED. ) ;
#5619 = CARTESIAN_POINT ( 'NONE',  ( -1.147051859279780484, -2.961492448992378179, -3.394044404367369427 ) ) ;
#5620 = CARTESIAN_POINT ( 'NONE',  ( 1.079880973899999930, -2.572912336362000119, -1.579922923819000236 ) ) ;
#5621 = VECTOR ( 'NONE', #1867, 1000.000000000000000 ) ;
#5622 = EDGE_CURVE ( 'NONE', #3702, #3899, #4561, .T. ) ;
#5623 = CARTESIAN_POINT ( 'NONE',  ( -2.686369738734000201, 0.8313870651189000371, -2.558124135381000031 ) ) ;
#5624 = CARTESIAN_POINT ( 'NONE',  ( 2.272395951641590806, 2.217442876685728592, -3.087183553450532969 ) ) ;
#5625 = PRODUCT_DEFINITION_CONTEXT ( 'detailed design', #1389, 'design' ) ;
#5626 = CARTESIAN_POINT ( 'NONE',  ( -2.232306720222000607, 1.688994620302000094, -4.581989949453999955 ) ) ;
#5627 = AXIS2_PLACEMENT_3D ( 'NONE', #2270, #4029, #3159 ) ;
#5628 = CARTESIAN_POINT ( 'NONE',  ( 2.154698634633000154, -1.995522017622999744, -4.114526306050000137 ) ) ;
#5629 = CARTESIAN_POINT ( 'NONE',  ( -2.063187188137999950, 1.910770905142000098, -2.598552268637006168 ) ) ;
#5630 = CARTESIAN_POINT ( 'NONE',  ( -3.500000000024919622, 3.400000000036673242, -11.69999999999999929 ) ) ;
#5631 = CARTESIAN_POINT ( 'NONE',  ( 3.153996529146485539, 0.4196312050625402024, -1.661887898178647349 ) ) ;
#5632 = DIRECTION ( 'NONE',  ( -1.000000000000000000, -0.000000000000000000, -0.000000000000000000 ) ) ;
#5633 = CARTESIAN_POINT ( 'NONE',  ( -1.694572249308000211, -2.229957918970999931, -1.527126914000813684 ) ) ;
#5634 = CARTESIAN_POINT ( 'NONE',  ( -2.686369738734000201, -0.8313870651189000371, -1.653811367889999939 ) ) ;
#5635 = CARTESIAN_POINT ( 'NONE',  ( -2.789988563821000245, 0.000000000000000000, -2.343157987290000133 ) ) ;
#5636 = EDGE_LOOP ( 'NONE', ( #268, #786 ) ) ;
#5637 = CARTESIAN_POINT ( 'NONE',  ( -2.556904091329999851, 1.476229265421000303, -1.232748599967000036 ) ) ;
#5638 = CARTESIAN_POINT ( 'NONE',  ( -2.934833256870307494, -1.211355465378550544, -3.484386415392398462 ) ) ;
#5639 = VERTEX_POINT ( 'NONE', #1972 ) ;
#5640 = CARTESIAN_POINT ( 'NONE',  ( 2.448316844033000095, -1.413536388964000023, -4.147837481979999907 ) ) ;
#5641 = CARTESIAN_POINT ( 'NONE',  ( 2.262079412674000051E-14, 2.816544961612999831, -1.108435765067000034 ) ) ;
#5642 = CARTESIAN_POINT ( 'NONE',  ( 0.7107466043442001169, -3.127461550510000077, -4.024627939241000263 ) ) ;
#5643 = LINE ( 'NONE', #3467, #2136 ) ;
#5644 = ORIENTED_EDGE ( 'NONE', *, *, #120, .F. ) ;
#5645 = CARTESIAN_POINT ( 'NONE',  ( -2.674601219188000201, 1.544181733873000173, -1.310270635523999916 ) ) ;
#5646 = CARTESIAN_POINT ( 'NONE',  ( 0.02525806711761288334, 0.4000335061830090910, -1.800000000000000488 ) ) ;
#5647 = CARTESIAN_POINT ( 'NONE',  ( -0.2091807352968245159, 3.174943016036814836, -2.197120846124448690 ) ) ;
#5648 = AXIS2_PLACEMENT_3D ( 'NONE', #1939, #705, #3668 ) ;
#5649 = CARTESIAN_POINT ( 'NONE',  ( -2.793088370158733902, 5.628824887374863322E-16, -4.528945568519694653 ) ) ;
#5650 = CARTESIAN_POINT ( 'NONE',  ( 3.035309448962999923, -0.3851520833747000272, -3.965106815387999806 ) ) ;
#5651 = CARTESIAN_POINT ( 'NONE',  ( 0.000000000000000000, 3.400000000027603164, -11.70000000000000107 ) ) ;
#5652 = LINE ( 'NONE', #3881, #3385 ) ;
#5653 = CARTESIAN_POINT ( 'NONE',  ( -2.956874918708999989, -1.184744158873999975, -1.286890731768000062 ) ) ;
#5654 = CARTESIAN_POINT ( 'NONE',  ( 2.638887786518162581, -1.765474125251232707, -3.241507732807404008 ) ) ;
#5655 = CARTESIAN_POINT ( 'NONE',  ( -1.079880973899999930, -2.572912336362000119, -1.671270945742000302 ) ) ;
#5656 = CARTESIAN_POINT ( 'NONE',  ( 2.778486331853999847, 0.3525636569632999984, -2.159642082610000458 ) ) ;
#5657 = CARTESIAN_POINT ( 'NONE',  ( -1.083914082544999991, -2.582521575934999980, -1.488881863312000009 ) ) ;
#5658 = EDGE_CURVE ( 'NONE', #4991, #3174, #3350, .T. ) ;
#5659 = CARTESIAN_POINT ( 'NONE',  ( 1.462313979973999922, -2.532802109932999812, -3.441552740152999945 ) ) ;
#5660 = ADVANCED_FACE ( 'NONE', ( #5529 ), #3977, .T. ) ;
#5661 = CARTESIAN_POINT ( 'NONE',  ( 2.800417116365000236, 1.286470929784000031E-14, -3.571874999037005782 ) ) ;
#5662 = CARTESIAN_POINT ( 'NONE',  ( 1.934677987109117314, 2.525941981527501046, -1.571696996478900710 ) ) ;
#5663 = FACE_OUTER_BOUND ( 'NONE', #259, .T. ) ;
#5664 = CARTESIAN_POINT ( 'NONE',  ( 0.6231825505962000911, -2.742157970261000166, -2.134549581286823816 ) ) ;
#5665 = CARTESIAN_POINT ( 'NONE',  ( 1.694572249308000211, -2.229957918970999931, -1.438085887029000087 ) ) ;
#5666 = CARTESIAN_POINT ( 'NONE',  ( 0.000000000000000000, -2.816544961612000186, -4.283435765067999945 ) ) ;
#5667 = EDGE_LOOP ( 'NONE', ( #180, #3198 ) ) ;
#5668 = CARTESIAN_POINT ( 'NONE',  ( -0.6508218154640000863, -2.863777599015000064, -2.434888832531000080 ) ) ;
#5669 = CARTESIAN_POINT ( 'NONE',  ( -1.381877776585064055, -2.859327758648673612, -3.402257782299862310 ) ) ;
#5670 = ORIENTED_EDGE ( 'NONE', *, *, #1439, .F. ) ;
#5671 = CARTESIAN_POINT ( 'NONE',  ( -2.778486331853999847, 0.3525636569632999984, -4.454941248795999620 ) ) ;
#5672 = CARTESIAN_POINT ( 'NONE',  ( 2.439199487657000454, -1.408272480806000093, -1.343620950253000323 ) ) ;
#5673 = CARTESIAN_POINT ( 'NONE',  ( -1.236216021826999967, -2.945394473874999974, -4.096516256840000203 ) ) ;
#5674 = CARTESIAN_POINT ( 'NONE',  ( -0.3906384401416574392, -0.1001220863366958785, -1.800000000000000488 ) ) ;
#5675 = EDGE_LOOP ( 'NONE', ( #3315, #5077, #1742, #3839 ) ) ;
#5676 = CARTESIAN_POINT ( 'NONE',  ( -2.253876160782000149, 2.087372884330000122, -3.453151608828000096 ) ) ;
#5677 = CARTESIAN_POINT ( 'NONE',  ( 1.259047450927248901, 2.184465970885645092, 0.000000000000000000 ) ) ;
#5678 = CARTESIAN_POINT ( 'NONE',  ( -2.049999999999999822, -7.400000000000000355, -8.199999999999999289 ) ) ;
#5679 = CARTESIAN_POINT ( 'NONE',  ( -0.9400704429030001252, 3.045349136173000293, -0.8411334942371999635 ) ) ;
#5680 = CARTESIAN_POINT ( 'NONE',  ( 2.500000000000000000, -1.224646799147353207E-16, 0.000000000000000000 ) ) ;
#5681 = DIRECTION ( 'NONE',  ( 0.000000000000000000, -1.000000000000000000, 0.000000000000000000 ) ) ;
#5682 = CARTESIAN_POINT ( 'NONE',  ( -3.168855702086000203, -0.4020978407948000433, -2.021429645006000086 ) ) ;
#5683 = CARTESIAN_POINT ( 'NONE',  ( -1.299293256764071813, -2.897178094325011610, -3.399327506193001280 ) ) ;
#5684 = CARTESIAN_POINT ( 'NONE',  ( -2.055510326824999900, -1.903661165743000039, -1.716975220734999974 ) ) ;
#5685 = CARTESIAN_POINT ( 'NONE',  ( -2.441490250885359092, 0.6248298277225444730, -1.800000000000000711 ) ) ;
#5686 = CARTESIAN_POINT ( 'NONE',  ( -2.686369738734000201, 0.8313870651189000371, -3.263679690936000188 ) ) ;
#5687 = CARTESIAN_POINT ( 'NONE',  ( 2.686369738734000201, 0.8313870651189000371, -1.234236973802999904 ) ) ;
#5688 = CARTESIAN_POINT ( 'NONE',  ( -2.805522078389000029, 0.8682627462805000418, -3.709319914997000645 ) ) ;
#5689 = CARTESIAN_POINT ( 'NONE',  ( -2.448316844033000095, -1.413536388964000023, -3.160300924962995417 ) ) ;
#5690 = DIRECTION ( 'NONE',  ( 0.000000000000000000, 0.000000000000000000, 1.000000000000000000 ) ) ;
#5691 = CARTESIAN_POINT ( 'NONE',  ( 2.938082886548395667, 1.203460235259710798, -3.837477132269539126 ) ) ;
#5692 = CARTESIAN_POINT ( 'NONE',  ( -2.063187188137999950, 1.910770905142000098, -1.065848404927000059 ) ) ;
#5693 = CARTESIAN_POINT ( 'NONE',  ( -1.394994281911000167, 2.416200972537000169, -3.871861690993999794 ) ) ;
#5694 = ORIENTED_EDGE ( 'NONE', *, *, #4200, .F. ) ;
#5695 = VERTEX_POINT ( 'NONE', #276 ) ;
#5696 = CARTESIAN_POINT ( 'NONE',  ( -1.451392261398218864, -2.824319362496561236, -2.699239922162811389 ) ) ;
#5697 = CARTESIAN_POINT ( 'NONE',  ( 1.688261783756999979, -2.221653715575000021, -1.389294961215000068 ) ) ;
#5698 = CARTESIAN_POINT ( 'NONE',  ( -2.386012448309000167, 2.112791043679000058, -4.309521949937000329 ) ) ;
#5699 = CARTESIAN_POINT ( 'NONE',  ( 0.3215944374217097890, -0.2439865121982044138, -1.800000000000000711 ) ) ;
#5700 = ADVANCED_FACE ( 'NONE', ( #4224 ), #3733, .T. ) ;
#5701 = ORIENTED_EDGE ( 'NONE', *, *, #3673, .F. ) ;
#5702 = CARTESIAN_POINT ( 'NONE',  ( -3.035286445374000053, -0.3851491644366000222, -2.649463165004000587 ) ) ;
#5703 = DIRECTION ( 'NONE',  ( 0.000000000000000000, 1.000000000000000000, 0.000000000000000000 ) ) ;
#5704 = CARTESIAN_POINT ( 'NONE',  ( 0.9001966847907512115, -2.332399654168953784, -1.800000000000000266 ) ) ;
#5705 = CARTESIAN_POINT ( 'NONE',  ( 0.7107466043442001169, 3.127461550510000077, -0.9020565525167000276 ) ) ;
#5706 = CARTESIAN_POINT ( 'NONE',  ( 2.627042105678730533, -1.783071265479253542, -1.831173900318491032 ) ) ;
#5707 = CARTESIAN_POINT ( 'NONE',  ( 2.778486331853999847, 0.3525636569632999984, -2.798401021855999815 ) ) ;
#5708 = CYLINDRICAL_SURFACE ( 'NONE', #552, 0.4000000000000000222 ) ;
#5709 = CARTESIAN_POINT ( 'NONE',  ( 1.932654795978000051, -2.543260618536000273, -3.197355570931999846 ) ) ;
#5710 = CARTESIAN_POINT ( 'NONE',  ( -2.793088370158733902, 5.628824887374863322E-16, -4.528945568519694653 ) ) ;
#5711 = CARTESIAN_POINT ( 'NONE',  ( -1.394998557377999937, -2.416208377863999779, -3.095504342188000191 ) ) ;
#5712 = CARTESIAN_POINT ( 'NONE',  ( 2.197608328449703219, 1.240878199727898812, -1.800000000000000711 ) ) ;
#5713 = EDGE_CURVE ( 'NONE', #3115, #1101, #5500, .T. ) ;
#5714 = CARTESIAN_POINT ( 'NONE',  ( 2.448316844033000095, -1.413536388964000023, -2.231560664240999969 ) ) ;
#5715 = VECTOR ( 'NONE', #827, 1000.000000000000000 ) ;
#5716 = CARTESIAN_POINT ( 'NONE',  ( 2.800417116365000236, 0.000000000000000000, -1.266818963461999958 ) ) ;
#5717 = CARTESIAN_POINT ( 'NONE',  ( 1.131990450089999989, 2.697067791798000158, -3.898800825188999841 ) ) ;
#5718 = AXIS2_PLACEMENT_3D ( 'NONE', #1145, #715, #5063 ) ;
#5719 = CARTESIAN_POINT ( 'NONE',  ( 1.694572249308000211, -2.229957918970999931, -2.970789750739005974 ) ) ;
#5720 = LINE ( 'NONE', #1761, #1558 ) ;
#5721 = CARTESIAN_POINT ( 'NONE',  ( 2.245526081785420569, 2.244601955805595406, -3.791344538744513937 ) ) ;
ENDSEC;
END-ISO-10303-21;
